term_id,token,term_frequency,document_frequency
0,bir,3506,706
1,ki,2931,643
2,bu,2709,673
3,nə,1666,463
4,aşıq,1349,52
5,ey,1269,497
6,hər,1225,462
7,ilə,1222,452
8,kim,1173,498
9,mən,1059,370
10,o,999,197
11,i,997,346
12,də,968,183
13,ol,958,443
14,ələsgər,948,102
15,kimi,838,285
16,sən,800,292
17,var,798,269
18,oldu,718,282
19,da,644,99
20,çox,537,208
21,mənim,536,169
22,məni,488,257
23,gün,485,240
24,dedi,481,118
25,can,457,296
26,tək,427,213
27,idi,419,116
28,mənə,412,194
29,olur,354,170
30,onun,342,140
31,sənə,342,175
32,ona,340,155
33,gül,334,185
34,sənin,317,127
35,dеdi,310,14
36,həm,308,152
37,gör,306,191
38,əgər,303,154
39,öz,299,126
40,olsun,297,113
41,ta,296,199
42,gördü,293,87
43,söz,293,86
44,olmaz,292,167
45,gəl,290,145
46,qədər,288,99
47,ola,286,148
48,yox,277,145
49,ya,276,148
50,səni,265,156
51,olub,264,170
52,sonra,263,48
53,çün,261,168
54,eylə,259,162
55,onu,257,111
56,üçün,255,161
57,a,253,52
58,eylər,251,107
59,belə,250,99
60,əhli,249,161
61,ay,248,104
62,biri,248,66
63,heç,245,95
64,yar,245,153
65,gözəl,238,94
66,könül,236,179
67,olan,236,149
68,yüz,236,129
69,gəldi,234,102
70,elə,230,85
71,zaman,230,117
72,iki,223,114
73,min,223,149
74,xoş,223,135
75,ə,222,36
76,füzuli,220,219
77,yaxşı,220,68
78,eşq,213,133
79,etdi,204,109
80,ələsgərin,203,31
81,necə,200,118
82,aldı,199,59
83,gər,195,145
84,qan,188,133
85,mana,186,82
86,və,181,76
87,səndən,180,116
88,gəlib,179,62
89,deyil,178,102
90,qurban,177,106
91,gərək,174,81
92,olmuş,173,96
93,dil,171,139
94,qəm,171,113
95,sana,171,77
96,göz,170,119
97,yoxdur,170,85
98,olar,169,66
99,bil,168,98
100,amma,167,46
101,et,166,107
102,olsa,166,103
103,az,163,68
104,bax,162,64
105,düşdü,161,95
106,qıl,160,125
107,fələk,159,98
108,qara,158,87
109,su,158,72
110,içində,156,93
111,mənəm,154,54
112,yenə,154,81
113,edər,153,89
114,eylədi,153,94
115,ver,152,57
116,əl,152,98
117,könlüm,146,99
118,bilməz,145,75
119,molla,144,26
120,nədir,144,79
121,dəli,143,27
122,nəsimi,143,141
123,şol,143,72
124,indi,142,70
125,sözün,142,69
126,dünyada,141,72
127,şah,141,67
128,xəbər,140,68
129,baş,137,91
130,məndən,137,97
131,gecə,136,74
132,oğul,135,33
133,gördüm,134,90
134,üz,134,74
135,al,133,81
136,kişi,130,39
137,neçə,130,72
138,dəm,129,95
139,görək,129,23
140,ağlarsan,128,1
141,canım,128,87
142,başına,126,66
143,vaqif,126,52
144,şirin,126,96
145,bəy,125,22
146,edib,125,84
147,onda,125,73
148,qıldı,125,89
149,səhər,125,71
150,mey,124,57
151,ondan,124,89
152,sözü,123,63
153,yol,123,69
154,üzün,123,90
155,еlə,123,23
156,həcər,122,12
157,allah,120,52
158,bəs,119,68
159,çünki,119,91
160,elədi,118,23
161,verdi,117,70
162,gəlir,115,70
163,qaldı,115,69
164,tutub,115,71
165,xaqani,115,41
166,nağı,113,8
167,bizə,112,78
168,eşqin,112,97
169,əli,112,58
170,anın,111,79
171,еy,111,53
172,dünya,110,68
173,etmiş,110,70
174,kəs,110,75
175,sübh,110,45
176,ı,108,10
177,şad,108,65
178,l,107,12
179,olmuşam,107,52
180,getdi,106,60
181,məşədi,106,14
182,üstə,106,63
183,aşiq,105,81
184,alı,104,15
185,ağ,104,71
186,dəxi,104,74
187,yoxdu,104,74
188,biz,103,46
189,içrə,103,80
190,olma,103,81
191,ələsgərə,103,18
192,vardır,102,52
193,özü,102,52
194,etmə,101,74
195,günü,101,70
196,istər,101,71
197,gah,100,48
198,yana,100,62
199,ələsgəri,100,32
200,imiş,99,67
201,sazı,99,16
202,budur,98,67
203,oğlu,98,31
204,üzünü,98,50
205,abi,97,86
206,ah,97,76
207,özgə,97,68
208,gözüm,96,71
209,bеlə,95,31
210,həq,95,65
211,oldum,95,71
212,on,95,48
213,adam,94,32
214,isə,94,52
215,məhəmməd,94,26
216,qoy,94,65
217,xanım,94,12
218,idim,93,50
219,о,93,32
220,cümlə,91,74
221,dedilər,91,37
222,dərdi,91,77
223,hеç,90,29
224,nəzər,90,63
225,aləm,89,74
226,özünü,89,49
227,saldı,88,66
228,еlədi,88,8
229,başa,87,39
230,bilir,87,69
231,olmadı,87,51
232,yerdə,87,60
233,bənzər,86,49
234,yola,86,38
235,etdim,85,44
236,görə,85,39
237,hamı,85,40
238,zülfün,85,73
239,əcəb,85,69
240,aləmdə,84,75
241,başladı,84,18
242,daim,84,58
243,dövran,84,62
244,görüb,84,53
245,gündə,84,43
246,sabah,84,17
247,tez,84,46
248,cahan,83,67
249,onlar,83,36
250,an,82,46
251,anaxanım,82,5
252,ancaq,82,54
253,məgər,82,63
254,yetər,82,45
255,çıxdı,82,49
256,özün,82,58
257,ağa,81,32
258,günəş,81,48
259,lə,81,66
260,qoydu,81,34
261,üç,81,46
262,bunu,80,40
263,dərd,80,60
264,yerə,80,49
265,şahi,80,56
266,kimsə,79,70
267,əlindən,79,56
268,dost,78,58
269,insan,78,50
270,kalvayı,78,12
271,çəkər,78,51
272,dili,77,64
273,gərçi,77,69
274,badə,76,43
275,bundan,76,43
276,camaat,76,11
277,daha,76,39
278,dəfə,76,25
279,dərman,76,67
280,niyə,76,30
281,tamam,76,51
282,bütün,75,32
283,at,74,39
284,dörd,74,46
285,gələn,74,44
286,il,73,43
287,toy,73,14
288,bizim,72,41
289,hələ,72,32
290,mə,72,59
291,r,72,15
292,şair,72,16
293,canı,71,59
294,saqi,71,45
295,surəti,71,65
296,sərvi,71,63
297,tutdu,71,47
298,yer,71,52
299,bəşir,70,7
300,canan,70,43
301,düşər,70,44
302,od,70,45
303,zülfü,70,64
304,bəlkə,69,41
305,görən,69,36
306,pünhan,69,59
307,sənsən,69,56
308,vidadi,69,5
309,çəkdi,69,56
310,dərdə,68,60
311,hüseyn,68,8
312,verib,68,45
313,yoxsa,68,49
314,axır,67,52
315,cahanda,67,58
316,degil,67,48
317,görəndə,67,34
318,soruşdu,67,16
319,tut,67,46
320,xəstə,67,63
321,üzünə,67,42
322,şəm,67,51
323,cavab,66,28
324,cəm,66,63
325,durur,66,16
326,gözü,66,54
327,iş,66,32
328,nola,66,51
329,qulaq,66,26
330,sgəndər,66,12
331,adı,65,45
332,ala,65,56
333,canımı,65,51
334,dilləndi,65,14
335,nədən,65,29
336,sultan,65,46
337,verir,65,41
338,xǝtai,65,54
339,çəkib,65,47
340,bülbül,64,58
341,dünyanın,64,48
342,xaki,64,57
343,dünyanı,63,49
344,hicran,63,51
345,kərəm,63,49
346,nur,63,49
347,sözünü,63,33
348,yanına,63,19
349,yanında,63,43
350,yolunda,63,56
351,çıxar,63,33
352,ələsgərəm,63,55
353,de,62,32
354,gələndə,62,28
355,heyvan,62,49
356,rəvan,62,55
357,yəqin,62,48
358,alıb,61,47
359,götürdü,61,24
360,hanı,61,33
361,həmişə,61,40
362,mərd,61,29
363,pərişan,61,54
364,yazıq,61,43
365,üstünə,61,39
366,üzrə,61,45
367,söhbət,60,29
368,sənsiz,60,28
369,üzü,60,49
370,başqa,59,25
371,bircə,59,30
372,dedim,59,41
373,götürüb,59,21
374,gəlin,59,24
375,s,59,11
376,ayrı,58,42
377,bəli,58,34
378,haqq,58,43
379,həsrət,58,44
380,nuri,58,53
381,nədi,58,18
382,qoca,58,20
383,sizə,58,32
384,çeşmi,58,51
385,böylə,57,47
386,düz,57,32
387,edə,57,52
388,eylədim,57,34
389,görüm,57,29
390,gəlməz,57,25
391,hal,57,51
392,heyran,57,49
393,pəri,57,37
394,tər,57,49
395,tərk,57,50
396,yaman,57,46
397,zər,57,46
398,ş,57,12
399,aləmə,56,40
400,ana,56,42
401,başı,56,45
402,bəri,56,32
403,cami,56,50
404,deyir,56,27
405,dilbər,56,46
406,dur,56,45
407,eylərəm,56,41
408,qul,56,50
409,qız,56,21
410,sahibi,56,45
411,zar,56,48
412,d,55,7
413,eyləmə,55,36
414,ikən,55,46
415,könlümü,55,44
416,lütf,55,50
417,sağ,55,33
418,ələ,55,33
419,aləmi,54,47
420,beş,54,29
421,camalın,54,48
422,düşüb,54,47
423,edən,54,44
424,güli,54,52
425,hiç,54,51
426,keçdi,54,34
427,nеcə,54,26
428,saz,54,28
429,səba,54,47
430,tutar,54,28
431,açdı,53,40
432,döndü,53,25
433,edir,53,31
434,etmək,53,35
435,gördülər,53,16
436,görünür,53,29
437,gözün,53,50
438,gələ,53,22
439,ndi,53,34
440,pul,53,20
441,tərəf,53,34
442,xan,53,22
443,yеnə,53,13
444,zahid,53,49
445,üstündə,53,35
446,əmi,53,10
447,işi,52,38
448,mələk,52,48
449,səri,52,49
450,xəlq,52,40
451,çək,52,37
452,əyan,52,42
453,оl,52,24
454,açıb,51,36
455,bəla,51,47
456,bəndini,51,11
457,ha,51,27
458,hansı,51,33
459,hasil,51,45
460,hǝr,51,31
461,q,51,6
462,qafil,51,47
463,qoyub,51,42
464,vəli,51,49
465,ötrü,51,19
466,şəkər,51,44
467,ayinə,50,12
468,gözəllər,50,35
469,gəlsin,50,29
470,qalmadı,50,33
471,sazını,50,12
472,verər,50,32
473,yad,50,40
474,özünə,50,32
475,bilmədi,49,21
476,böyük,49,28
477,cavad,49,1
478,hüsnün,49,42
479,izhar,49,37
480,leyk,49,36
481,qəmi,49,44
482,sarı,49,23
483,siz,49,21
484,zülfi,49,46
485,şey,49,29
486,bildi,48,38
487,deyib,48,36
488,dust,48,29
489,gündən,48,38
490,gətir,48,27
491,gətirdi,48,30
492,ləbi,48,46
493,ləbin,48,45
494,ləhzə,48,37
495,məcnun,48,45
496,saçın,48,44
497,çay,48,20
498,ərz,48,36
499,alının,47,4
500,artıq,47,34
501,dəyər,47,17
502,gəldin,47,14
503,hamısı,47,20
504,odur,47,33
505,olaydı,47,16
506,olmasa,47,36
507,pişik,47,7
508,sənəm,47,36
509,tərif,47,17
510,tеz,47,12
511,burada,46,15
512,cana,46,39
513,dağlar,46,26
514,deyin,46,11
515,dövlət,46,36
516,düşmüşəm,46,20
517,dərdü,46,43
518,müdam,46,42
519,nеçə,46,21
520,qızıl,46,31
521,sirri,46,38
522,söylə,46,34
523,vеrdi,46,14
524,yan,46,40
525,əsədullah,46,2
526,əzizlərim,46,11
527,axşam,45,22
528,göy,45,35
529,iman,45,38
530,mülki,45,40
531,oğlan,45,16
532,qılır,45,43
533,rüxün,45,34
534,salıb,45,39
535,xəncər,45,12
536,yara,45,29
537,yarı,45,35
538,aşiqi,44,42
539,cam,44,31
540,düşmən,44,26
541,eyləyib,44,38
542,görmədim,44,23
543,istərəm,44,18
544,məst,44,29
545,qəza,44,33
546,sanma,44,40
547,səfa,44,35
548,tərki,44,41
549,vəfa,44,36
550,xar,44,32
551,yandı,44,35
552,bahar,43,36
553,birisi,43,29
554,bizi,43,33
555,cəfa,43,38
556,durub,43,37
557,dе,43,8
558,eşqə,43,38
559,g,43,8
560,get,43,23
561,olmaq,43,39
562,qaşın,43,41
563,rəhm,43,41
564,sal,43,35
565,səndə,43,38
566,vəslin,43,38
567,yavaş,43,8
568,yeri,43,34
569,əvvəl,43,35
570,ara,42,34
571,arif,42,38
572,buna,42,28
573,bəyan,42,34
574,cavan,42,31
575,fikir,42,19
576,gündüz,42,33
577,həqdən,42,32
578,istəməz,42,17
579,mah,42,39
580,məndə,42,33
581,nalə,42,33
582,qəlbi,42,35
583,qələm,42,32
584,sa,42,23
585,sanki,42,29
586,vaxt,42,25
587,vurdu,42,38
588,yaşı,42,35
589,atəşi,41,37
590,başını,41,33
591,candan,41,36
592,cənnət,41,37
593,dağ,41,32
594,dilə,41,28
595,dərdim,41,34
596,el,41,35
597,hərdəm,41,36
598,inan,41,14
599,ləli,41,40
600,qeyri,41,26
601,qəbul,41,30
602,qəmdən,41,35
603,qəmər,41,36
604,ruzi,41,35
605,torpaq,41,21
606,yarın,41,34
607,şükr,41,38
608,əzəldən,41,33
609,anı,40,35
610,atını,40,17
611,canü,40,36
612,daş,40,32
613,doğru,40,34
614,eləyib,40,20
615,eyləməz,40,34
616,gülə,40,24
617,gələr,40,33
618,həmin,40,20
619,mahi,40,37
620,mal,40,20
621,məclis,40,23
622,olubdur,40,35
623,rəhim,40,5
624,seyr,40,36
625,səbr,40,25
626,zahir,40,34
627,əlin,40,36
628,əlində,40,32
629,altı,39,20
630,bеş,39,12
631,dana,39,17
632,götür,39,32
633,ilən,39,31
634,işə,39,26
635,kimin,39,28
636,nihan,39,37
637,odu,39,29
638,surətin,39,33
639,təzə,39,25
640,xoşdur,39,20
641,ürək,39,25
642,alır,38,36
643,aşiqə,38,36
644,canını,38,33
645,deyim,38,21
646,etsə,38,29
647,fəda,38,23
648,həyat,38,32
649,işin,38,27
650,kəsə,38,31
651,parə,38,24
652,tərəfə,38,23
653,yanar,38,25
654,zülm,38,35
655,şərab,38,25
656,ələsgərdən,38,17
657,adını,37,23
658,alməmməd,37,2
659,ayə,37,28
660,başında,37,26
661,burda,37,15
662,bəhri,37,33
663,canə,37,34
664,cür,37,26
665,dal,37,24
666,darı,37,7
667,düşdüm,37,32
668,dеyil,37,19
669,getmə,37,16
670,gеtdi,37,11
671,halı,37,34
672,kamil,37,32
673,saat,37,21
674,sǝn,37,20
675,uzun,37,33
676,viran,37,35
677,çarə,37,35
678,çörək,37,18
679,ələsgərlə,37,14
680,əsər,37,32
681,adamlar,36,15
682,ahü,36,32
683,azad,36,30
684,bağrım,36,31
685,deyə,36,28
686,deyən,36,33
687,ehsan,36,32
688,eyləyən,36,27
689,fikri,36,35
690,gecələr,36,26
691,gedib,36,23
692,gövhər,36,30
693,könlümün,36,32
694,oxudu,36,12
695,pak,36,29
696,qoyma,36,32
697,qönçə,36,34
698,vaxtı,36,20
699,vermə,36,28
700,yada,36,29
701,yaz,36,26
702,yolda,36,31
703,çıxıb,36,30
704,еylə,36,27
705,ayaq,35,27
706,açıldı,35,23
707,bala,35,18
708,bağ,35,27
709,dar,35,31
710,derlər,35,17
711,gözlərin,35,29
712,həmdəm,35,31
713,nar,35,28
714,oldur,35,26
715,qılma,35,34
716,qərq,35,29
717,rəngi,35,30
718,siyah,35,31
719,sözləri,35,22
720,süleyman,35,29
721,uş,35,24
722,xəyal,35,29
723,çıxartdı,35,11
724,üzündə,35,32
725,ələsgərgil,35,10
726,allaha,34,22
727,arasında,34,15
728,aya,34,26
729,badi,34,30
730,bal,34,25
731,birinə,34,24
732,budu,34,27
733,bəzmi,34,29
734,dərdinə,34,30
735,dеyir,34,15
736,eşqi,34,31
737,görmüşəm,34,18
738,gözümdən,34,28
739,hənuz,34,13
740,kişinin,34,12
741,lalə,34,32
742,musa,34,29
743,oldun,34,25
744,olmasın,34,19
745,qoymaz,34,29
746,qızı,34,11
747,çü,34,30
748,özüm,34,25
749,şam,34,24
750,əhlinə,34,29
751,əşi,34,9
752,arvad,33,13
753,ağır,33,24
754,bərabər,33,24
755,eyləmiş,33,21
756,gözləri,33,27
757,hali,33,31
758,hesab,33,22
759,kеçdi,33,14
760,nazik,33,19
761,nişan,33,26
762,olmuşdur,33,21
763,onların,33,22
764,sirrini,33,30
765,sərv,33,31
766,tazə,33,28
767,verə,33,29
768,verən,33,27
769,xeyli,33,28
770,yarə,33,28
771,yolu,33,27
772,çəkmə,33,30
773,əldən,33,31
774,əşk,33,31
775,adlı,32,11
776,ağlar,32,21
777,aşikar,32,29
778,başdan,32,29
779,bilmirəm,32,22
780,cahanı,32,27
781,dağı,32,17
782,deyiləm,32,16
783,din,32,29
784,dərdin,32,27
785,etməz,32,25
786,gözdən,32,28
787,hey,32,20
788,hörmət,32,25
789,kimə,32,25
790,kömək,32,22
791,lakin,32,22
792,li,32,30
793,onlara,32,25
794,pulu,32,9
795,qardaş,32,22
796,qayıtdı,32,11
797,qaşların,32,26
798,qıj,32,2
799,söyün,32,2
800,sözüm,32,26
801,vey,32,10
802,yaradan,32,21
803,yerdən,32,30
804,yəni,32,29
805,yеrə,32,12
806,zövq,32,26
807,çərxi,32,29
808,əlbəttə,32,32
809,əldə,32,28
810,əmə,32,4
811,əql,32,27
812,adın,31,27
813,ayağa,31,22
814,baxdı,31,16
815,birdən,31,19
816,bunlar,31,15
817,dövləti,31,25
818,dövri,31,26
819,dərya,31,27
820,etdin,31,22
821,gərəkdir,31,19
822,kor,31,29
823,külli,31,22
824,kəm,31,29
825,kəsildi,31,13
826,layiq,31,31
827,lazım,31,22
828,necin,31,2
829,olduğun,31,17
830,qalıb,31,22
831,qanı,31,29
832,surət,31,30
833,tapdı,31,27
834,xəndan,31,27
835,yarım,31,28
836,zövqi,31,29
837,zərrə,31,24
838,ən,31,20
839,ad,30,26
840,aç,30,29
841,bilər,30,18
842,bunca,30,27
843,bunun,30,22
844,bəyin,30,12
845,demə,30,26
846,dönüb,30,23
847,dövr,30,26
848,dərdimə,30,28
849,edim,30,23
850,fani,30,24
851,fəğan,30,29
852,gedər,30,26
853,göyçəyə,30,11
854,gənci,30,26
855,gərəkməz,30,7
856,gəz,30,22
857,həqq,30,23
858,işim,30,26
859,kağız,30,10
860,mümkün,30,25
861,nərgisi,30,28
862,oduna,30,28
863,pərvanə,30,25
864,qabağına,30,14
865,qana,30,25
866,qanlı,30,24
867,qaşı,30,26
868,torpağa,30,22
869,xuda,30,28
870,yarəb,30,26
871,yeddi,30,23
872,ölüm,30,21
873,üzündən,30,26
874,şahın,30,17
875,şər,30,27
876,еylədi,30,18
877,asiman,29,22
878,dalınca,29,12
879,demək,29,20
880,dilim,29,26
881,dünyaya,29,24
882,guya,29,28
883,görəsən,29,17
884,göyçə,29,18
885,hüsnünə,29,26
886,köpək,29,8
887,kəbə,29,20
888,məclisdə,29,19
889,oxu,29,18
890,qoyun,29,19
891,qədəm,29,28
892,sayə,29,28
893,səcdə,29,25
894,toya,29,8
895,tən,29,25
896,varmı,29,11
897,vəsli,29,20
898,xəlqə,29,26
899,yaş,29,25
900,adım,28,24
901,aparır,28,8
902,axı,28,14
903,açılsın,28,15
904,aşiqin,28,25
905,bağlı,28,20
906,başın,28,25
907,bilən,28,25
908,bizdən,28,24
909,dilər,28,25
910,dodağın,28,25
911,eylədin,28,16
912,görsə,28,25
913,gözünü,28,22
914,gülüstan,28,25
915,gəh,28,16
916,gəlmədi,28,12
917,h,28,5
918,hacı,28,10
919,hara,28,14
920,huri,28,24
921,hərgiz,28,23
922,hərə,28,17
923,həsrətindən,28,24
924,ilǝ,28,20
925,kimdir,28,24
926,könlü,28,25
927,kəsdi,28,22
928,nǝ,28,22
929,qalan,28,23
930,qılmış,28,24
931,qılıb,28,26
932,qəmin,28,26
933,razı,28,17
934,salmış,28,27
935,sirr,28,24
936,sual,28,24
937,sədəf,28,22
938,tamaşa,28,19
939,türfə,28,26
940,ustad,28,24
941,yaraşır,28,20
942,yoldan,28,21
943,zəhmət,28,23
944,çak,28,21
945,çatanda,28,15
946,ənbər,28,26
947,еşitdi,28,7
948,adəm,27,26
949,birini,27,14
950,boyun,27,26
951,bədən,27,21
952,bəsdir,27,17
953,dolu,27,24
954,dosta,27,23
955,düşəndə,27,21
956,dəstə,27,14
957,dеyim,27,15
958,etmədi,27,18
959,etməyə,27,22
960,eşqində,27,23
961,fəzli,27,22
962,göndərdi,27,16
963,güldü,27,22
964,halın,27,24
965,hazır,27,15
966,kimdən,27,15
967,kimidi,27,6
968,kəndin,27,10
969,meyi,27,23
970,müşkünaz,27,1
971,məhv,27,20
972,nağıya,27,4
973,olasan,27,22
974,onları,27,22
975,pis,27,20
976,qanda,27,26
977,qərar,27,25
978,saf,27,24
979,sübhü,27,13
980,səhnəbanı,27,1
981,sərbəsər,27,19
982,səsi,27,18
983,təki,27,24
984,uzaq,27,24
985,uşaq,27,20
986,yolun,27,22
987,yusifi,27,27
988,zəmanə,27,21
989,çoxdur,27,23
990,ürəyim,27,12
991,şahı,27,23
992,еləyib,27,8
993,acı,26,23
994,aman,26,22
995,asan,26,23
996,atdı,26,21
997,bilsin,26,25
998,buldu,26,23
999,bəndi,26,17
1000,cani,26,24
1001,danışma,26,11
1002,dedin,26,11
1003,didar,26,19
1004,dəhr,26,24
1005,dəmbədəm,26,26
1006,dərs,26,24
1007,eyləsin,26,23
1008,feyzi,26,24
1009,giryan,26,24
1010,göydə,26,19
1011,göyçənin,26,9
1012,göyə,26,22
1013,gеcə,26,11
1014,hüsni,26,19
1015,istədi,26,17
1016,kuyində,26,25
1017,könlümə,26,18
1018,mö,26,23
1019,mǝn,26,21
1020,məhi,26,25
1021,nadan,26,26
1022,naz,26,23
1023,oda,26,24
1024,qamu,26,24
1025,qar,26,20
1026,qədəh,26,21
1027,qətrə,26,18
1028,rəva,26,24
1029,saqın,26,18
1030,sinəsinə,26,13
1031,sor,26,18
1032,söylədi,26,22
1033,tüfəng,26,9
1034,tə,26,24
1035,tələb,26,22
1036,xak,26,18
1037,xali,26,25
1038,xоş,26,9
1039,yandan,26,16
1040,zülfünə,26,22
1041,zərrəcə,26,25
1042,çeşmim,26,25
1043,özündən,26,21
1044,ünsüri,26,3
1045,şeytan,26,20
1046,əzəl,26,24
1047,еvə,26,8
1048,ahu,25,19
1049,arzular,25,8
1050,as,25,11
1051,baxma,25,18
1052,canıma,25,21
1053,dala,25,12
1054,der,25,24
1055,dün,25,24
1056,dünyadan,25,21
1057,dən,25,20
1058,dərdimi,25,20
1059,görcək,25,17
1060,gövhəri,25,23
1061,gülü,25,23
1062,gülün,25,16
1063,gəldilər,25,14
1064,hardasan,25,3
1065,hicr,25,24
1066,hüsn,25,24
1067,həqqi,25,24
1068,inci,25,19
1069,mindi,25,12
1070,mütləq,25,23
1071,məclisə,25,15
1072,məhşər,25,21
1073,neçün,25,17
1074,olmaram,25,8
1075,olsan,25,22
1076,olubdu,25,20
1077,olum,25,22
1078,qohum,25,14
1079,qılan,25,21
1080,rəng,25,21
1081,salma,25,18
1082,seyyid,25,23
1083,sərasər,25,23
1084,tapar,25,20
1085,tərlan,25,23
1086,vəslinə,25,22
1087,xəbərin,25,13
1088,xəlqi,25,19
1089,ədalət,25,23
1090,əşki,25,23
1091,afərin,24,20
1092,ata,24,19
1093,atdan,24,9
1094,atı,24,12
1095,ayağı,24,18
1096,baği,24,17
1097,bağrımı,24,22
1098,bildim,24,24
1099,canlar,24,20
1100,cövhəri,24,21
1101,dastan,24,19
1102,dildən,24,24
1103,düşdülər,24,11
1104,dəf,24,20
1105,dəva,24,23
1106,fəhm,24,19
1107,fələyin,24,18
1108,gözə,24,22
1109,güman,24,21
1110,günün,24,15
1111,gətirib,24,19
1112,halə,24,21
1113,hayıf,24,8
1114,hicrin,24,23
1115,isən,24,21
1116,işlər,24,20
1117,könlünü,24,22
1118,kəndində,24,10
1119,malı,24,20
1120,meyl,24,22
1121,mikayıl,24,3
1122,məhəbbət,24,20
1123,natəvan,24,20
1124,ney,24,20
1125,nökər,24,11
1126,növ,24,19
1127,olacaq,24,13
1128,olsaydı,24,15
1129,oxşar,24,17
1130,pay,24,20
1131,peyda,24,16
1132,qabaq,24,19
1133,qaldım,24,23
1134,qarşı,24,18
1135,qiyamət,24,23
1136,quran,24,18
1137,qədrini,24,13
1138,qəlbim,24,19
1139,rast,24,20
1140,ruhi,24,22
1141,seyri,24,21
1142,suyu,24,19
1143,sözə,24,19
1144,tufan,24,19
1145,təbib,24,23
1146,xumar,24,20
1147,xəta,24,19
1148,yari,24,18
1149,çəkir,24,19
1150,öküz,24,9
1151,ömrüm,24,22
1152,ömür,24,19
1153,üzüm,24,19
1154,şux,24,24
1155,şükür,24,19
1156,əlini,24,20
1157,əlinə,24,19
1158,əlvan,24,21
1159,aqil,23,18
1160,aslan,23,19
1161,ağzı,23,20
1162,bihudə,23,22
1163,bivəfa,23,22
1164,bülbüli,23,23
1165,canın,23,20
1166,cüda,23,20
1167,deyər,23,17
1168,durdu,23,15
1169,dеyin,23,3
1170,elm,23,19
1171,evdə,23,16
1172,fərman,23,18
1173,görməmişəm,23,14
1174,gözlərim,23,22
1175,güllər,23,22
1176,günə,23,20
1177,gəda,23,19
1178,hatəm,23,10
1179,hünər,23,18
1180,hеsab,23,12
1181,ilan,23,20
1182,kar,23,21
1183,keç,23,14
1184,köhnə,23,22
1185,kövsər,23,22
1186,kəndə,23,13
1187,manat,23,6
1188,mətləb,23,21
1189,nahaq,23,20
1190,niqab,23,21
1191,nəfəs,23,20
1192,olanda,23,19
1193,oldular,23,20
1194,onunla,23,15
1195,ox,23,19
1196,qanın,23,21
1197,qatar,23,16
1198,qonşu,23,13
1199,quş,23,20
1200,qış,23,20
1201,rəb,23,14
1202,salar,23,19
1203,seyyida,23,23
1204,sizi,23,12
1205,tənə,23,21
1206,ucundan,23,20
1207,vermiş,23,21
1208,vurar,23,18
1209,vurub,23,23
1210,yadına,23,15
1211,yay,23,20
1212,yaşım,23,21
1213,çeşmeyi,23,22
1214,çin,23,21
1215,öylə,23,20
1216,üzə,23,17
1217,şahlar,23,17
1218,əməl,23,23
1219,ər,23,20
1220,ərşi,23,21
1221,əsir,23,21
1222,əta,23,21
1223,еvinə,23,7
1224,ac,22,18
1225,adama,22,11
1226,ali,22,19
1227,anaxanımın,22,3
1228,and,22,15
1229,artar,22,14
1230,atın,22,14
1231,axırda,22,17
1232,ağzını,22,14
1233,barı,22,18
1234,basdı,22,13
1235,baxanda,22,19
1236,bəxş,22,14
1237,bəşirə,22,7
1238,cananə,22,20
1239,cüt,22,12
1240,dad,22,20
1241,dilbərin,22,20
1242,dilərsən,22,12
1243,doludur,22,10
1244,dönə,22,11
1245,dövründə,22,16
1246,düşən,22,21
1247,dəmadəm,22,19
1248,dəyməz,22,12
1249,edərəm,22,16
1250,eyləyir,22,20
1251,eşitdi,22,14
1252,faş,22,20
1253,fəqr,22,18
1254,gizli,22,21
1255,gözlə,22,8
1256,gözəllərin,22,21
1257,güllə,22,8
1258,gəlmişəm,22,17
1259,gəlsə,22,21
1260,gеdib,22,8
1261,halım,22,21
1262,halını,22,20
1263,haradan,22,14
1264,harda,22,17
1265,hikmət,22,19
1266,hüsnü,22,21
1267,həkim,22,14
1268,həmid,22,3
1269,içindəyəm,22,4
1270,içəri,22,7
1271,kuyin,22,22
1272,könlün,22,22
1273,kəndinə,22,12
1274,lap,22,12
1275,m,22,7
1276,mehman,22,16
1277,meydan,22,13
1278,müddət,22,14
1279,müşkül,22,20
1280,mərdi,22,21
1281,məsti,22,15
1282,naleyi,22,20
1283,nara,22,14
1284,nsan,22,16
1285,nəsiminin,22,22
1286,oynar,22,7
1287,qılmaz,22,15
1288,qılsa,22,17
1289,qədr,22,19
1290,rvaham,22,4
1291,salır,22,20
1292,sin,22,13
1293,sinə,22,17
1294,sultanı,22,19
1295,torpağı,22,11
1296,tərəfdən,22,16
1297,vardı,22,18
1298,verməz,22,14
1299,vəsfini,22,18
1300,vəsl,22,20
1301,vətən,22,18
1302,xalın,22,18
1303,xanə,22,12
1304,xələt,22,19
1305,xəyali,22,21
1306,xеyir,22,11
1307,yanağın,22,22
1308,yandırdı,22,20
1309,şaha,22,18
1310,şəfa,22,17
1311,şəhi,22,19
1312,şərh,22,18
1313,əbəd,22,21
1314,əlli,22,14
1315,əsiri,22,21
1316,əsli,22,21
1317,еylər,22,17
1318,ahim,21,21
1319,alim,21,15
1320,andan,21,18
1321,apardı,21,18
1322,aqibət,21,20
1323,ar,21,21
1324,atlı,21,8
1325,aydır,21,18
1326,ağlı,21,16
1327,bari,21,19
1328,baxıb,21,18
1329,bağlama,21,12
1330,bağı,21,18
1331,başladılar,21,10
1332,başım,21,18
1333,bilirsən,21,16
1334,bilirəm,21,17
1335,birin,21,14
1336,birinin,21,14
1337,boş,21,16
1338,c9,21,3
1339,cismi,21,21
1340,derəm,21,8
1341,didarına,21,4
1342,dostun,21,15
1343,doğrudan,21,13
1344,düşərmi,21,5
1345,dəmi,21,19
1346,dеsin,21,7
1347,etdilər,21,14
1348,eyləmək,21,14
1349,fazil,21,5
1350,geri,21,10
1351,haman,21,18
1352,hava,21,18
1353,köynəyinə,21,10
1354,mehri,21,17
1355,meydana,21,15
1356,möhnəti,21,20
1357,məh,21,19
1358,məlum,21,18
1359,n,21,6
1360,nəfər,21,21
1361,nəqşi,21,20
1362,odlu,21,19
1363,olu,21,10
1364,olun,21,9
1365,orda,21,15
1366,qala,21,16
1367,qurbanın,21,6
1368,qəddi,21,19
1369,qəmzə,21,20
1370,rahət,21,20
1371,sevər,21,12
1372,söhbəti,21,15
1373,sözlərin,21,13
1374,sözünə,21,18
1375,sǝnin,21,18
1376,tapıb,21,17
1377,tari,21,18
1378,tutmuş,21,19
1379,tökülür,21,12
1380,təkcə,21,19
1381,vasil,21,19
1382,vay,21,18
1383,verdim,21,21
1384,versə,21,20
1385,vüsalın,21,19
1386,xeyr,21,13
1387,xürrəm,21,19
1388,xızr,21,20
1389,xəm,21,21
1390,yazdı,21,13
1391,yağış,21,12
1392,yeksan,21,12
1393,yetişdi,21,16
1394,yolunu,21,14
1395,yolçu,21,2
1396,zalım,21,16
1397,zinhar,21,19
1398,çatdı,21,15
1399,çıxan,21,19
1400,şan,21,15
1401,şirvan,21,16
1402,şəmi,21,21
1403,şərif,21,4
1404,əhsən,21,19
1405,əksi,21,20
1406,əla,21,19
1407,əmma,21,21
1408,əqli,21,17
1409,əsla,21,18
1410,əyri,21,18
1411,afitab,20,20
1412,amandı,20,8
1413,aradan,20,14
1414,arizi,20,15
1415,ayağın,20,20
1416,ağkilsə,20,9
1417,bayram,20,14
1418,bağladı,20,19
1419,başıma,20,17
1420,behişt,20,14
1421,cahanın,20,15
1422,cövr,20,19
1423,danışdı,20,10
1424,deyəsən,20,15
1425,dilin,20,20
1426,durmuş,20,12
1427,düşman,20,18
1428,dər,20,16
1429,elmi,20,16
1430,evində,20,14
1431,eylərsən,20,10
1432,fikirləşdi,20,10
1433,gerçək,20,11
1434,görün,20,18
1435,görər,20,15
1436,gözünə,20,19
1437,gəzər,20,19
1438,hamısını,20,11
1439,həsən,20,14
1440,həzər,20,18
1441,keçən,20,16
1442,kəlmə,20,16
1443,kəmali,20,17
1444,lin,20,18
1445,lütfü,20,18
1446,ləzzət,20,16
1447,mişkin,20,20
1448,münkir,20,19
1449,müttəsil,20,20
1450,müştaq,20,18
1451,məclisində,20,14
1452,mələklər,20,18
1453,mərdana,20,16
1454,mərifət,20,18
1455,ni,20,18
1456,qardaşı,20,11
1457,qismət,20,18
1458,qorxuram,20,18
1459,qırmızı,20,13
1460,ruh,20,16
1461,səbəbdən,20,20
1462,sərdar,20,10
1463,sərxoş,20,13
1464,tapılmaz,20,12
1465,tay,20,16
1466,tiği,20,16
1467,töküb,20,18
1468,təmə,20,3
1469,vaqifi,20,10
1470,vüsal,20,14
1471,vəh,20,18
1472,vеrir,20,11
1473,xəbərdar,20,20
1474,yaşıl,20,13
1475,yerinə,20,14
1476,yusif,20,19
1477,yеddi,20,10
1478,zamana,20,16
1479,zəhi,20,17
1480,çoxu,20,11
1481,çıxır,20,17
1482,çəkilib,20,17
1483,çəkə,20,12
1484,çəkən,20,18
1485,ömr,20,19
1486,şikar,20,19
1487,əhməd,20,9
1488,ərzi,20,17
1489,adət,19,19
1490,altında,19,17
1491,arizin,19,19
1492,ayrılır,19,4
1493,ağkilsəyə,19,9
1494,ağıl,19,13
1495,aşiqəm,19,10
1496,bar,19,13
1497,bidar,19,18
1498,biçarə,19,18
1499,bulunmaz,19,7
1500,bunların,19,10
1501,bə,19,8
1502,bərgi,19,16
1503,canımız,19,8
1504,cigər,19,18
1505,cəfərqulu,19,1
1506,daği,19,17
1507,dideyi,19,18
1508,divanə,19,14
1509,dolanır,19,13
1510,doldu,19,16
1511,dünən,19,16
1512,dürri,19,19
1513,düşsə,19,17
1514,dədə,19,6
1515,dərdini,19,15
1516,dərin,19,16
1517,dеyər,19,13
1518,edirəm,19,13
1519,etibar,19,16
1520,fəna,19,16
1521,fəxr,19,13
1522,gahi,19,10
1523,görmək,19,16
1524,görməz,19,15
1525,göylərə,19,19
1526,gözdə,19,6
1527,gözlər,19,16
1528,gözündən,19,18
1529,gözələ,19,9
1530,gülzar,19,16
1531,gülşən,19,17
1532,gǝldi,19,8
1533,gərdən,19,16
1534,hadi,19,1
1535,həya,19,19
1536,ilahi,19,16
1537,iç,19,9
1538,içim,19,13
1539,kamal,19,15
1540,kağızı,19,4
1541,kaş,19,16
1542,key,19,16
1543,keçər,19,15
1544,kə,19,16
1545,kəndindən,19,11
1546,kəsin,19,14
1547,lövhi,19,19
1548,ləbindən,19,18
1549,ləblərin,19,19
1550,maral,19,13
1551,münəvvər,19,19
1552,mədəd,19,9
1553,məlamət,19,18
1554,məna,19,17
1555,mərdan,19,17
1556,mərdümi,19,17
1557,məskən,19,17
1558,nişana,19,12
1559,olanlar,19,16
1560,olmadan,19,11
1561,olmaya,19,15
1562,olsam,19,19
1563,pir,19,16
1564,qalmışam,19,17
1565,qalsın,19,12
1566,qalır,19,18
1567,qiymət,19,18
1568,qızın,19,7
1569,qəlbinə,19,15
1570,qəmindən,19,17
1571,qəmzən,19,18
1572,reyhan,19,19
1573,ruzigar,19,16
1574,sazın,19,12
1575,sidq,19,18
1576,sinəm,19,18
1577,sizin,19,15
1578,səd,19,16
1579,tab,19,19
1580,top,19,18
1581,tökər,19,18
1582,təkrar,19,18
1583,versin,19,16
1584,xalq,19,15
1585,xırda,19,10
1586,xəyalın,19,17
1587,xəzan,19,13
1588,yaxşılıq,19,9
1589,yetdi,19,17
1590,yеri,19,10
1591,zülfünü,19,16
1592,çoxdu,19,16
1593,ümidim,19,17
1594,üryan,19,14
1595,əgərçi,19,19
1596,əlimdən,19,15
1597,ahım,18,17
1598,almaq,18,12
1599,atası,18,8
1600,ayna,18,16
1601,aşıqlar,18,9
1602,aşığam,18,10
1603,baxın,18,7
1604,bağrı,18,17
1605,başından,18,16
1606,bidad,18,18
1607,bilmədim,18,11
1608,bimürvət,18,18
1609,boyu,18,16
1610,büti,18,16
1611,bəd,18,17
1612,bəhs,18,11
1613,bəladır,18,18
1614,bəndə,18,16
1615,bəşər,18,17
1616,cövrü,18,17
1617,daşı,18,17
1618,di,18,12
1619,dildar,18,15
1620,dönər,18,17
1621,dünyayə,18,17
1622,düşmüş,18,16
1623,düşsün,18,15
1624,düşərsən,18,4
1625,dəhrdə,18,17
1626,dərdli,18,14
1627,fərhad,18,18
1628,gedən,18,13
1629,göydən,18,16
1630,gülzari,18,16
1631,gəldim,18,15
1632,gəlmiş,18,17
1633,gərəkdi,18,7
1634,gеt,18,7
1635,halına,18,16
1636,hamınızın,18,9
1637,hardan,18,15
1638,it,18,10
1639,içinə,18,10
1640,içər,18,10
1641,kənar,18,17
1642,lazımdı,18,17
1643,mina,18,18
1644,müsəlman,18,17
1645,müşgünaz,18,2
1646,nagəh,18,17
1647,nağının,18,3
1648,nöqsan,18,15
1649,nəyə,18,15
1650,orada,18,11
1651,qamətin,18,18
1652,qanan,18,6
1653,qansı,18,5
1654,qarə,18,17
1655,qaçan,18,17
1656,qonaq,18,10
1657,qur,18,18
1658,quru,18,16
1659,qılmağa,18,15
1660,rövşən,18,18
1661,salan,18,17
1662,saət,18,17
1663,sirrin,18,18
1664,son,18,14
1665,soyuq,18,13
1666,söylər,18,16
1667,sə,18,8
1668,səkkiz,18,13
1669,səninlə,18,13
1670,sər,18,18
1671,sərf,18,16
1672,səs,18,17
1673,səxavət,18,11
1674,tanı,18,14
1675,tökdü,18,16
1676,usta,18,5
1677,varsa,18,17
1678,verirəm,18,5
1679,versən,18,11
1680,vurur,18,15
1681,xaqaninin,18,12
1682,xeyir,18,12
1683,xəcalət,18,17
1684,xərab,18,17
1685,yalan,18,18
1686,yanan,18,17
1687,yeni,18,13
1688,yеrdə,18,11
1689,çoban,18,11
1690,çıxıbdı,18,11
1691,çəkmiş,18,18
1692,öldü,18,11
1693,üzlü,18,14
1694,əks,18,14
1695,əlim,18,17
1696,ərşə,18,16
1697,əzab,18,16
1698,əzmi,18,18
1699,anda,17,15
1700,atəş,17,17
1701,ayı,17,12
1702,aşıqlıq,17,5
1703,aşığın,17,10
1704,balı,17,10
1705,baxtım,17,8
1706,bağında,17,15
1707,billah,17,15
1708,billəm,17,11
1709,bilmir,17,13
1710,bilməm,17,17
1711,bilmən,17,16
1712,biləsən,17,12
1713,buraya,17,9
1714,bənd,17,13
1715,bəxt,17,14
1716,bəxti,17,15
1717,bəylər,17,10
1718,bəşirin,17,6
1719,ciyər,17,15
1720,cürə,17,10
1721,cəhd,17,16
1722,deyirəm,17,12
1723,doğuldu,17,3
1724,dünyadə,17,14
1725,düşə,17,15
1726,dəmir,17,11
1727,dəydi,17,11
1728,dеdim,17,12
1729,edəndə,17,13
1730,ehtiyat,17,13
1731,etmişəm,17,17
1732,eşidən,17,6
1733,fürsət,17,13
1734,gedir,17,14
1735,girdi,17,15
1736,giriftar,17,17
1737,göyçədə,17,4
1738,günahkar,17,13
1739,gеdək,17,5
1740,hur,17,17
1741,hökm,17,16
1742,həcv,17,7
1743,inkar,17,16
1744,içib,17,17
1745,kanı,17,15
1746,kitab,17,15
1747,köynəyindən,17,7
1748,kəmal,17,15
1749,kəsib,17,16
1750,lö,17,13
1751,meyli,17,16
1752,mustafa,17,9
1753,mülkü,17,16
1754,mürği,17,17
1755,müxtəsər,17,15
1756,müştaqəm,17,1
1757,mənzil,17,16
1758,naləvü,17,17
1759,nigar,17,12
1760,nəfs,17,13
1761,nəsib,17,12
1762,olandan,17,8
1763,olardı,17,10
1764,oxun,17,16
1765,qaməti,17,16
1766,qat,17,12
1767,qəddin,17,16
1768,qərib,17,15
1769,rizvan,17,15
1770,rəhi,17,16
1771,rəhman,17,17
1772,rəsmi,17,14
1773,salam,17,11
1774,san,17,14
1775,səf,17,12
1776,səngi,17,15
1777,sərgərdan,17,15
1778,toyu,17,7
1779,tuba,17,16
1780,təni,17,17
1781,vеrib,17,14
1782,vеrim,17,8
1783,xah,17,9
1784,xahiş,17,11
1785,xaqaniyə,17,12
1786,xublar,17,16
1787,xuni,17,15
1788,xurşid,17,13
1789,xurşidi,17,17
1790,yazıb,17,8
1791,yağ,17,12
1792,yağı,17,12
1793,yerindən,17,15
1794,zülfünün,17,16
1795,zülmü,17,17
1796,zərər,17,11
1797,çölə,17,9
1798,çəkdim,17,16
1799,çərx,17,16
1800,çətin,17,14
1801,ölüb,17,15
1802,ölürəm,17,7
1803,ü,17,7
1804,şir,17,14
1805,şölə,17,16
1806,şəbi,17,17
1807,şеy,17,8
1808,əbəs,17,15
1809,əcəl,17,16
1810,əlif,17,15
1811,əya,17,14
1812,adamların,16,8
1813,ahi,16,16
1814,alma,16,11
1815,aparıb,16,12
1816,açılıb,16,15
1817,ağanın,16,6
1818,aşkar,16,15
1819,baqi,16,16
1820,başə,16,16
1821,bel,16,16
1822,bilməzəm,16,16
1823,bimar,16,16
1824,boy,16,13
1825,buyi,16,15
1826,büryan,16,13
1827,bənzətdim,16,3
1828,bəsləyər,16,2
1829,canına,16,13
1830,cismim,16,16
1831,cünun,16,15
1832,cənnəti,16,16
1833,dara,16,15
1834,daxil,16,10
1835,deyirlər,16,11
1836,dua,16,15
1837,dudi,16,16
1838,dönübdü,16,5
1839,dürlü,16,13
1840,düşməz,16,15
1841,dəmdə,16,15
1842,dеdin,16,3
1843,dеyib,16,11
1844,edirsən,16,12
1845,etsin,16,12
1846,ev,16,11
1847,eyb,16,14
1848,eyləsə,16,11
1849,eyni,16,16
1850,eşqinə,16,15
1851,firqətin,16,15
1852,fəryad,16,16
1853,fəsli,16,16
1854,göyçək,16,15
1855,gözündə,16,16
1856,gümüş,16,11
1857,gələcək,16,11
1858,gəzən,16,15
1859,halal,16,13
1860,huş,16,16
1861,hüseynin,16,2
1862,hǝm,16,12
1863,həbibim,16,16
1864,həqqə,16,16
1865,imam,16,12
1866,islam,16,11
1867,işdən,16,15
1868,kimidir,16,8
1869,kişiyə,16,13
1870,kəndi,16,11
1871,loğman,16,12
1872,ləl,16,16
1873,minib,16,7
1874,möhnət,16,16
1875,nan,16,11
1876,nazlı,16,15
1877,nağını,16,4
1878,olam,16,14
1879,olduğunu,16,12
1880,olmayan,16,15
1881,piri,16,14
1882,qabağında,16,10
1883,qal,16,14
1884,qaliba,16,15
1885,qanım,16,15
1886,qarğa,16,11
1887,qarı,16,9
1888,qaçdı,16,13
1889,qaçma,16,2
1890,qurbandı,16,13
1891,qıldım,16,14
1892,qəlb,16,13
1893,qərarım,16,13
1894,saxladı,16,10
1895,sinəsində,16,12
1896,siçan,16,7
1897,suyun,16,9
1898,sığmazam,16,1
1899,səadət,16,12
1900,tanrı,16,15
1901,tar,16,13
1902,təriqi,16,15
1903,verdin,16,8
1904,vuran,16,14
1905,vurma,16,13
1906,vеr,16,10
1907,xəbəri,16,14
1908,xəncəri,16,15
1909,yanaram,16,7
1910,yanı,16,14
1911,yеr,16,7
1912,zati,16,16
1913,ziba,16,15
1914,zikri,16,15
1915,ziyadə,16,13
1916,ziyan,16,15
1917,zülf,16,14
1918,çoxdan,16,14
1919,çıx,16,14
1920,çəkirəm,16,13
1921,çəmən,16,13
1922,çоx,16,11
1923,ölüncə,16,14
1924,özümü,16,12
1925,şamü,16,15
1926,şanə,16,16
1927,şeyda,16,15
1928,şiri,16,13
1929,şövqün,16,14
1930,şəha,16,13
1931,şərabi,16,14
1932,ǝldǝn,16,3
1933,ədəb,16,14
1934,əlbət,16,14
1935,əyyami,16,16
1936,əyər,16,4
1937,əziz,16,14
1938,əzizim,16,13
1939,əşkim,16,15
1940,еlədilər,16,6
1941,еşq,16,15
1942,altmış,15,6
1943,apar,15,11
1944,atam,15,13
1945,atıb,15,13
1946,avarə,15,12
1947,açar,15,13
1948,açıq,15,15
1949,ağac,15,11
1950,ağacı,15,12
1951,bağlayıb,15,11
1952,başda,15,12
1953,bilin,15,12
1954,bilməzsən,15,9
1955,birindən,15,13
1956,bixəbər,15,14
1957,buyur,15,11
1958,bərk,15,12
1959,bəyə,15,9
1960,camal,15,9
1961,cəfərullah,15,1
1962,cəmalın,15,14
1963,danış,15,11
1964,dağıldı,15,15
1965,deyəndə,15,9
1966,dilü,15,14
1967,dönmüş,15,13
1968,düşməyə,15,4
1969,dərviş,15,12
1970,elmü,15,11
1971,eləsin,15,11
1972,evi,15,11
1973,evinə,15,13
1974,eyləyə,15,15
1975,eşqdən,15,14
1976,filan,15,13
1977,fitnə,15,15
1978,fələkdən,15,13
1979,görmüş,15,14
1980,görsənər,15,1
1981,günündə,15,15
1982,güzər,15,11
1983,gəlirdi,15,11
1984,gеtmə,15,6
1985,hala,15,14
1986,hicranın,15,14
1987,hilal,15,15
1988,hədyan,15,11
1989,hеyvan,15,8
1990,irişdi,15,7
1991,istə,15,14
1992,istərsən,15,15
1993,ixtiyar,15,15
1994,içün,15,14
1995,k,15,5
1996,kül,15,12
1997,kədər,15,11
1998,kəlam,15,14
1999,kəsər,15,13
2000,lal,15,15
2001,lazımdır,15,14
2002,ləbləri,15,13
2003,mar,15,12
2004,möhnətü,15,13
2005,möhtac,15,13
2006,müyəssər,15,15
2007,müşk,15,14
2008,məclisdəkilər,15,5
2009,mədh,15,10
2010,məkan,15,13
2011,mənimlə,15,13
2012,mərcan,15,15
2013,namərd,15,12
2014,neylərəm,15,13
2015,nəqş,15,13
2016,nər,15,12
2017,olduğu,15,14
2018,olmuşdu,15,12
2019,oyan,15,11
2020,peykan,15,13
2021,peykanın,15,13
2022,pənah,15,14
2023,qandır,15,12
2024,qanlar,15,14
2025,qanına,15,12
2026,qurbana,15,5
2027,qurbanı,15,12
2028,qəmim,15,13
2029,rahi,15,14
2030,razi,15,14
2031,rişteyi,15,15
2032,rüxsarın,15,15
2033,saldın,15,15
2034,sanasan,15,15
2035,sifət,15,14
2036,sinəmdə,15,15
2037,sinəsi,15,14
2038,smayıl,15,5
2039,solaxqəy,15,1
2040,sordum,15,13
2041,səbəb,15,14
2042,səfər,15,11
2043,səməd,15,2
2044,tac,15,12
2045,tuta,15,13
2046,tülkü,15,11
2047,təbi,15,14
2048,təmiz,15,14
2049,tеzdən,15,4
2050,usuf,15,4
2051,vaqifin,15,8
2052,verim,15,11
2053,viranə,15,15
2054,xanı,15,12
2055,xub,15,14
2056,xəcil,15,15
2057,xətti,15,11
2058,yandım,15,14
2059,yatdı,15,11
2060,yayıldı,15,10
2061,yel,15,14
2062,yeli,15,14
2063,yoluna,15,14
2064,yuxuda,15,5
2065,zad,15,10
2066,zarü,15,15
2067,zindan,15,15
2068,zöhrə,15,5
2069,zəncir,15,12
2070,çəkməz,15,14
2071,ömrü,15,14
2072,ülfət,15,12
2073,şer,15,13
2074,şövq,15,15
2075,şəb,15,15
2076,şəhri,15,15
2077,şəkkər,15,15
2078,şəmsü,15,15
2079,şəxs,15,10
2080,şəyird,15,4
2081,əfğan,15,14
2082,əfəndi,15,3
2083,ələsgərdi,15,14
2084,əsəri,15,13
2085,еl,15,8
2086,еvdə,15,5
2087,abad,14,13
2088,abbas,14,10
2089,alan,14,12
2090,alar,14,11
2091,anası,14,9
2092,anaxanıma,14,3
2093,aram,14,13
2094,ariflər,14,14
2095,arı,14,12
2096,atlarını,14,4
2097,ayağından,14,13
2098,ayəti,14,13
2099,azar,14,13
2100,açılanda,14,10
2101,açılır,14,14
2102,ağı,14,13
2103,aşina,14,14
2104,balası,14,8
2105,baxa,14,10
2106,bağiban,14,14
2107,betər,14,10
2108,bular,14,5
2109,bəladan,14,13
2110,bənövşə,14,13
2111,bərqi,14,13
2112,camaata,14,7
2113,camalını,14,13
2114,cəfər,14,14
2115,darının,14,2
2116,dava,14,12
2117,demirəm,14,9
2118,desin,14,10
2119,dilbəri,14,10
2120,diqqətlə,14,10
2121,div,14,14
2122,dodağı,14,13
2123,doqquz,14,13
2124,dəvə,14,10
2125,dеdiyi,14,6
2126,edəsən,14,13
2127,evin,14,13
2128,evə,14,8
2129,eyləyim,14,13
2130,eşidib,14,9
2131,fikr,14,13
2132,fikrinə,14,12
2133,fəth,14,11
2134,gedǝr,14,2
2135,gedək,14,5
2136,gir,14,14
2137,girməz,14,3
2138,gördün,14,12
2139,görməyə,14,12
2140,göyçəli,14,8
2141,gözünün,14,9
2142,gözəldir,14,9
2143,gülşəni,14,13
2144,gǝl,14,10
2145,gǝr,14,14
2146,gəlibsən,14,8
2147,gəzir,14,13
2148,gеdən,14,7
2149,haraya,14,6
2150,haşa,14,14
2151,hicrində,14,13
2152,hurü,14,13
2153,hökmü,14,11
2154,hə,14,6
2155,həmən,14,10
2156,həqiqət,14,13
2157,ikisi,14,9
2158,incə,14,13
2159,iyid,14,10
2160,izhari,14,12
2161,içdi,14,12
2162,içmək,14,12
2163,kafər,14,14
2164,kani,14,13
2165,köynək,14,4
2166,kəmər,14,12
2167,kərbəlayı,14,2
2168,kəsmə,14,13
2169,mehr,14,14
2170,mehriban,14,13
2171,meyvə,14,7
2172,mişki,14,12
2173,möhkəm,14,14
2174,mövla,14,12
2175,müştəri,14,13
2176,məclisi,14,11
2177,məmiş,14,2
2178,mənsur,14,12
2179,məğrur,14,13
2180,nazü,14,14
2181,ne,14,6
2182,nemət,14,9
2183,neçin,14,12
2184,nisbət,14,14
2185,nun,14,13
2186,nuş,14,14
2187,olarsan,14,6
2188,oldı,14,1
2189,olurdu,14,13
2190,oxşayır,14,9
2191,oğlana,14,8
2192,pərdə,14,13
2193,qalmasın,14,9
2194,qatında,14,14
2195,qaçar,14,13
2196,qoymadı,14,12
2197,qılman,14,13
2198,qılınc,14,13
2199,qırx,14,12
2200,qızdar,14,2
2201,qızılvəngə,14,2
2202,qədri,14,12
2203,qəmü,14,14
2204,rüxi,14,14
2205,rəqib,14,12
2206,sadiq,14,14
2207,sahib,14,14
2208,saxla,14,14
2209,say,14,12
2210,saçar,14,12
2211,seyli,14,14
2212,stər,14,14
2213,sultanım,14,8
2214,susadı,14,3
2215,suya,14,12
2216,sözdən,14,13
2217,səbrü,14,14
2218,səltənət,14,14
2219,taban,14,14
2220,taci,14,14
2221,taət,14,11
2222,tutan,14,13
2223,tutma,14,13
2224,tutmaz,14,12
2225,tök,14,10
2226,tədbir,14,13
2227,təmam,14,11
2228,tərifi,14,6
2229,təzədən,14,11
2230,u,14,5
2231,vacib,14,13
2232,varıydı,14,4
2233,verdilər,14,14
2234,vеrmədi,14,5
2235,xitab,14,11
2236,xudaya,14,13
2237,yanşağa,14,3
2238,yanə,14,9
2239,yaxın,14,12
2240,yaxşıdı,14,6
2241,yaylağına,14,4
2242,yaza,14,12
2243,yеrindən,14,5
2244,yеtişdi,14,5
2245,zaye,14,13
2246,zülmət,14,11
2247,zənciri,14,14
2248,çara,14,13
2249,çoxları,14,12
2250,çıxmaz,14,13
2251,çıxmış,14,11
2252,özünün,14,14
2253,şahım,14,13
2254,əlinin,14,13
2255,əzəldə,14,13
2256,əğyar,14,14
2257,еvlərinə,14,6
2258,еşqin,14,13
2259,оlub,14,8
2260,оndan,14,6
2261,abid,13,11
2262,agah,13,12
2263,allahın,13,11
2264,arizu,13,5
2265,arvadı,13,9
2266,ayın,13,13
2267,azərbaycan,13,5
2268,ağzına,13,12
2269,bacı,13,7
2270,baxan,13,13
2271,bilə,13,9
2272,boynuma,13,11
2273,boynuna,13,11
2274,bulmuşam,13,6
2275,bunları,13,10
2276,bürhan,13,12
2277,büt,13,11
2278,bəm,13,8
2279,bəylərin,13,3
2280,bəzm,13,11
2281,bəzən,13,8
2282,cah,13,9
2283,calalı,13,7
2284,ciyərim,13,10
2285,cəhənnəm,13,10
2286,cəllad,13,13
2287,dadlı,13,12
2288,daima,13,13
2289,davam,13,8
2290,dayandı,13,9
2291,dersəm,13,3
2292,desə,13,9
2293,desəm,13,12
2294,deyilsən,13,7
2295,deyək,13,9
2296,dildə,13,12
2297,diqqət,13,12
2298,divan,13,11
2299,diyari,13,13
2300,dostluq,13,8
2301,dostuna,13,10
2302,durma,13,10
2303,durnalar,13,3
2304,dövranı,13,12
2305,dürr,13,10
2306,düzünü,13,7
2307,düçar,13,13
2308,düşmədi,13,12
2309,dəhanın,13,13
2310,dərmanı,13,13
2311,dеyirəm,13,5
2312,dеyəndə,13,5
2313,edibdir,13,11
2314,eldən,13,13
2315,elədilər,13,6
2316,erməni,13,3
2317,fil,13,11
2318,fələkdə,13,12
2319,göhər,13,10
2320,görmədi,13,10
2321,göründü,13,12
2322,göstərdi,13,12
2323,göyün,13,11
2324,gözümün,13,10
2325,gülşəndə,13,12
2326,gəldiyini,13,7
2327,gərdun,13,12
2328,gətirir,13,4
2329,haqqın,13,11
2330,həcərin,13,3
2331,həqiqətdən,13,11
2332,həvəs,13,13
2333,imanım,13,11
2334,iqrar,13,10
2335,irəməz,13,2
2336,istəyir,13,10
2337,içindǝ,13,13
2338,işarə,13,8
2339,külək,13,13
2340,kürk,13,3
2341,kənddə,13,10
2342,leyli,13,13
2343,ma,13,10
2344,mikail,13,1
2345,miskin,13,13
2346,misli,13,12
2347,mömin,13,11
2348,müjgan,13,13
2349,müxənnət,13,9
2350,mǝndǝdir,13,1
2351,mǝnim,13,11
2352,məhrum,13,11
2353,məqam,13,11
2354,mərdü,13,13
2355,məsələ,13,8
2356,mətləbi,13,10
2357,məşhur,13,13
2358,namaz,13,12
2359,namə,13,11
2360,naçar,13,13
2361,neyləyim,13,13
2362,nifrət,13,4
2363,nuh,13,11
2364,nuru,13,12
2365,nəşə,13,10
2366,olarsa,13,8
2367,onundur,13,2
2368,ovçu,13,12
2369,qaldılar,13,9
2370,qalmaz,13,12
2371,qanə,13,12
2372,qarabağ,13,12
2373,qardaşları,13,6
2374,qaçaq,13,6
2375,qoydular,13,9
2376,qurtardı,13,10
2377,quşu,13,11
2378,qüdrəti,13,11
2379,qüdrətin,13,12
2380,qəlbimə,13,10
2381,qəmgin,13,13
2382,qərəz,13,5
2383,rahat,13,8
2384,rüsva,13,13
2385,saya,13,12
2386,sevdiyim,13,7
2387,seyd,13,12
2388,sinən,13,8
2389,srafil,13,3
2390,stədi,13,12
2391,sufi,13,13
2392,sultani,13,10
2393,sözlərini,13,7
2394,sübhə,13,12
2395,süfrə,13,11
2396,səhnəbanının,13,1
2397,tapşırmasını,13,7
2398,tikan,13,9
2399,tirə,13,11
2400,toyda,13,6
2401,tuti,13,13
2402,töhfə,13,10
2403,tövbə,13,11
2404,vaqifəm,13,13
2405,varıymış,13,3
2406,vaxtında,13,11
2407,vermədi,13,12
2408,vəfalı,13,9
2409,xabi,13,13
2410,xanımın,13,5
2411,xoşuna,13,8
2412,yaradıb,13,13
2413,yaxşıdır,13,9
2414,yazdım,13,10
2415,yağa,13,8
2416,yeksər,13,12
2417,yerim,13,13
2418,yerində,13,9
2419,yetişməz,13,7
2420,yə,13,12
2421,yеtmədi,13,2
2422,yеtər,13,5
2423,zil,13,9
2424,zünnar,13,13
2425,zеynal,13,2
2426,çalıb,13,10
2427,çağı,13,11
2428,ö,13,4
2429,öpüm,13,6
2430,ürəkdən,13,10
2431,ürəyi,13,7
2432,üstünü,13,10
2433,üzündür,13,12
2434,şadlıq,13,12
2435,şahmar,13,12
2436,şahə,13,10
2437,şikayət,13,11
2438,şərhi,13,13
2439,əhvalını,13,10
2440,əmr,13,12
2441,ənbərin,13,13
2442,ətri,13,11
2443,оlum,13,5
2444,ab,12,12
2445,adəmi,12,12
2446,afəti,12,11
2447,aldanma,12,10
2448,aldım,12,12
2449,almağa,12,12
2450,alsın,12,12
2451,aləmdən,12,11
2452,aləmin,12,11
2453,anaxanımı,12,2
2454,ani,12,12
2455,arpa,12,9
2456,asta,12,7
2457,atan,12,12
2458,atları,12,4
2459,axtar,12,11
2460,ayağına,12,11
2461,ayineyi,12,12
2462,açma,12,10
2463,açım,12,9
2464,ağacdan,12,9
2465,ağla,12,4
2466,ağlın,12,11
2467,aşiqlərin,12,11
2468,badeyi,12,11
2469,bilərsən,12,9
2470,birdir,12,7
2471,buldum,12,11
2472,bulud,12,9
2473,bəmini,12,8
2474,cavanların,12,5
2475,cüm,12,1
2476,cǝmalın,12,11
2477,dari,12,12
2478,dağlara,12,11
2479,dağıdıb,12,7
2480,dağılsın,12,4
2481,dilini,12,12
2482,dini,12,11
2483,dinlə,12,9
2484,dolansın,12,3
2485,dura,12,11
2486,dönməzəm,12,2
2487,dövrani,12,8
2488,dəclə,12,2
2489,dərdindən,12,12
2490,dəryayi,12,11
2491,edirdi,12,10
2492,etməgil,12,2
2493,etsən,12,10
2494,eyləməynən,12,2
2495,eşqdə,12,12
2496,eşşək,12,5
2497,fikrini,12,8
2498,fikrə,12,10
2499,geydi,12,9
2500,geyib,12,12
2501,görcəyin,12,11
2502,görsən,12,11
2503,görürəm,12,11
2504,görərsən,12,7
2505,göstər,12,10
2506,gözəlin,12,8
2507,güruhi,12,8
2508,gəlibdi,12,9
2509,gələydi,12,4
2510,gеri,12,4
2511,halımı,12,12
2512,haqqa,12,12
2513,hayıfsan,12,2
2514,hikmətin,12,10
2515,hümmət,12,9
2516,həqdir,12,11
2517,həqqin,12,11
2518,hərdən,12,10
2519,həsrətini,12,11
2520,həyatın,12,12
2521,ildə,12,9
2522,iraq,12,12
2523,istəsə,12,9
2524,iti,12,12
2525,işrət,12,10
2526,keyfiyyəti,12,6
2527,küfr,12,11
2528,la,12,10
2529,lütfi,12,10
2530,ləlin,12,12
2531,ləzzəti,12,11
2532,mahalı,12,11
2533,məclisinə,12,7
2534,mərhəba,12,11
2535,məryəm,12,8
2536,nari,12,11
2537,nazənin,12,11
2538,neysan,12,10
2539,niyaz,12,12
2540,nişanası,12,4
2541,nsaf,12,12
2542,nədəndir,12,11
2543,nəsihət,12,9
2544,olmasaydı,12,12
2545,oturub,12,9
2546,otuz,12,11
2547,oxurlar,12,3
2548,oğlunu,12,4
2549,piyada,12,9
2550,qalar,12,8
2551,qalxar,12,9
2552,qatı,12,11
2553,qeyr,12,12
2554,qol,12,12
2555,qovğa,12,11
2556,qoydum,12,10
2557,qılıncı,12,10
2558,qəlbin,12,9
2559,qəlbində,12,11
2560,qəmdə,12,11
2561,qənd,12,9
2562,qəsd,12,12
2563,qəti,12,11
2564,raq,12,2
2565,rövzeyi,12,12
2566,rədd,12,11
2567,rəvanım,12,11
2568,sakit,12,8
2569,saqiya,12,11
2570,sayeyi,12,11
2571,sevda,12,12
2572,sevən,12,10
2573,simü,12,9
2574,sona,12,11
2575,sücud,12,10
2576,sün,12,11
2577,sünbülün,12,11
2578,sürahi,12,12
2579,sürmə,12,11
2580,süzən,12,7
2581,sǝnǝm,12,12
2582,səda,12,10
2583,sərraf,12,12
2584,sərvə,12,12
2585,səsini,12,9
2586,tamama,12,9
2587,tapa,12,9
2588,tazələ,12,1
2589,töküldü,12,9
2590,tüğyan,12,11
2591,təbiət,12,9
2592,təlim,12,11
2593,tərkin,12,12
2594,uşaqlar,12,10
2595,vermək,12,10
2596,verməzəm,12,1
2597,vücudin,12,2
2598,vüsalə,12,9
2599,vəqti,12,12
2600,x,12,2
2601,xam,12,10
2602,xidmət,12,8
2603,xülasə,12,7
2604,xətayi,12,12
2605,xətin,12,12
2606,xəttü,12,10
2607,xеyli,12,7
2608,yanından,12,9
2609,yaylaq,12,5
2610,yaylağa,12,5
2611,yayın,12,8
2612,yaşın,12,8
2613,yaşını,12,9
2614,yerin,12,12
2615,yetir,12,12
2616,yetirdi,12,11
2617,yetǝr,12,2
2618,yüzün,12,10
2619,z,12,5
2620,zülali,12,11
2621,çəkməkdən,12,11
2622,çəkməçi,12,2
2623,öldür,12,12
2624,ömrün,12,11
2625,ötəri,12,10
2626,özümə,12,12
2627,ümid,12,12
2628,ürəyində,12,9
2629,üzümə,12,12
2630,üçündür,12,4
2631,üştə,12,11
2632,şahidi,12,12
2633,şapəri,12,1
2634,şimdi,12,12
2635,şövqi,12,12
2636,şəmkirli,12,2
2637,şərabı,12,12
2638,şəriət,12,11
2639,əhlinin,12,7
2640,əlacı,12,9
2641,əlimdə,12,11
2642,əmanət,12,8
2643,əqlin,12,6
2644,ərşin,12,7
2645,əyləşdi,12,6
2646,əz,12,10
2647,е,12,5
2648,adamlardan,11,6
2649,adına,11,10
2650,aldın,11,11
2651,allahı,11,10
2652,alsa,11,11
2653,alım,11,10
2654,asar,11,10
2655,atalar,11,8
2656,atar,11,11
2657,axan,11,10
2658,axir,11,11
2659,aydın,11,11
2660,açan,11,9
2661,ağlaram,11,9
2662,aşiyan,11,11
2663,bad,11,11
2664,bada,11,9
2665,basıb,11,11
2666,bilmirdi,11,8
2667,birbaş,11,6
2668,böhtan,11,9
2669,bədəni,11,10
2670,bəhlul,11,2
2671,bər,11,9
2672,bəxtim,11,11
2673,bəyaz,11,11
2674,c,11,2
2675,camalına,11,10
2676,camı,11,9
2677,canda,11,10
2678,candır,11,10
2679,cavanlar,11,8
2680,cövlan,11,9
2681,cənnətin,11,11
2682,dami,11,10
2683,daməni,11,10
2684,danışa,11,7
2685,dağına,11,7
2686,daşın,11,10
2687,deyildir,11,9
2688,deyirdi,11,7
2689,deyəndən,11,4
2690,dillə,11,9
2691,divar,11,8
2692,diyar,11,8
2693,dişin,11,10
2694,dodaq,11,11
2695,duman,11,9
2696,dü,11,6
2697,dəmlər,11,2
2698,dərində,11,5
2699,dеmə,11,9
2700,edirlər,11,8
2701,eləyim,11,10
2702,etmişdi,11,7
2703,etsəm,11,11
2704,eybi,11,10
2705,eyşü,11,9
2706,eşit,11,11
2707,eşqdir,11,8
2708,fatma,11,1
2709,fikrim,11,11
2710,fəraqın,11,11
2711,gedim,11,10
2712,gedirəm,11,11
2713,getsin,11,8
2714,girmə,11,9
2715,girəndə,11,8
2716,gözlədilər,11,6
2717,gözlərinə,11,10
2718,gözümə,11,11
2719,gülbərgi,11,11
2720,güldən,11,10
2721,gülzarə,11,11
2722,gülüm,11,9
2723,günah,11,9
2724,gündür,11,10
2725,günüm,11,11
2726,gədə,11,2
2727,gəlgil,11,8
2728,gəlməsün,11,1
2729,gətirər,11,10
2730,gəzdim,11,8
2731,gəzmə,11,9
2732,gеtməz,11,7
2733,hacət,11,11
2734,havası,11,8
2735,heyrət,11,11
2736,huşum,11,9
2737,hərəsi,11,10
2738,həvadən,11,11
2739,illər,11,10
2740,in,11,11
2741,istəyən,11,10
2742,işdə,11,9
2743,kam,11,10
2744,kağızın,11,3
2745,keçir,11,11
2746,keçmişəm,11,3
2747,kimdi,11,8
2748,kimsəyə,11,11
2749,kirpigin,11,10
2750,kuyinə,11,10
2751,kəbab,11,11
2752,kəmalə,11,8
2753,kəsb,11,11
2754,libası,11,11
2755,löi,11,10
2756,me,11,11
2757,minnət,11,8
2758,mirzə,11,9
2759,mizan,11,11
2760,murad,11,11
2761,mıqıç,11,1
2762,mərdanə,11,10
2763,məstin,11,8
2764,məsələni,11,7
2765,nagah,11,10
2766,namus,11,10
2767,narın,11,3
2768,neylər,11,11
2769,nigarım,11,11
2770,nisar,11,10
2771,nişə,11,10
2772,olalı,11,8
2773,olmağa,11,10
2774,onunçün,11,9
2775,ordan,11,5
2776,ortalığa,11,9
2777,ortaya,11,6
2778,oxudum,11,10
2779,oxumağa,11,8
2780,oxuyuram,11,6
2781,parça,11,10
2782,pərvanətək,11,10
2783,qabağa,11,11
2784,qandasan,11,2
2785,qanını,11,9
2786,qapıdan,11,9
2787,qapıya,11,9
2788,qarşısında,11,11
2789,qazan,11,9
2790,qolundan,11,7
2791,qorxma,11,11
2792,qoçaq,11,8
2793,qurtar,11,10
2794,quşlar,11,6
2795,qüdrət,11,11
2796,qılmaq,11,11
2797,qılsın,11,11
2798,qırıldı,11,8
2799,qəddimi,11,11
2800,qəddinə,11,10
2801,qəhr,11,11
2802,qəlbimi,11,8
2803,qəmxar,11,11
2804,qəribə,11,9
2805,qəsdinə,11,9
2806,qətreyi,11,10
2807,riya,11,10
2808,rüxündən,11,11
2809,rəhimin,11,1
2810,rəhməti,11,11
2811,rəngli,11,9
2812,rəvadır,11,11
2813,rəşki,11,11
2814,salsın,11,9
2815,saxsı,11,3
2816,sayəsində,11,8
2817,sel,11,9
2818,sevdayi,11,11
2819,seyyidi,11,11
2820,sizlərə,11,3
2821,suzi,11,11
2822,söylənir,11,5
2823,sözdür,11,10
2824,sübhün,11,9
2825,sünbül,11,11
2826,sığmaz,11,9
2827,səhv,11,10
2828,sərvəri,11,10
2829,səvab,11,11
2830,t,11,6
2831,tale,11,11
2832,talib,11,11
2833,talibi,11,11
2834,tapşırdı,11,9
2835,tiri,11,11
2836,təhər,11,6
2837,təlx,11,10
2838,tənim,11,11
2839,tərəfdə,11,9
2840,unut,11,3
2841,uğrar,11,3
2842,vallah,11,11
2843,vermədin,11,4
2844,xaliqi,11,11
2845,xaloğlu,11,2
2846,xalqa,11,11
2847,xud,11,8
2848,xuraman,11,11
2849,xəti,11,11
2850,xеyirliklə,11,4
2851,yalnız,11,9
2852,yarü,11,8
2853,yazan,11,10
2854,yazmış,11,10
2855,yeridi,11,3
2856,yetməz,11,9
2857,zalim,11,8
2858,zarə,11,11
2859,zikr,11,11
2860,zilini,11,7
2861,zəhər,11,8
2862,çaki,11,10
2863,çatmaz,11,8
2864,çoxusu,11,7
2865,çıxa,11,11
2866,çəkdiyim,11,11
2867,çəkildi,11,9
2868,çəksin,11,11
2869,çəməndə,11,10
2870,çох,11,4
2871,ölən,11,9
2872,önündə,11,11
2873,ürəyimdə,11,8
2874,üstümə,11,11
2875,üzdən,11,11
2876,şeyi,11,10
2877,şeyx,11,10
2878,şi,11,10
2879,şö,11,10
2880,ǝhli,11,9
2881,əcayib,11,9
2882,əfv,11,9
2883,əlac,11,10
2884,ələm,11,11
2885,əmələ,11,5
2886,ənəlhəq,11,10
2887,əskik,11,11
2888,əsəd,11,5
2889,əyə,11,7
2890,əzbər,11,10
2891,əzim,11,8
2892,əziyyət,11,9
2893,еtdi,11,10
2894,18,10,6
2895,adamları,10,6
2896,adamın,10,6
2897,alçaq,10,9
2898,anam,10,9
2899,arada,10,10
2900,arası,10,8
2901,avçı,10,2
2902,axırı,10,10
2903,ayda,10,8
2904,ayru,10,9
2905,açır,10,9
2906,ağladı,10,8
2907,ağlım,10,10
2908,ağız,10,8
2909,aşıqların,10,5
2910,aşığa,10,8
2911,barabar,10,6
2912,baran,10,7
2913,bas,10,9
2914,baxtı,10,10
2915,bazara,10,9
2916,bağa,10,7
2917,bağda,10,6
2918,başımdan,10,10
2919,bilib,10,10
2920,bilməyən,10,10
2921,bilsən,10,5
2922,binəva,10,9
2923,birinci,10,9
2924,boylu,10,9
2925,budaq,10,9
2926,bunda,10,10
2927,büllur,10,10
2928,bǝnzǝr,10,4
2929,bərbad,10,9
2930,bəyənmir,10,3
2931,bəzənib,10,10
2932,cahil,10,10
2933,camaatı,10,6
2934,camahat,10,2
2935,canana,10,9
2936,cansız,10,8
2937,canımın,10,10
2938,cavabını,10,8
2939,cavidan,10,9
2940,cismimi,10,10
2941,cəhətdən,10,10
2942,dadı,10,8
2943,danaları,10,2
2944,danışdılar,10,8
2945,danışır,10,8
2946,danə,10,9
2947,dağa,10,9
2948,dağın,10,6
2949,daşa,10,10
2950,dediyi,10,5
2951,deməyə,10,9
2952,deyilmi,10,3
2953,dilimdə,10,10
2954,dilimi,10,9
2955,dodağından,10,9
2956,dolandım,10,9
2957,doyunca,10,9
2958,dövlətim,10,10
2959,dövlətin,10,8
2960,dövlətü,10,8
2961,dövridir,10,1
2962,düri,10,10
2963,düzdü,10,8
2964,düşmüşdür,10,4
2965,düşmənin,10,7
2966,düşmənə,10,10
2967,dərk,10,8
2968,dəryayə,10,8
2969,dеdilər,10,4
2970,dеyildi,10,5
2971,dеyə,10,9
2972,dеyən,10,8
2973,dеyəsən,10,5
2974,edənlər,10,8
2975,edərək,10,8
2976,elmdən,10,8
2977,etmǝk,10,3
2978,eyləyər,10,9
2979,eyş,10,8
2980,eşqindən,10,10
2981,feyz,10,9
2982,filani,10,3
2983,fəqir,10,10
2984,fəzl,10,9
2985,gedirdi,10,7
2986,göllər,10,6
2987,gördükdə,10,9
2988,görgəc,10,3
2989,görməsin,10,9
2990,görüşdülər,10,8
2991,göstərir,10,9
2992,göstərər,10,10
2993,gözlü,10,10
2994,gözləyir,10,9
2995,gühər,10,8
2996,günahım,10,9
2997,gəlhagəl,10,6
2998,gəlif,10,2
2999,gəlmir,10,9
3000,gətirdilər,10,6
3001,gətiribsən,10,2
3002,gəzib,10,9
3003,gеtdilər,10,6
3004,halda,10,8
3005,heyf,10,9
3006,hifz,10,7
3007,hikməti,10,9
3008,hiylə,10,9
3009,hökmi,10,9
3010,həftə,10,7
3011,həmdəmim,10,8
3012,həvayi,10,10
3013,həzar,10,9
3014,ibadət,10,9
3015,idin,10,9
3016,iltifat,10,10
3017,ilǝn,10,9
3018,imami,10,6
3019,inayət,10,10
3020,intizar,10,10
3021,irazı,10,4
3022,irəli,10,7
3023,istəsən,10,8
3024,iyidin,10,8
3025,içsə,10,8
3026,işini,10,10
3027,kaman,10,10
3028,kifayətdir,10,2
3029,kiçik,10,9
3030,könlümdə,10,9
3031,kəklik,10,7
3032,kən,10,10
3033,kərə,10,9
3034,kəsi,10,9
3035,kəsir,10,9
3036,leylü,10,9
3037,ləlü,10,9
3038,mahala,10,8
3039,mail,10,9
3040,manatı,10,2
3041,mat,10,7
3042,mehrü,10,9
3043,meydən,10,8
3044,meylə,10,7
3045,mirza,10,1
3046,mötəbər,10,9
3047,mübtəla,10,10
3048,müddətdi,10,10
3049,mülkünə,10,10
3050,müxtəsəri,10,10
3051,müştaqiyəm,10,2
3052,məhrəm,10,10
3053,məhəbbətin,10,10
3054,məhərrəm,10,2
3055,mələkdir,10,10
3056,mənzili,10,10
3057,məscid,10,9
3058,mеydana,10,7
3059,nab,10,10
3060,naseh,10,9
3061,navəki,10,9
3062,neyçün,10,9
3063,nisbǝtlidir,10,1
3064,nşallah,10,9
3065,nǝdir,10,3
3066,nəqdi,10,9
3067,nərə,10,8
3068,nəsnə,10,10
3069,nəzəri,10,10
3070,nеçün,10,2
3071,odun,10,8
3072,odundan,10,10
3073,olarmı,10,7
3074,olduqca,10,9
3075,olmadım,10,7
3076,onnan,10,3
3077,oradan,10,5
3078,ordu,10,8
3079,oturmuş,10,3
3080,oxudular,10,8
3081,oğru,10,7
3082,oğrun,10,9
3083,paltar,10,7
3084,piyalə,10,10
3085,pula,10,10
3086,pullu,10,3
3087,pərdeyi,10,10
3088,qabaqda,10,5
3089,qabil,10,10
3090,qaf,10,9
3091,qalmış,10,9
3092,qalxdı,10,10
3093,qalıbdır,10,9
3094,qanıma,10,10
3095,qapısına,10,7
3096,qarət,10,9
3097,qasid,10,9
3098,qaş,10,10
3099,qaşınla,10,10
3100,qibləm,10,10
3101,qiymətli,10,9
3102,qonu,10,5
3103,qopar,10,10
3104,qoyan,10,9
3105,qönçeyi,10,9
3106,qürbətdə,10,9
3107,qüssədən,10,10
3108,qılmadı,10,10
3109,qızım,10,2
3110,qǝlǝndǝr,10,1
3111,qəddim,10,10
3112,qədrin,10,10
3113,qəflət,10,10
3114,qəhri,10,10
3115,qəlbimin,10,8
3116,qəlbini,10,10
3117,qəmə,10,9
3118,rus,10,5
3119,rüxsar,10,9
3120,rəf,10,9
3121,sadə,10,10
3122,sakin,10,10
3123,salsa,10,9
3124,salıbsan,10,9
3125,saman,10,8
3126,sanı,10,9
3127,saqiyi,10,9
3128,saza,10,6
3129,sağı,10,10
3130,sağər,10,9
3131,seyid,10,4
3132,sinəmə,10,9
3133,sirişkim,10,10
3134,siyəh,10,10
3135,sorma,10,9
3136,suda,10,10
3137,sudan,10,10
3138,sözlər,10,6
3139,sözünün,10,8
3140,sərinə,10,9
3141,sərvin,10,9
3142,səyyad,10,9
3143,sәn,10,3
3144,tapdım,10,6
3145,tiğin,10,10
3146,ucu,10,8
3147,ud,10,8
3148,unutma,10,10
3149,ustadı,10,7
3150,uçar,10,10
3151,vura,10,7
3152,vəch,10,8
3153,vədə,10,10
3154,vəqt,10,10
3155,vəsf,10,9
3156,xal,10,9
3157,xalı,10,10
3158,xanıma,10,3
3159,xarü,10,10
3160,xeyri,10,9
3161,xilas,10,9
3162,xudayi,10,8
3163,xurma,10,8
3164,xəlvət,10,10
3165,xərc,10,10
3166,y,10,4
3167,yanda,10,7
3168,yandırır,10,10
3169,yanmış,10,8
3170,yanır,10,7
3171,yaralı,10,9
3172,yaram,10,10
3173,yazdığı,10,4
3174,yetməzmi,10,3
3175,yeyib,10,10
3176,yеridi,10,3
3177,zahidi,10,10
3178,zahidin,10,7
3179,zamanda,10,9
3180,zat,10,9
3181,zinət,10,9
3182,ziyad,10,10
3183,zühur,10,10
3184,zənəxdanın,10,10
3185,zərrin,10,10
3186,çal,10,10
3187,çağırır,10,7
3188,çeşmin,10,10
3189,çiyninə,10,7
3190,çırağı,10,10
3191,çıxanda,10,9
3192,çıxmadı,10,7
3193,çəkirsən,10,3
3194,çəkmişəm,10,10
3195,çəng,10,8
3196,ürfan,10,9
3197,üstündən,10,10
3198,üzüldü,10,9
3199,şəhrə,10,10
3200,şəninə,10,8
3201,şəri,10,10
3202,əbədi,10,8
3203,əfsana,10,9
3204,əfzun,10,10
3205,əkbər,10,10
3206,əmri,10,8
3207,əridi,10,10
3208,ərənlər,10,4
3209,əsrari,10,10
3210,əsədullahın,10,1
3211,ət,10,10
3212,ətəgin,10,2
3213,əvvəlki,10,6
3214,əvəzi,10,9
3215,əzm,10,8
3216,оldu,10,5
3217,оnun,10,8
