row_id,author,title
0,Məhəmməd Füzuli,Aftabi-tələtin tutduqca övci-irtifa
1,Məhəmməd Füzuli,"Aləm oldu şad səndən, mən əsiri-qəm hənuz"
2,Məhəmməd Füzuli,Ah eylədiyim sərvi-xuramanın üçündür
3,Məhəmməd Füzuli,Aldı gülzar içrə su əksi-üzari-alini
4,Məhəmməd Füzuli,"Arizin görsə fələk, mehr buraxmaz ayə"
5,Məhəmməd Füzuli,Aşiq oldum yenə bir tazə güli-rənayə
6,Məhəmməd Füzuli,Aşiyani-mürği-dil zülfi-pərişanındadır
7,Məhəmməd Füzuli,Bari-möhnətdən nihali-qamətin xəm olmasın
8,Məhəmməd Füzuli,Batalı qanə oxun dideyi-giryan içrə
9,Məhəmməd Füzuli,"Bağə girdim, səri-kuyin anıb əfğan etdim"
10,Məhəmməd Füzuli,Bağə gir bülbülə ərzi-güli-rüxsar eylə
11,Məhəmməd Füzuli,"Bilməz idim, bilmək ağzın sirrini düşvar imiş"
12,Məhəmməd Füzuli,"Bir gün ki, dey əlamətin etmişdi aşikar"
13,Məhəmməd Füzuli,Bir qul oğılani könül mülkünə sultan etdim
14,Məhəmməd Füzuli,"Bu gün tiğin çəkib, çıxmışdır ol namehriban sərxoş"
15,Məhəmməd Füzuli,Bülbüli-dil gülşəni-rüxsarın eylər arizu
16,Məhəmməd Füzuli,Buraxdı xakə hüsnün afitabi-aləmarayi
17,Məhəmməd Füzuli,"Budur fərqi, könül, məhşər gününün ruzi-hicrandan"
18,Məhəmməd Füzuli,Bəzmi-eşq içrə şərabımdır sirişki-laləgun
19,Məhəmməd Füzuli,"Bəs ki, zəfi-ruzədən hər gün bulur təğyiri-hal"
20,Məhəmməd Füzuli,Bəngü-Badə
21,Məhəmməd Füzuli,"Bəhri-eşqə düşdün, ey dil, zövqi-dünyani unut"
22,Məhəmməd Füzuli,Can çıxır təndən könül zikri-ləbi-yar eyləgəc
23,Məhəmməd Füzuli,"Can vermə qəmi-eşqə ki, eşq afəti-candır"
24,Məhəmməd Füzuli,"Can verir rayiheyi-türbəti-pakin, ey tak"
25,Məhəmməd Füzuli,"Canlar verib, sənin kimi cananə yetmişəm"
26,Məhəmməd Füzuli,Canımın cövhəri ol ləli-gühərbarə fəda
27,Məhəmməd Füzuli,Canı kim cananı üçün sevsə cananın sevər
28,Məhəmməd Füzuli,"Canə basdım qönçəvəş peykanını, ey tazə gül"
29,Məhəmməd Füzuli,"Cilveyi-əksi-rüxün ayinədə, ey rəşki-hur"
30,Məhəmməd Füzuli,"Cəhan içrə hər fitnə kim, olsa hadis"
31,Məhəmməd Füzuli,"Cismimi yandırma, rəhm et yaşimə, ey bağrı daş"
32,Məhəmməd Füzuli,Demiş hər qönçəyə aşiqligim razın səba derlər
33,Məhəmməd Füzuli,Demiş hər qönçəyə aşiqliyim razın səba derlər
34,Məhəmməd Füzuli,"Dil ki, sərmənzili ol zülfi-pərişan olmuş"
35,Məhəmməd Füzuli,"Dostum, aləm səninçin gər olur düşmən mana"
36,Məhəmməd Füzuli,Dil uzadır bəhs ilə ol arizi-xəndanə şəm
37,Məhəmməd Füzuli,"Dürcdür ləli-rəvanbəxşin, düri-şəhvar ləfz"
38,Məhəmməd Füzuli,Dün könül dildarə şərhi-qəmi-pünhan etdi
39,Məhəmməd Füzuli,Dürdvəş sərgəşteyi-camü xərabi-badəyəm
40,Məhəmməd Füzuli,"Dust bipərva, fələk birəhm, dövran bisükun"
41,Məhəmməd Füzuli,Dərdi-eşqim dəfinə zəhmət çəkər daim təbib
42,Məhəmməd Füzuli,Dəhənin şövqünü cansuz güman etməz idim
43,Məhəmməd Füzuli,"Ey, hər təkəllümüm xəti-səbzin hekayəti!"
44,Məhəmməd Füzuli,Dəhənin dərdimə dərman dedilər cananın
45,Məhəmməd Füzuli,"Ey geyib gülgyn, dəmadəm əzmi-cövlan eyləyən"
46,Məhəmməd Füzuli,"Ey bivəfa ki, adət olubdur cəfa sana"
47,Məhəmməd Füzuli,"Ey fəraqi-ləbi-canan, ciyərim xun etdin"
48,Məhəmməd Füzuli,"Ey göz, ol nərgisi-xunxarə nigah etmə dəxi"
49,Məhəmməd Füzuli,"Ey gül, nə əcəb silsileyi-mişki-tərin var"
50,Məhəmməd Füzuli,"Ey könül, ol xəncəri-müjganə eylərsən həvəs"
51,Məhəmməd Füzuli,"Ey könül, çox seyr qılma, günbədi-dəvvar tək"
52,Məhəmməd Füzuli,"Ey könül, yarı istə, candan keç"
53,Məhəmməd Füzuli,"Ey kəmanəbru, şəhidi-navəki-müjganinəm"
54,Məhəmməd Füzuli,"Ey müsəvvir, yar timsalinə surət vermədin"
55,Məhəmməd Füzuli,"Ey mələksima ki, səndən özgə heyrandır sana"
56,Məhəmməd Füzuli,"Ey məh, mənimlə dustlərim düşmən eylədin"
57,Məhəmməd Füzuli,Ey məzaqi-cana cövrin şəhdü şəkkər tək ləziz
58,Məhəmməd Füzuli,Ey navəki-şövqin sipəri-sineyi-əhbab
59,Məhəmməd Füzuli,Ey olub merac bürhani-ülüvvi-şan sana
60,Məhəmməd Füzuli,Ey qübari-qədəmin ərşi-bərin başinə tac
61,Məhəmməd Füzuli,"Ey xoş ol günlər ki, rüxsarın mənə mənzur idi"
62,Məhəmməd Füzuli,Ey təğafül birlə hər saət qılan şeyda məni
63,Məhəmməd Füzuli,"Eylə müstəsna gözəlsən kim, sənə yoxdur bədəl"
64,Məhəmməd Füzuli,Eyş üçün bir türfə mənzildir bahar əyyamı bağ
65,Məhəmməd Füzuli,"Ey əsiri-dami-qəm, bir guşeyi-meyxanə tut!"
66,Məhəmməd Füzuli,Ey xədəngi-qəminə sineyi-əhbab hədəf
67,Məhəmməd Füzuli,Eşigin daşini qan ilə yudu çeşmi-tərim
68,Məhəmməd Füzuli,"Eşqdən canımda bir pünhan mərəz var, ey həkim!"
69,Məhəmməd Füzuli,Eşq ətvarın müsəlləm eylədi gərdun mana
70,Məhəmməd Füzuli,"Faş qıldın qəmim, ey dideyi-xunbar, mənim"
71,Məhəmməd Füzuli,"Gah gözdə, gəh könüldə xədəngin məkan tutar"
72,Məhəmməd Füzuli,Gecələr ta halimə gərdun təmaşa etmədi
73,Məhəmməd Füzuli,"Fəğan kim, bağrımın ol lalərüx qan olduğun bilməz"
74,Məhəmməd Füzuli,Getdi əldən sənəmin sünbüli-mişkəfşani
75,Məhəmməd Füzuli,"Gör sirişkim şəbi-hicran, demə kim, qandır bu"
76,Məhəmməd Füzuli,"Girib meyxanəyə, müğ məşrəbilə kim ki, xu eylər"
77,Məhəmməd Füzuli,"Gördüm ol xurşidi-hüsnün, ixtiyarım qalmadı"
78,Məhəmməd Füzuli,Giryədir hər dəm açan qəmdən tutulmuş könlümü
79,Məhəmməd Füzuli,Görməsəm hər göz açanda ol güli-rəna üzün
80,Məhəmməd Füzuli,Göz xətindən mərdümin məhv etmədən bulmaz murad
81,Məhəmməd Füzuli,Görüb mühlik mənim çevrəmdə bəhri-eşq tüğyanın
82,Məhəmməd Füzuli,Gər deyil bir mah mehrilən mənim tək zar sübh
83,Məhəmməd Füzuli,"Gərdi-rəhin, ey əşk, yudun çeşmi-tərimdən"
84,Məhəmməd Füzuli,"Gəlir ol sərvi-səhi, ey gülü lalə, açılın"
85,Məhəmməd Füzuli,Gərmdir şamü səhər mehrinlə çərxi-lacivərd
86,Məhəmməd Füzuli,"Gərçi, ey dil, yar üçün üz verdi yüz möhnət sana"
87,Məhəmməd Füzuli,"Heyrət, ey büt, surətin gördükdə lal eylər məni"
88,Məhəmməd Füzuli,Hübabi-əşki-xunin cismimi eldən nihan etmiş
89,Məhəmməd Füzuli,"Həzər qıl ah odundan, cövrünü üşşaqə az eylə"
90,Məhəmməd Füzuli,Hər hübabi-əşkimə bir əks salmış peykərim
91,Məhəmməd Füzuli,Hədiqətüs-süəda
92,Məhəmməd Füzuli,Kuhkən Şirinə öz nəqşin çəkib vermiş firib
93,Məhəmməd Füzuli,Kargər düşməz xədəngi-tə’neyi-düşmən mana
94,Məhəmməd Füzuli,Kimsədə rüxsarına taqəti-nəzzarə yox
95,Məhəmməd Füzuli,"Könül, yetdi əcəl, zövqi-rüxi-dildar yetməzmi"
96,Məhəmməd Füzuli,Kuhkəndən gözükür kuhdə asar hənuz
97,Məhəmməd Füzuli,Könlüm açılır zülfi-pərişanını görgəc
98,Məhəmməd Füzuli,"Kərəm qıl, kəsmə, saqi, iltifatın binəvalərdən"
99,Məhəmməd Füzuli,Kəmali-hüsn veribdir şərabi-nab sana
100,Məhəmməd Füzuli,"Könüldə min qəmim vardır ki, pünhan eyləmək olmaz"
101,Məhəmməd Füzuli,Leyli və Məcnun (Füzuli)
102,Məhəmməd Füzuli,Ləbin əksi gözüm yaşini mey tək laləgun etdi
103,Məhəmməd Füzuli,Ləbin rəşki mizacın təlx qıldı badeyi-nabın
104,Məhəmməd Füzuli,Ləblərin tək ləlü ləfzin tək düri-şəhvar yox
105,Məhəmməd Füzuli,Ləhzə-ləhzə ləbin anıb edicək əfğanlar
106,Məhəmməd Füzuli,"Möhnəti-eşq, ey dil, asandır deyib, çox urma laf"
107,Məhəmməd Füzuli,Müjəm sərçeşmələr mənzil qılan aşüftə məcnundur
108,Məhəmməd Füzuli,Meyvələrin söhbəti
109,Məhəmməd Füzuli,Mülki-hüsnün böylə zalim padişahi olmağıl
110,Məhəmməd Füzuli,"Müqəvvəs qaşların kim, vəsmə birlə rəng tutmuşlar"
111,Məhəmməd Füzuli,"Münhərifdir, saqiya, ənduhi-dünyadən mizac"
112,Məhəmməd Füzuli,Mürdə cismim iltifatından bulur hər dəm həyat
113,Məhəmməd Füzuli,"Müxalif dövrdən, gülgyn şərabı qanə dəgşirdim"
114,Məhəmməd Füzuli,"Məhşər günü görüm derəm, ol sərvqaməti"
115,Məhəmməd Füzuli,Müshəf demək xətadır od səfheyi-cəmalə
116,Məhəmməd Füzuli,"Məgər xab içrə gördün, ey könül, ol çeşmi-şəhlayi"
117,Məhəmməd Füzuli,Məndə Məcnundan füzun aşiqlik istedadı var
118,Məhəmməd Füzuli,"Məni zikr etməz el, əfsaneyi-Məcnunə mayildir"
119,Məhəmməd Füzuli,Mən kiməm ? - bir fəqiri-bisərü pa
120,Məhəmməd Füzuli,"Mənim tək hiç kim zarü pərişan olmasın, ya rəb!"
121,Məhəmməd Füzuli,"Mənim kim, bir ləbi-xəndan üçün giryanlığm vardır"
122,Məhəmməd Füzuli,Mənim kim bir ləbi-xəndan üçün giryanlığım vardır
123,Məhəmməd Füzuli,Mənə badi-səba ol sərvi-gülrüxdən xəbər verməz
124,Məhəmməd Füzuli,Mərhəm qoyub önərmə sinəmdə qanlı dağı
125,Məhəmməd Füzuli,"Məskən, ey bülbül, sənə gəh şaxi-güldür, gəh qəfəs"
126,Məhəmməd Füzuli,Nalədəndir ney kimi avazeyi-eşqim bülənd
127,Məhəmməd Füzuli,"Ney kimi, hər dəm ki, bəzmi-vəslini yad eylərəm"
128,Məhəmməd Füzuli,"Nihali-sərvdir qəddin, qaşın nun ol nihal üzrə"
129,Məhəmməd Füzuli,Nola gər rəşki-rüxsarinlə bağrı xubların qandır
130,Məhəmməd Füzuli,Nola gər qucsa miyanın kəməri-zər küstax
131,Məhəmməd Füzuli,Nola zahid bilsə küfri-zülfün iman olduğun
132,Məhəmməd Füzuli,Nurini mah mehri-rüxündən alır müdam
133,Məhəmməd Füzuli,Nə xoşdur arizin dövründə zülfi-ənbər əfşanın
134,Məhəmməd Füzuli,Nə görər əhli-cəfa məndə vəfadən qeyri
135,Məhəmməd Füzuli,Nəmi-əşkim mükəddər xatirimdən dəfi-qəm qılmaz
136,Məhəmməd Füzuli,"Ol ki, hər saət gülərdi çeşmi-giryanım görüb"
137,Məhəmməd Füzuli,Ol mah vüsalilə xoş et bir gecə halim
138,Məhəmməd Füzuli,Olmaz oldu görüb əhvalımı el xublara aşiq
139,Məhəmməd Füzuli,Olsaydı məndəki qəm Fərhadi-mübtəladə
140,Məhəmməd Füzuli,"Olur qəddim düta eşqin yolunda, hər bəla görgəc"
141,Məhəmməd Füzuli,"Olur rüxsarına gün, ləlinə gülbərgi-tər aşiq"
142,Məhəmməd Füzuli,Payibənd oldum səri-zülfi-pərişanın görüb
143,Məhəmməd Füzuli,Padişahi-mülk
144,Məhəmməd Füzuli,Pənbeyi-daği-cünun içrə nihandır bədənim
145,Məhəmməd Füzuli,Pərişan xəlqi-aləm ahü əfğan etdiyimdəndir
146,Məhəmməd Füzuli,Qaliba bir əhli-dil toprağidir dürdi-şərab
147,Məhəmməd Füzuli,Qamətin xidmətinə sərvin əyilməz başı
148,Məhəmməd Füzuli,"Pərişan halin oldum, sormadın hali-pərişanım"
149,Məhəmməd Füzuli,Qansı mahin bilməzəm mehrilə olmuş zar sübh
150,Məhəmməd Füzuli,Qansı gülşən gülbüni sərvi-xuramanınca var
151,Məhəmməd Füzuli,"Qaçan kim, qamətindən ayrı seyri-busitan etdim"
152,Məhəmməd Füzuli,Qeyrə eylər bisəbəb min iltifat ol nuşləb
153,Məhəmməd Füzuli,Qübari-səcdeyi-rahin xəti-lövhi-cəbinimdir
154,Məhəmməd Füzuli,"Qıl, səba, könlüm pərişan olduğun cananə ərz"
155,Məhəmməd Füzuli,"Qıldı ol sərv səhər, nazilə həmmamə xüram"
156,Məhəmməd Füzuli,"Qılsa vəslin şamımı sübhə bərabər, yox əcəb"
157,Məhəmməd Füzuli,Qıldı zülfün tək pərişan halimi xalin sənin
158,Məhəmməd Füzuli,Qıymadın sakini-kuyin olana peykanın
159,Məhəmməd Füzuli,"Qəbrim daşına kim, qəm odundan zəbanədir"
160,Məhəmməd Füzuli,"Qəmdən öldüm, demədim hali-dili-zar sana"
161,Məhəmməd Füzuli,Qəd ənarəl-eşqə-lil-üşşaqi minhacəl hüda
162,Məhəmməd Füzuli,Qəmindən başə dün həsrət əlilə ol qədər vurdum
163,Məhəmməd Füzuli,Qəmzə peykanın gözün mən mübtəladən saxlamaz
164,Məhəmməd Füzuli,"Riştədir cismim ki, dövri-çərx vermiş tab ona"
165,Məhəmməd Füzuli,"Razi-eşqin saxlaram eldən nihan, ey sərvinaz"
166,Məhəmməd Füzuli,Ruzigarım buldu dövrani-fələkdən inqilab
167,Məhəmməd Füzuli,"Rəhm et, ey şəh, məni-dərviş çəkən ahlərə"
168,Məhəmməd Füzuli,Rəngi-ruyindən dəm urmuş sağəri-səhbayə bax!
169,Məhəmməd Füzuli,Rəhrövi-irfanə bəsdir sağərü saqi dəlil
170,Məhəmməd Füzuli,Rəvacın nəqdi-peykanınla bulmuş hüsn bazarı
171,Məhəmməd Füzuli,Saqinamə
172,Məhəmməd Füzuli,"Saqiya, cam tut ol aşiqə kim, qayğuludur"
173,Məhəmməd Füzuli,"Saqiya, mey sun ki, dami-qəmdürür huşyarlıq"
174,Məhəmməd Füzuli,"Saçma, ey göz, əşkdən könlümdəki odlarə su"
175,Məhəmməd Füzuli,Saçın əndişəsi təhriki-zənciri-cünunumdur
176,Məhəmməd Füzuli,"Seyr qıl, gör kim, gülüstanın nə abü tabı var"
177,Məhəmməd Füzuli,Söz (Füzuli)
178,Məhəmməd Füzuli,Sübh salıb mah rüxündən niqab
179,Məhəmməd Füzuli,"Səba, lütf etdin, əhli-dərdə dərmandan xəbər verdin"
180,Məhəmməd Füzuli,"Süluki-fəqr ətvarım, məzaqi-eşq halımdır"
181,Məhəmməd Füzuli,"Səba, əğyardan pünhan, qəmim dildarə izhar et"
182,Məhəmməd Füzuli,Səbuh üçün mənə dürdi-meyi-şəbanə yetər
183,Məhəmməd Füzuli,"Səbrim alıb fələk, mənə yüz min bəla verər"
184,Məhəmməd Füzuli,Səbadən gül üzündə sünbüli-pürpiçü tab oynar
185,Məhəmməd Füzuli,"Sübh çəkmiş çərxə, çalmış daşə tiğin afitab"
186,Məhəmməd Füzuli,Sən üzündən aləmi rövşən qılıb saldın niqab
187,Məhəmməd Füzuli,"Səcdədir hər qanda bir büt görsəm, ayinim mənim"
188,Məhəmməd Füzuli,Sərvi-azad qədinilə mana yeksan görünür
189,Məhəmməd Füzuli,Tutuşdu qəm oduna şad gördüyün könlüm
190,Məhəmməd Füzuli,"Ta ki, taği-zərnigarın çərx viran eyləmiş"
191,Məhəmməd Füzuli,"Tökdükcə qanımı oxun, ol asitan içər"
192,Məhəmməd Füzuli,Səvadi-büqeyi Bağdad çeşmi-həft kişvərdir
193,Məhəmməd Füzuli,Tərəşşüh qəbrimin daşından etmiş çeşmimin yaşi
194,Məhəmməd Füzuli,Təşneyi-cami-vüsalın abi-heyvan istəməz
195,Məhəmməd Füzuli,Tənimdə zəxmi-tiğin çeşmi-xunəfşanə bənzətdim
196,Məhəmməd Füzuli,"Təriqi-fəqr tutsam təb tabe, nəfs ram olmaz"
197,Məhəmməd Füzuli,Xaki-rəh etdi aşiqi-miskini ol həvəs
198,Məhəmməd Füzuli,"Var ümidim ki, görüb cövlanını olsam həlak"
199,Məhəmməd Füzuli,Vəh nədir ol tairi-fərxəndəbalü tiz pər
200,Məhəmməd Füzuli,"Vəh nə qamət, nə qiyamət, bu nə şaxi-güli-tərdir"
201,Məhəmməd Füzuli,Xəlqə ağızın sirrini hər dəm qılır izhar söz
202,Məhəmməd Füzuli,"Xoşam kim, dəmbədəm giryan gözüm ol xaki-padəndir"
203,Məhəmməd Füzuli,Xəlqə xublardan vüsali-rahətəfzadır qərəz
204,Məhəmməd Füzuli,"Xoş ol zaman ki, hərimi-vüsalə məhrəm idim"
205,Məhəmməd Füzuli,Yanan eşq atəşinə atəşi-duzəxdən eyməndir
206,Məhəmməd Füzuli,Xəm açıldıqca zülfündən bəlavü möhnətim artar
207,Məhəmməd Füzuli,Xəm qədilə ağılaram ol türreyi-tərrarsız
208,Məhəmməd Füzuli,Xətti-rüxsarın edər lütfdə reyhan ilə bəhs
209,Məhəmməd Füzuli,"Yar vəslin istəsən, kəsmək gərək candan təmə"
210,Məhəmməd Füzuli,Yar qılmazsa mənə cövrü cəfadən qeyri
211,Məhəmməd Füzuli,Yar vəslin istəyən kəsmək gərək candan təmə
212,Məhəmməd Füzuli,"Yaxma canım, naleyi-biixtiyarımdan saqın"
213,Məhəmməd Füzuli,Yeddi cam
214,Məhəmməd Füzuli,Yeddi cam/Altıncı camın keyfiyyəti
215,Məhəmməd Füzuli,Yeddi cam/Beşinci camın keyfiyyəti
216,Məhəmməd Füzuli,Yeddi cam/Birinci camın keyfiyyəti
217,Məhəmməd Füzuli,Yeddi cam/Dördüncü camın keyfiyyəti
218,Məhəmməd Füzuli,Yeddi cam/Ney ilə söhbət
219,Məhəmməd Füzuli,Yeddi cam/Dəf ilə söhbət
220,Məhəmməd Füzuli,Yeddi cam/Mütrüb ilə söhbət
221,Məhəmməd Füzuli,Yeddi cam/Qanun ilə söhbət
222,Məhəmməd Füzuli,Yeddi cam/Ud ilə söhbət
223,Məhəmməd Füzuli,Yeddi cam/Tar və çəng ilə söhbət
224,Məhəmməd Füzuli,Yeddi cam/Yeddinci camın keyfiyyəti
225,Məhəmməd Füzuli,Yeddi cam/Setar ilə söhbət
226,Məhəmməd Füzuli,Yeddi cam/Üçüncü camın keyfiyyəti
227,Məhəmməd Füzuli,Yeddi cam/İkinci camın keyfiyyəti
228,Məhəmməd Füzuli,Yenə ol mah mənim aldı qərarım bu gecə
229,Məhəmməd Füzuli,"Yüksəlir göylərə, ey mah, fəğanım sənsiz"
230,Məhəmməd Füzuli,"Yürü, yetir mənə, ey simi-əşk, bidad et"
231,Məhəmməd Füzuli,Yıxdı saqi bir əyağ ilə məni-əfkarı
232,Məhəmməd Füzuli,Zairi-meyxanəyəm müğ səcdəsidir taətim
233,Məhəmməd Füzuli,Zövq şövqilə cəhan qeydin çəkən zəhmət çəkər
234,Məhəmməd Füzuli,Zülfi kimi ayağın qoymaz öpəm nigarım
235,Məhəmməd Füzuli,Çeşmi-surətbazimə müjgan səfi həngamədir
236,Məhəmməd Füzuli,"Zəhi, zatın nihanü ol nihandan masiva peyda"
237,Məhəmməd Füzuli,Çıxdı yaşıl pərdədən ərz eylədi rüxsar gül
238,Məhəmməd Füzuli,Çəkər birəhmlər yanında hər saət zəban xəncər
239,Məhəmməd Füzuli,"Öylə rənadır, gülüm, sərvi-xuramanın sənin"
240,Məhəmməd Füzuli,Çərx hər ay başına salmış qaşından bir xəyal
241,Məhəmməd Füzuli,Üzünü güzgüyə qeybətdə oxşadan qafil
242,Məhəmməd Füzuli,İstərəm (Füzuli)
243,Məhəmməd Füzuli,Şikayətnamə
244,Məhəmməd Füzuli,Şəfayi-vəsl qədrin hicr ilə bimar olandan sor
245,Məhəmməd Füzuli,Şəmi-ruyin afitabi-aləmaradır sənin
246,Məhəmməd Füzuli,Əgər murad isə vermək səfayi-cövhəri-ruh
247,Məhəmməd Füzuli,"Əgər çıxsaydı dərdin cismdən, derdim ki, candır bu"
248,Məhəmməd Füzuli,Əgərçi iynə tək keçdim cahanın cümlə varından
249,Məhəmməd Füzuli,Əksi-rüxsarın ilə oldu müzəyyin mirat
250,Məhəmməd Füzuli,Əksi-rüxsarın ilə oldu müzəyyən mirat
251,Məhəmməd Füzuli,Ələ alır gəzicək ol güli-rəna ətəgin
252,Məhəmməd Füzuli,"Əql yar olsaydı, tərki-eşqi-yar etməzmidim"
253,Məhəmməd Füzuli,Ənisül-qəlb
254,Məhəmməd Füzuli,"Əzbər olmuşdur dilimdə şanlı namın, ya Əli!"
255,Məhəmməd Füzuli,Əzəl katibləri üşşaq bəxtin qarə yazmışlar
256,Məhəmməd Füzuli,Əşrəqət min fələkil-behcəti şəmsün və biha
257,İmadəddin Nəsimi,Afərin olsun nigarın zülfü ilə qaşinə
258,İmadəddin Nəsimi,Afitabın tələtindən mahi-taban ru tutar
259,İmadəddin Nəsimi,"Allahü əkbər, ey sənəm, hüsnündə heyran olmuşam"
260,İmadəddin Nəsimi,Aləmdə bu gün əhdi bütün yar ələ girməz
261,İmadəddin Nəsimi,Ay ilə gün sücud edər surəti-canfəzayinə
262,İmadəddin Nəsimi,Apardı könlümü bir çeşmi-məxmur
263,İmadəddin Nəsimi,Ayrılıqdan yar mənim bağrımı büryan eylədi
264,İmadəddin Nəsimi,Apardı könlümü məndən bu gün ol cənnətin huri
265,İmadəddin Nəsimi,"Aşiq bəla yolunda gərək kim, həmul ola"
266,İmadəddin Nəsimi,"Bahar oldu, gəl ey dilbər, tamaşa qıl bu gülzarə"
267,İmadəddin Nəsimi,Bağrımnı dəlür navəki-hicrani-filani
268,İmadəddin Nəsimi,"Başını top eyləgil, gir vəhdətin meydanına"
269,İmadəddin Nəsimi,"Bir cəfakeş aşiqəm, ey yar, səndən dönməzəm"
270,İmadəddin Nəsimi,"Bir dəxi görmək camalın könlüm, ey can, arzular"
271,İmadəddin Nəsimi,"Bir saqiyi-baqi ki, vəfa qıldı vüsalə"
272,İmadəddin Nəsimi,"Boyundur sidrəvü tuba, dodağın abi-heyvandır"
273,İmadəddin Nəsimi,"Bu necə qəddü qamətdir ki, bənzər sərvi-balayə"
274,İmadəddin Nəsimi,"Bu nə adətdir, ey türki-pərizad"
275,İmadəddin Nəsimi,Bənövşə zülfünü salmış gül üzrə ənbərin sayə
276,İmadəddin Nəsimi,Bərgi-nəsrin üzrə mişkin zülfünü dam eyləmə
277,İmadəddin Nəsimi,Cahan üzün günəşindən münəvvər olmuşdur
278,İmadəddin Nəsimi,Camalın fitnəsi tutdu cahanı
279,İmadəddin Nəsimi,Camalın rövzeyi-rizvan deyilmi
280,İmadəddin Nəsimi,Camalın tələti gülzara bənzər
281,İmadəddin Nəsimi,Camalındır həqqin zatü sifatı
282,İmadəddin Nəsimi,"Can eşqə düşdü, ey könül, yarəb, nədir tədbirimiz"
283,İmadəddin Nəsimi,"Cana, sən candan nə kim, gəlsə cigərlər ağrımaz"
284,İmadəddin Nəsimi,"Cana, üz istivasına şəqqül-qəmər gərək"
285,İmadəddin Nəsimi,Canana mənim sevdiyimi can bilir ancaq
286,İmadəddin Nəsimi,"Canıma düşdü firqətin, gör ki, nə nar içindəyəm"
287,İmadəddin Nəsimi,Canımı qıldım fəda şol dilbərin didarına
288,İmadəddin Nəsimi,"Canımı yandırdı şövqün, ey nigarım, qandasan"
289,İmadəddin Nəsimi,"Canımın, cana, vüsalın can içində canıdır"
290,İmadəddin Nəsimi,"Cənnəti-ədn imiş üzün, üştə ləbin də kövsəri"
291,İmadəddin Nəsimi,"Daldım yenə bir bəhrə ki, ümman dəxi bilməz"
292,İmadəddin Nəsimi,"Dil bazarçısı yalandır, varmazam bazarinə"
293,İmadəddin Nəsimi,Dil sənin şirin kəlamıntək kəlim olmuşdurur
294,İmadəddin Nəsimi,"Dilbəra, dil səndən özgə bir dəxi yar istəməz"
295,İmadəddin Nəsimi,"Dildarə müştaq oldu can, anın camalın arzular"
296,İmadəddin Nəsimi,"Dinin günəşi, dünyada imanım əfəndi"
297,İmadəddin Nəsimi,"Dinləgil bu sözü ki, candır söz"
298,İmadəddin Nəsimi,"Dünya duracaq yer deyil, ey can, səfər eylə!"
299,İmadəddin Nəsimi,Düşdü könül ala gözün ağınavü qərasinə
300,İmadəddin Nəsimi,"Dünü gün müntəzifəm mən ki, bu pərgar nədir"
301,İmadəddin Nəsimi,Düşdü yenə dəli könül gözlərinin xəyalinə
302,İmadəddin Nəsimi,Düşmüş müənbər sünbülün xurşidi-taban üstünə
303,İmadəddin Nəsimi,Düşürmüş ənbərin zülyfün hümayun kölgəsin ayə
304,İmadəddin Nəsimi,"Düşdüm əzəldə zülfünə, dam olmadan hənuz"
305,İmadəddin Nəsimi,"Dərdmənd etdin məni, ey dərdə dərman erməni"
306,İmadəddin Nəsimi,"Dərdü qəm ilə yandı könül, yar bulunmaz"
307,İmadəddin Nəsimi,"Dərdə müştaq olmayan kimdir ki, dərman istəyə"
308,İmadəddin Nəsimi,Dəryayi-muhit
309,İmadəddin Nəsimi,"Ey Məsihadəm, niyə can vermədin cansızlara?"
310,İmadəddin Nəsimi,Ey camalın ərşi-rəhman qabiə-qövseyn qaşınız
311,İmadəddin Nəsimi,"Ey diriğa kim, cahanda yarü həmdəm kəmdürür"
312,İmadəddin Nəsimi,"Ey gülüm, ey sünbülüm, ey susənim, ey ənbərim"
313,İmadəddin Nəsimi,"Ey həbibim, dilbərim, vey sevgili yarım mənim"
314,İmadəddin Nəsimi,"Ey müsəlmanlar, mədəd, ol yar pünhan ayrılır"
315,İmadəddin Nəsimi,Ey nafeyi-Çin saçın siyahı
316,İmadəddin Nəsimi,"Ey nazı çox dilbər, məni yandırma hicrin narinə"
317,İmadəddin Nəsimi,"Ey nuri-dilü didə, didarına müştaqəm"
318,İmadəddin Nəsimi,"Ey nəsimi-sübhdəm, billah, şu yarım xoşmudur"
319,İmadəddin Nəsimi,"Ey rüxün gülzari-cənnət, saçların reyhanıdır"
320,İmadəddin Nəsimi,"Ey üzü gül, ləbləri mərcanımız"
321,İmadəddin Nəsimi,"Ey üzün nuri-təcəlli, məniyi-iman budur"
322,İmadəddin Nəsimi,Ey üzün şənində münzəl ayəti-Allahu nur
323,İmadəddin Nəsimi,"Ey üzün “nəsrün-minəllah”, vey saçın “fəthün-qərib”"
324,İmadəddin Nəsimi,"Ey əlləzi-yüvəsvis, taətlərin həbadır"
325,İmadəddin Nəsimi,Ey əzəli can ilə cananımız
326,İmadəddin Nəsimi,"Eyşü tərəb yari gül, üzar ilə xoşdu"
327,İmadəddin Nəsimi,"Firqət içində yanıram, dərdimə eylə çarə gəl"
328,İmadəddin Nəsimi,"Firqət içində yürəgim gör ki, nə parə-parədir"
329,İmadəddin Nəsimi,"Firqətin dərdi, nigara, bağrımı qan eylədi"
330,İmadəddin Nəsimi,"Firqətin yandırdı bağrımı, yürəgim qan oldu, gəl!"
331,İmadəddin Nəsimi,"Firqətin dərdindən, ey can, yürəgim qan oldu, gəl!"
332,İmadəddin Nəsimi,Fəraqı çəkməyən aşiq vüsalın qədrini bilməz
333,İmadəddin Nəsimi,"Gördüm camalın şəmini rövşən, məhi-taban budur"
334,İmadəddin Nəsimi,"Getməgə əzm eyləmişsən, ey dilaram, eyləmə"
335,İmadəddin Nəsimi,"Götür niqabını xəlqə görün, ey şəmsü qəmər"
336,İmadəddin Nəsimi,"Görün ki, bəhri-məani nə qəsdi-can eylər"
337,İmadəddin Nəsimi,"Güli-tərdən gülicək, arizinə ma tökülür"
338,İmadəddin Nəsimi,"Gözümdən dəmbədəm axan qəmindən su degil, qandır"
339,İmadəddin Nəsimi,Gülşəni-firdövs edər can bağrını vəsli-həbib
340,İmadəddin Nəsimi,"Gə, gə, gə, gəl ki, seviram sə, sə, sə, sən mehi-Çini"
341,İmadəddin Nəsimi,"Gəl, ey dilbər, məni gör kim, necə xoş yanaram sənsiz"
342,İmadəddin Nəsimi,"Gəl, ey dilbər ki, müştaqam, səni görmək dilər könlüm"
343,İmadəddin Nəsimi,"Gəlgil ki, müştaq olmuşam şirin ləbin gül qəndinə"
344,İmadəddin Nəsimi,"Gəlgil ki, qapdı şövqi-cəmalın qərarımı"
345,İmadəddin Nəsimi,"Gəlgil ki, səndən ayru müştaqə can gərəkməz"
346,İmadəddin Nəsimi,"Gərçi fəraqə düşmüşəm, eyni-vüsal içindəyəm"
347,İmadəddin Nəsimi,"Gətir, gətir, gətir ol kaseyi rəvanpərvər"
348,İmadəddin Nəsimi,"Hüsnün, təbarəkallah, ənvari-ləmyəzəldir"
349,İmadəddin Nəsimi,Hüsnünə heyran durur hurü mələk
350,İmadəddin Nəsimi,Hüsnün təala şanəhü sünində heyran olmuşam
351,İmadəddin Nəsimi,"Hüsnünə sübhanəhü kim ki, şəhid olmadı"
352,İmadəddin Nəsimi,"Həbiba, firqətin saldı məlalə"
353,İmadəddin Nəsimi,"Həbibim, izzətim, canım, cahanım"
354,İmadəddin Nəsimi,"Hər kim ki, müştaq olmadı şol dilbərin didarinə"
355,İmadəddin Nəsimi,Həsrət yaşı hər ləhzə qılır bənzimizi saz
356,İmadəddin Nəsimi,"Kim aydır kim, üzün gülnara bənzər"
357,İmadəddin Nəsimi,Könlümdə mənim eşqi-camalın əzəlidir
358,İmadəddin Nəsimi,Könlümün viranəsində gənci-pünhan bulmuşam
359,İmadəddin Nəsimi,"Könlümün şəhrini çün kim, eylədi yəğmayi-eşq"
360,İmadəddin Nəsimi,Könül sarayına mehri buraxdı ta tabi
361,İmadəddin Nəsimi,"Kəbə üzündür, ey sənəm, üzünədir sücudumuz"
362,İmadəddin Nəsimi,Ləbinə əhli-nəzər çeşmeyi-heyvan dedilər
363,İmadəddin Nəsimi,Ləblərin şərbətinə çeşmeyi-heyvan susadı
364,İmadəddin Nəsimi,"Ləbinə əhli-nəzər can dedilər, gerçəkmiş"
365,İmadəddin Nəsimi,"Mahi-tabandır üzün, ey afitabi-xavəri"
366,İmadəddin Nəsimi,Mana sənsiz cahanü can gərəkməz
367,İmadəddin Nəsimi,Mehri-rüxün tabına düşdü könül yanədir
368,İmadəddin Nəsimi,Mişkin saçın hər tarəsin iki cahana verməzəm
369,İmadəddin Nəsimi,Mişkin saçın səvadına mişki-Xəta derəm
370,İmadəddin Nəsimi,Mövsimi-novruzü neysan
371,İmadəddin Nəsimi,"Müənbər sünbülün, şaha, güli-siraba pürçindir"
372,İmadəddin Nəsimi,"Mən ki, dərvişəm, fəqirəm, padişahi-aləməm"
373,İmadəddin Nəsimi,"Mən mülki-cəhan, cəhan mənəm, mən"
374,İmadəddin Nəsimi,"Məndə sığar iki cahan, mən bu cahanə sığmazam"
375,İmadəddin Nəsimi,"Məndən üzün yaşırma kim, səcdəgahım oldur"
376,İmadəddin Nəsimi,"Mənim rəhbanımü deyrim, səlibim, dinim, imanım"
377,İmadəddin Nəsimi,"Mənim yari-vəfadarım, gəl axır"
378,İmadəddin Nəsimi,"Mərhəba, ey bəhri-zatın gövhəri-yekdanəsi"
379,İmadəddin Nəsimi,"Mətləi-hüsnün, ey sənəm, məzhəri-layəzalidir"
380,İmadəddin Nəsimi,Nagəhan könlümə düşdü şurişi-qovğayi-eşq
381,İmadəddin Nəsimi,"Neylərəm mən bunda durub, çünki dildar andadır"
382,İmadəddin Nəsimi,"Nigarım, dilbərim, yarım, ənisim, munisim, canım"
383,İmadəddin Nəsimi,"Nə süni-paki-yəzdansan, a dilbər"
384,İmadəddin Nəsimi,"Olmaya məstanə eynintək, şəha, məkkar kar"
385,İmadəddin Nəsimi,"Qara saçın ki, zülmatındadur nur"
386,İmadəddin Nəsimi,Qaşın vəhyi bizə bürhan irişdi
387,İmadəddin Nəsimi,Qibləgahımdır Əli
388,İmadəddin Nəsimi,Rübailər (Nəsimi)
389,İmadəddin Nəsimi,Rəhməti gəldi irişdi fəzli-rəhmanın yenə
390,İmadəddin Nəsimi,"Rəvamıdır, rəvamıdır, həbibi"
391,İmadəddin Nəsimi,Surətin nəqşində hər kim görmədi nəqqaşını
392,İmadəddin Nəsimi,"Surəti-həqqə, ey sənəm, bədri-rüxündür ayinə"
393,İmadəddin Nəsimi,"Surətin nəqşində könlüm, ey sənəm, heyran olur"
394,İmadəddin Nəsimi,Surətin nəqşinə xəyal irəməz
395,İmadəddin Nəsimi,Susadı könlüm nigarın lə’li-ruhəfzasinə
396,İmadəddin Nəsimi,Sünbüli-zülfünün əgər qonşusu lalə düşməyə
397,İmadəddin Nəsimi,Sünbülün əbrində gördüm uş məhi-taban gəlir
398,İmadəddin Nəsimi,Səba zülfün nəsimindən cahanı cümlə can etdi
399,İmadəddin Nəsimi,"Səfavü zövqi-dünyaya, könül, aldanma, al eylər"
400,İmadəddin Nəsimi,"Səhərdə gül üzün şaha, çü gülşəndə gülab oynar"
401,İmadəddin Nəsimi,"Sən mana yar ol ki, könlüm bir dəxi yar istəməz"
402,İmadəddin Nəsimi,"Səndən iraq, ey sənəm, şamü səhər yanaram"
403,İmadəddin Nəsimi,"Sənmisən, ey mahsurət, cənnətin eynində hur"
404,İmadəddin Nəsimi,"Sənəma, üzün gülündən gülə-gülə gül utandı"
405,İmadəddin Nəsimi,Sərvin qatında sidrəvü Tuba rəvan olur
406,İmadəddin Nəsimi,"Ta ki, gəldi eşqin, ol mənliyi məndən qapdı"
407,İmadəddin Nəsimi,"Ta kim, üzünü görmüşəm, hüsnündə heyran olmuşam"
408,İmadəddin Nəsimi,Tutdu gülzari-cahanı əbri-gövhərbar bar
409,İmadəddin Nəsimi,"Ta üzün gördüm, nigara, qəmdən azad olmuşam"
410,İmadəddin Nəsimi,"Təalallah ki, sünidən sənintək xoş camal eylər"
411,İmadəddin Nəsimi,Var bu cahandan özgə bizim bir cahanımız
412,İmadəddin Nəsimi,Vəchdən dilbər götürmüşdür niqab
413,İmadəddin Nəsimi,Vəchində peydadır sənin ənvari-zati-kibriya
414,İmadəddin Nəsimi,"Vəslin əcəb nə candır kim, canımış bəhası"
415,İmadəddin Nəsimi,"Yandırdı şövqün canımı, ey dərdə dərman, qandasan"
416,İmadəddin Nəsimi,"Yandırdı eşqin bağrımı, səndən mana dərman gərək"
417,İmadəddin Nəsimi,Yandırıcı firqətin yaxdı məni narinə
418,İmadəddin Nəsimi,"Yarəb, nə səbəbdəndir olur taqətimiz taq"
419,İmadəddin Nəsimi,"Yarın cəfası cümlə vəfadır, cəfa degil"
420,İmadəddin Nəsimi,"Zülfün gecəsi qədrdürür, al yanağın ay"
421,İmadəddin Nəsimi,Yüz min cəfa qılsan mənə
422,İmadəddin Nəsimi,"Zülfün girehləri, sənəma, həlqə-həlqə tab"
423,İmadəddin Nəsimi,"Zülfünü ənbərfəşan etmək dilərsən, etməgil!"
424,İmadəddin Nəsimi,"Çünki rəf’ oldu üzündən, ey şəhi-xuban, niqab"
425,İmadəddin Nəsimi,"Ümmana girən eşq ilə, dürdanəyə uğrar"
426,İmadəddin Nəsimi,Üzün bədri cahanın danəsidir
427,İmadəddin Nəsimi,"Üzün günündən, ey qəmər, ənvara düşmüşəm"
428,İmadəddin Nəsimi,Üzündə surəti-rəhmanı gördüm
429,İmadəddin Nəsimi,Üzün nuri-təcəlli məzhəridir
430,İmadəddin Nəsimi,"Üzündür məqsədim, qibləm, ləbindir abi-heyvanım"
431,İmadəddin Nəsimi,"Şol ləbi şirinə, yarəb, gər şəkər dersəm, nola?"
432,İmadəddin Nəsimi,Şahidi-laşərikə ləh şol sənəmin camalıdır
433,İmadəddin Nəsimi,Üzünü surəti-rəhman oxurlar
434,İmadəddin Nəsimi,Şol tamam ayın üzündən çünki rəf oldu niqab
435,İmadəddin Nəsimi,"Şəha, könlümdə daim bir həvəs var"
436,İmadəddin Nəsimi,"Şəha, çün surətin Fürqanımızdır"
437,İmadəddin Nəsimi,Şənbə günü mən uğradım ol sərvi-rəvanə
438,İmadəddin Nəsimi,"Əcəba, bu huri üzlü məhi-bədr, ya pərimi"
439,İmadəddin Nəsimi,Şərbətin acı firqətin nuş edərəm şəkər kimi
440,İmadəddin Nəsimi,"Əcəb lə’linmi şol, ya cani-əhbab?"
441,İmadəddin Nəsimi,Əhdə vəfa eylədi yari-vəfadarımız
442,Şah İsmayıl Xətai,"Ah kim, sǝn getdin, ey ay yüzlü, can qaldı mana"
443,Şah İsmayıl Xətai,Arizin kim ol rüxi-pürnuri-tab üstündǝdir
444,Şah İsmayıl Xətai,Arizindǝ sünbülün ǝnbǝrfişan etmiş durur
445,Şah İsmayıl Xətai,"Aşiq isǝn gǝl bǝrü, kim, cani-canan mǝndǝdir"
446,Şah İsmayıl Xətai,"Aşiq oldur kim, sözü canü dililǝ yar bir"
447,Şah İsmayıl Xətai,Bahariyyə
448,Şah İsmayıl Xətai,Bayatılar (Şah İsmayıl Xətai)
449,Şah İsmayıl Xətai,Baharın gəldiyin nədən biləyim
450,Şah İsmayıl Xətai,"Bir pǝri heyraniyǝm, bilmǝn mǝkani xandadır"
451,Şah İsmayıl Xətai,Bir söz
452,Şah İsmayıl Xətai,Biz də xanədanə gedər der idik
453,Şah İsmayıl Xətai,Biz ǝzǝldǝn ta ǝbǝd meydanǝ gǝlmişlǝrdǝnüz
454,Şah İsmayıl Xətai,Bizim ol dilrüba cananǝmizdir
455,Şah İsmayıl Xətai,"Bu alǝm hüsninǝ heyrandır, ey dust!"
456,Şah İsmayıl Xətai,Bu gün ələ almaz oldum mən sazım
457,Şah İsmayıl Xətai,Bu surahi bir dilarami-pǝri nisbǝtlidir
458,Şah İsmayıl Xətai,"Bu sürahi, filmǝsǝl, bir dilbǝri canan durur"
459,Şah İsmayıl Xətai,"Bu tübşi kim, yeri dǝr, ziri-padır"
460,Şah İsmayıl Xətai,"Bu şahi-pürkǝrǝm, sahibnǝzǝrdir"
461,Şah İsmayıl Xətai,Bulunca
462,Şah İsmayıl Xətai,Cahanda aşiqin çox adı vardır
463,Şah İsmayıl Xətai,"Bütpǝrǝst oldu könül, bütxanǝlǝr küncündǝdir"
464,Şah İsmayıl Xətai,"Can olmaz isə, sən təki canan yetər mana"
465,Şah İsmayıl Xətai,"Cana, könüldǝ hǝmdǝm olan qǝm durur mana"
466,Şah İsmayıl Xətai,Dedilər (Şah İsmayıl Xətai)
467,Şah İsmayıl Xətai,Degil
468,Şah İsmayıl Xətai,"Dilbǝra, hüsnini sane afitab etmiş durur"
469,Şah İsmayıl Xətai,"Dilbǝra, mehrin ǝzǝldǝn sidqilǝ canımda var"
470,Şah İsmayıl Xətai,"Diyari-eşqə sultanəm, dila mən də zəmanimdə"
471,Şah İsmayıl Xətai,"Dədəm, xoş gəldin, xoş gəldin"
472,Şah İsmayıl Xətai,Ey cəmalın gülsitani baği-minudur mana
473,Şah İsmayıl Xətai,"Ey könül, ol mǝnisiz cahili yar etmǝkmolur"
474,Şah İsmayıl Xətai,"Ey könül, hǝr mǝnisiz cahili yar etmǝk nǝdir?"
475,Şah İsmayıl Xətai,"Ey könül, vǝqti-bahar ötdü, xǝzǝn olmuş durur"
476,Şah İsmayıl Xətai,"Ey könül, yar vǝslini qoyma ki, yar ǝldǝn gedǝr"
477,Şah İsmayıl Xətai,"Ey müsǝlmanlar, bu gün ol yari-pünhan ayrılır"
478,Şah İsmayıl Xətai,"Ey sǝnǝm, neyçün sǝnin vǝdǝn xilaf olmuş durur"
479,Şah İsmayıl Xətai,"Eşqin ey dilbǝr, könül tǝxtindǝ şah olmuş durur"
480,Şah İsmayıl Xətai,"Getdi ol dilbǝr, bǝsi dǝrdü bǝla qaldı mana"
481,Şah İsmayıl Xətai,"Getdi ol mǝhru yanımdan, yüz cǝfa qaldı mana"
482,Şah İsmayıl Xətai,"Getmǝ sǝn eşqin ki, bir kǝnci-nihan ǝldǝn gedǝr"
483,Şah İsmayıl Xətai,"Gördüm yüzüni, ey sǝnǝm, billah ki, xoş cananǝdir"
484,Şah İsmayıl Xətai,"Gǝl ey arif, sana hǝr dǝm tǝvafi-hǝcci-ǝkbǝrdir"
485,Şah İsmayıl Xətai,"Gǝldi sürahi mǝclisǝ, rǝf eylǝmiş niqab"
486,Şah İsmayıl Xətai,"Gəl, a könül, xoş görəlim bu dəmi"
487,Şah İsmayıl Xətai,Gərəkməz
488,Şah İsmayıl Xətai,Hali-dilimni bǝndǝdǝn ol yarǝ söylǝniz
489,Şah İsmayıl Xətai,Hǝq lǝbindǝn ğönçǝni gülşǝndǝ xǝndan eylǝmiş
490,Şah İsmayıl Xətai,Hǝq ǝzǝl meyxanǝsindǝn verdi bu cami mana
491,Şah İsmayıl Xətai,Hǝqin nüsxǝlǝrindǝ bir bǝyan var
492,Şah İsmayıl Xətai,"Hǝr kimǝ kim, sǝncǝliyǝn bir pǝrivǝş yar ola"
493,Şah İsmayıl Xətai,Həqiqət bəhrizatun əkbər oldu
494,Şah İsmayıl Xətai,Hər dəm ğəmində naləvü ahim yetər mana
495,Şah İsmayıl Xətai,"Kuyin sǝnin ki, rozeyi-darüssǝlamdir"
496,Şah İsmayıl Xətai,"Könül bir yarı sevdi kim, pǝridir"
497,Şah İsmayıl Xətai,Mǝnǝm bir tǝn vǝ leykin can onundur
498,Şah İsmayıl Xətai,"Mǝnim ol, suvlu yarım gǝldi xoşdur"
499,Şah İsmayıl Xətai,Neylǝrǝm ol cǝnnǝti içindǝ dildar olmasa
500,Şah İsmayıl Xətai,"Novcavan ol pir ikǝn, dövran ki, canan dövridir"
501,Şah İsmayıl Xətai,"Nǝ buyursan şǝha, fǝrman sǝnindir"
502,Şah İsmayıl Xətai,Nəzər eylə
503,Şah İsmayıl Xətai,"Ol kimsǝ kim, bu dünyǝvü üqbadǝ şahdir"
504,Şah İsmayıl Xətai,Pǝrişan zülfi-müşkinin güli-xǝndanǝ düşmüşdür
505,Şah İsmayıl Xətai,"Qalsın könül, yol qalmasın"
506,Şah İsmayıl Xətai,Qamǝtindǝn münfǝildir sayeyi-sǝrvi bülǝnd
507,Şah İsmayıl Xətai,"Qaçma məndən, qaçma avçı deyiləm"
508,Şah İsmayıl Xətai,"Ta ki, dǝrdindǝn olubdur yürǝgim sǝdparǝlǝr"
509,Şah İsmayıl Xətai,"Ta mǝnim könlümdǝ, cana, hǝsrǝti-cananǝdi"
510,Şah İsmayıl Xətai,Varmıdır
511,Şah İsmayıl Xətai,Vücudim şəhrin seyr edib gəzərim
512,Şah İsmayıl Xətai,Vǝchindǝ peydadır sǝnin ǝnvari-zati-kibriya
513,Şah İsmayıl Xətai,"Xandadir ol bimisalın ibtidası, xandǝdir?"
514,Şah İsmayıl Xətai,"Xar oldu yürǝgim hicrindǝ, ey gül yüzlü yar"
515,Şah İsmayıl Xətai,Yanağın ey pǝri can mǝnzilidir
516,Şah İsmayıl Xətai,Yarı gördüm bu gün xǝndan oturmuş
517,Şah İsmayıl Xətai,Yol əhlinin
518,Şah İsmayıl Xətai,"Yer yox ikən, gög yox ikən, ta əzəldən var idim"
519,Şah İsmayıl Xətai,İki alǝmdǝ sultandır qǝlǝndǝr
520,Şah İsmayıl Xətai,Övliyadan hasil etdik eşq ilǝ sevdayi biz
521,Şah İsmayıl Xətai,İstərlər
522,Şah İsmayıl Xətai,"İçmişəm bir dolu, olmuşam ayıq"
523,Şah İsmayıl Xətai,Şah mənəm
524,Şah İsmayıl Xətai,Şah İsmayılla bağlı mübahisələrə dair bir neçə tezis
525,Şah İsmayıl Xətai,"Şǝha, ol zülfi-müşkinin nǝ ziba çinn-pürçindir"
526,Şah İsmayıl Xətai,"Əhli-hǝyatǝ söylǝrǝm, ey hǝyyi-lamǝmat"
527,Şah İsmayıl Xətai,Ərənlər
528,Şah İsmayıl Xətai,"Ərzǝ yazdım mǝn sǝnǝ, ey şah xubanım, mǝdǝd!"
529,Şah İsmayıl Xətai,"Əya gül yüzlü, çöhrǝn ayǝ bǝnzǝr!"
530,Şah İsmayıl Xətai,Əzǝldǝn ta ǝbǝd heydǝr gǝlübdür
531,Şah İsmayıl Xətai,Əzəldən şah bizim sultanımızdır
532,Molla Pənah Vaqif,Aldı canım naz ilə ol gözləri şəhla pəri
533,Molla Pənah Vaqif,Aya qılasan
534,Molla Pənah Vaqif,Alı sən
535,Molla Pənah Vaqif,Ayağa məni
536,Molla Pənah Vaqif,Ayrıldıq
537,Molla Pənah Vaqif,Ağ gəlin
538,Molla Pənah Vaqif,Ağlayır (Molla Pənah Vaqif)
539,Molla Pənah Vaqif,"Badi-səba, bir xəbər vеr könlümə"
540,Molla Pənah Vaqif,Aşiqəm
541,Molla Pənah Vaqif,Bax (Molla Pənah Vaqif)
542,Molla Pənah Vaqif,Bayram oldu
543,Molla Pənah Vaqif,Bir gözəl qamətli yari-lalərəngi sеvmişəm
544,Molla Pənah Vaqif,Bir-birinə həmdəm iki növcavan
545,Molla Pənah Vaqif,Bu daqal
546,Molla Pənah Vaqif,"Bu hal ilə, həbibim, həsrətindən can keçsinmi?"
547,Molla Pənah Vaqif,Bəzənibdir
548,Molla Pənah Vaqif,Bəri bax (Molla Pənah Vaqif)
549,Molla Pənah Vaqif,Canan dağına
550,Molla Pənah Vaqif,Cəmalın gözümdən nihan оlalı
551,Molla Pənah Vaqif,Dodaqlarından
552,Molla Pənah Vaqif,Durnalar (Molla Pənah Vaqif)
553,Molla Pənah Vaqif,Deyiləm (Molla Pənah Vaqif)
554,Molla Pənah Vaqif,Dəhrdə оldu mənə dildarü dilbər bir tüfəng
555,Molla Pənah Vaqif,"Ey Kəbəm, Kərbəlam, Məkkəm, Mədinəm"
556,Molla Pənah Vaqif,Evində
557,Molla Pənah Vaqif,"Dərdin öldürdü məni, еy növcəvanım, gələ gör"
558,Molla Pənah Vaqif,"Ey büti-tutizəban, gəl ki, məqalın istərəm"
559,Molla Pənah Vaqif,Ey rəngi-rüxi-alına heyran gülü lalə
560,Molla Pənah Vaqif,"Ey huri liqalım, mələk simalım"
561,Molla Pənah Vaqif,Ey səba
562,Molla Pənah Vaqif,Eyləyəm
563,Molla Pənah Vaqif,"Ey zülfü siyəh, sinəsi əbyəz, gözü alə"
564,Molla Pənah Vaqif,Görmədim (Molla Pənah Vaqif)
565,Molla Pənah Vaqif,Görməmişəm
566,Molla Pənah Vaqif,Görəydim (Molla Pənah Vaqif)
567,Molla Pənah Vaqif,Gəlin (Molla Pənah Vaqif)
568,Molla Pənah Vaqif,"Hayıf ki, yoxdur!"
569,Molla Pənah Vaqif,"Hər səhər bad əsər, arızı-cananə dəyər"
570,Molla Pənah Vaqif,Gərək (Molla Pənah Vaqif)
571,Molla Pənah Vaqif,"Kim ki, sevdayi-səri-zülfu-pərişanə düşər"
572,Molla Pənah Vaqif,Mehribanlıq görməyib bir mehliqadən küsmüşəm
573,Molla Pənah Vaqif,Molla Pənah Vaqiflə Molla Vəli Vidadinin deyişməsi
574,Molla Pənah Vaqif,Məhəmməd (Molla Pənah Vaqif)
575,Molla Pənah Vaqif,Mərhum Vaqifin qəzəli
576,Molla Pənah Vaqif,Neyləmişəm məndən üz döndəribsən
577,Molla Pənah Vaqif,Nagəhan bir dərdə düşdü olmadı dərman cavad
578,Molla Pənah Vaqif,"Mərhəba, sən bizə, еy türfə cavan, xоş gəldin!"
579,Molla Pənah Vaqif,Ola (Molla Pənah Vaqif)
580,Molla Pənah Vaqif,Ozər babısan
581,Molla Pənah Vaqif,Olur (Molla Pənah Vaqif)
582,Molla Pənah Vaqif,Oynasın (Molla Pənah Vaqif)
583,Molla Pənah Vaqif,Pəri (Molla Pənah Vaqif)
584,Molla Pənah Vaqif,Qabağında (Molla Pənah Vaqif)
585,Molla Pənah Vaqif,Qurban olduğum (Molla Pənah Vaqif)
586,Molla Pənah Vaqif,Qurbanıyam mən
587,Molla Pənah Vaqif,Qış günü çünki dönər şоl cənnətül-məvayə kürk
588,Molla Pənah Vaqif,"Sevdiyim, ləblərin yaquta bənzər"
589,Molla Pənah Vaqif,Səhər-səhər həsrət ilən gəzirdim
590,Molla Pənah Vaqif,Sən qönçə kimi hər bir edən dəmdə yaşınmaq
591,Molla Pənah Vaqif,"Sənin, еy şux məlaikzadə, qurbanın оlum"
592,Molla Pənah Vaqif,Sərasər bir yerə yığılsa xublar
593,Molla Pənah Vaqif,Tüfəng
594,Molla Pənah Vaqif,"Tuba bоylum, qamətindi sərvü ərərdən gözəl"
595,Molla Pənah Vaqif,"Valinin çеşmi çırağı, vəh nə türfə can imiş"
596,Molla Pənah Vaqif,Vaqifin
597,Molla Pənah Vaqif,Vaqif bu qəzəli Vidadinin xahişi ilə yazıb
598,Molla Pənah Vaqif,Vaqifə cavabında Vidadinin qəzəli
599,Molla Pənah Vaqif,Vaxtı dеyil
600,Molla Pənah Vaqif,Vidadi ilə müşairə
601,Molla Pənah Vaqif,"Verdi ağa mənə bir çuxa ki, min donə dəyər"
602,Molla Pənah Vaqif,"Vəh, bu bağın nə əcəb sərvi dilaraları var"
603,Molla Pənah Vaqif,"Ya rəbbi, bu şəhrə, o üzü mah gələydi"
604,Molla Pənah Vaqif,Yoxdur (Molla Pənah Vaqif)
605,Molla Pənah Vaqif,Zülfün (Molla Pənah Vaqif)
606,Molla Pənah Vaqif,Öpəydim (Molla Pənah Vaqif)
607,Molla Pənah Vaqif,Çıxar
608,Molla Pənah Vaqif,Üzündən оl günəş rüxsar ta məcər çəkib durmuş
609,Molla Pənah Vaqif,Şamama (Can verib yuz minnət ilə almışam) (Molla Pənah Vaqif)
610,Molla Pənah Vaqif,Əzəldən biz də bir şəkər ləbi sevdik sevənlər tək
611,Molla Pənah Vaqif,"Əla еy təxtigahi-mədələt sultanı, xоş gəldin!"
612,Molla Pənah Vaqif,Əfəndi
613,Molla Pənah Vaqif,"Еy mahi-şərəf, mеhrü vəfalər gətiribsən"
614,Molla Pənah Vaqif,"Еy qaşı kaman, kirpiyi pеykan, qaraçarqat"
615,Molla Pənah Vaqif,"Оl mahi-münəvvər ki, səhərdən gеdəcəkdir"
616,Molla Pənah Vaqif,"Еy pərisima, sənin didarının müştaqiyəm"
617,Qasım bəy Zakir,"Aslan, qurd və çaqqal"
618,Qasım bəy Zakir,Ayrı (Qasım bəy Zakir)
619,Qasım bəy Zakir,Arasında (Qasım bəy Zakir)
620,Qasım bəy Zakir,Ay mədəd (Qasım bəy Zakir)
621,Qasım bəy Zakir,Can cilvələnir qaməti-mövzunu görəndə
622,Qasım bəy Zakir,Canımız
623,Qasım bəy Zakir,Durnalar (Qasım bəy Zakir)
624,Qasım bəy Zakir,Dəvə və eşşək
625,Qasım bəy Zakir,"Dost yolunda cəfa çəkdim, can üzdüm"
626,Qasım bəy Zakir,Gövhər ağaya
627,Qasım bəy Zakir,Gəlsin (Qasım bəy Zakir)
628,Qasım bəy Zakir,Gərək (Qasım bəy Zakir)
629,Qasım bəy Zakir,Gərcı tutub aləmı şunşu qovğayı-eşq
630,Qasım bəy Zakir,Mirzə (Qasım bəy Zakir)
631,Qasım bəy Zakir,Məndən (Qasım bəy Zakir)
632,Qasım bəy Zakir,Oldu (Qasım bəy Zakir)
633,Qasım bəy Zakir,Sədaqətli dostlar haqqında
634,Qasım bəy Zakir,Qəsdin budu gər xatiri-biçarə dağılsın
635,Qasım bəy Zakir,Sana
636,Qasım bəy Zakir,Sən onda elə zovqu səfa bağ arasında
637,Qasım bəy Zakir,Səninlə
638,Qasım bəy Zakir,Tülkü və Qurd (Qasım bəy Zakir)
639,Qasım bəy Zakir,Tapşırdım
640,Qasım bəy Zakir,Tülkü və şir
641,Qasım bəy Zakir,Var mülki-Qarabağda çox dun köpək oğlu
642,Qasım bəy Zakir,Xəbər alsan bu vilanın əhvalın
643,Qasım bəy Zakir,Vilayətin məğşuşluğu haqqında
644,Qasım bəy Zakir,Zur etdi dəhr möhnəti canə yavaş-yavaş
645,Qasım bəy Zakir,Yenə
646,Qasım bəy Zakir,Yoxdu bu bəzmdə gərçi sitəmi-yarı görən
647,Qasım bəy Zakir,Çağıdı (Qasım bəy Zakir)
648,Qasım bəy Zakir,Öpüm
649,Seyid Əzim Şirvani,Alimi-biəməl vaqiəsi
650,Seyid Əzim Şirvani,Abid və quru kəllə
651,Seyid Əzim Şirvani,Aləmdə səsim var mənim
652,Seyid Əzim Şirvani,Aslan və qarışqa əhvalatı
653,Seyid Əzim Şirvani,Aslan və iki öküz
654,Seyid Əzim Şirvani,Ayı və siçan
655,Seyid Əzim Şirvani,"Bir məktuba cavab (Bir vəqti-xocəstə, hiyni-xürrəm)"
656,Seyid Əzim Şirvani,"Bir məktuba cavab (Dusti-girami, sənə olsun səlam)"
657,Seyid Əzim Şirvani,Bir nəfər dosta
658,Seyid Əzim Şirvani,Bir dostun məktubuna cavab
659,Seyid Əzim Şirvani,"Bəlayi-eşqə düşdürt, ey büti-mehparə, səbr eylə"
660,Seyid Əzim Şirvani,"Bir çarə qıl, ey əmmə, mən ölsəm kəfən olmaz"
661,Seyid Əzim Şirvani,Cahil ata ilə alim oğul hekayəsi
662,Seyid Əzim Şirvani,Dilənçi və xəsis (Seyid Əzim Şirvani)
663,Seyid Əzim Şirvani,"Dolanım başına ey nazlıca yarım, bəri bax"
664,Seyid Əzim Şirvani,Dəvə ilə eşşəyin yol getməsi
665,Seyid Əzim Şirvani,"Dün dolandım başına, söylədi pərvanədi bu"
666,Seyid Əzim Şirvani,Dəvə və balası
667,Seyid Əzim Şirvani,"Ey könül, məscid yolun tərk et, rəhi-meyxanə tut"
668,Seyid Əzim Şirvani,Eşşək və arı
669,Seyid Əzim Şirvani,Ey olan hadiyi-әrbabi-zәlәalәt Hadi
670,Seyid Əzim Şirvani,"Gecə gördüm səni, ey afəti-dövran, yuxuda"
671,Seyid Əzim Şirvani,"Guş qıl, ey ki bilirsən özüvi vaqifi-kar"
672,Seyid Əzim Şirvani,Gənc sərxoş və abid
673,Seyid Əzim Şirvani,Hacı və molla əhvalatı
674,Seyid Əzim Şirvani,Hatəmin macərası
675,Seyid Əzim Şirvani,Harun və şairlər əhvalatı
676,Seyid Əzim Şirvani,Hanı o malı ilə mən işrət etdigim gecələr
677,Seyid Əzim Şirvani,Hekayət (Omiros adlı bir həkimi-zaman)
678,Seyid Əzim Şirvani,Hekayət (Var idi bir maral çox ətşan)
679,Seyid Əzim Şirvani,Hikmət
680,Seyid Əzim Şirvani,Həccac ilə dərvişin söhbəti
681,Seyid Əzim Şirvani,Həmədan hakimi
682,Seyid Əzim Şirvani,Həmədan kəndinin hekayəsi
683,Seyid Əzim Şirvani,"Kim ki, eylərsə libasini mübəddəl kəfənə"
684,Seyid Əzim Şirvani,"Həzaran şükr kim, bir şəxsi-aliqədr hümmətdən"
685,Seyid Əzim Şirvani,Loğmanın satılması
686,Seyid Əzim Şirvani,Loğmanın vəqəsi (Belə təqrir ediblər əhli-bəyan)
687,Seyid Əzim Şirvani,Loğmanın vəqəsi (Dörd min il ömr eylədi Loğman)
688,Seyid Əzim Şirvani,"Maşallah, bu gözəl kimdi ki, Şirvanə gəlib"
689,Seyid Əzim Şirvani,"Mir Cəfərə xitab (Cəfər, ey ahiyi-biyabanım)"
690,Seyid Əzim Şirvani,"Mir Cəfərə xitab (Cəfər, ey qönçeyi-gülüstanım)"
691,Seyid Əzim Şirvani,"Mir Cəfərə xitab (Ey oğul, bil ki, feyzi-rəbbani)"
692,Seyid Əzim Şirvani,Misal
693,Seyid Əzim Şirvani,Molla və çoban əhvalatı
694,Seyid Əzim Şirvani,Məktublardan sətirlər
695,Seyid Əzim Şirvani,Məktəbli ilə müəllimin əhvalatı
696,Seyid Əzim Şirvani,Müctəhidin təhsildən qayıtması
697,Seyid Əzim Şirvani,Məmun və kənizi
698,Seyid Əzim Şirvani,Nuşirəvanın ova getməsi
699,Seyid Əzim Şirvani,Nazimin ifadəsi
700,Seyid Əzim Şirvani,Olmasaydı qəmi-eşqin dili-viranımda
701,Seyid Əzim Şirvani,"Oğluma nəsihət (Bilmiş ol, ey nəcib fərzanə)(Seyid Əzim Şirvani)"
702,Seyid Əzim Şirvani,"Oğluma nəsihət (Cəfər, ey nuri-dideyi-Seyyid)(Seyid Əzim Şirvani)"
703,Seyid Əzim Şirvani,"Oğluma (Cəfər, ey qönçeyi-gülüstanım)(Seyid Əzim Şirvani)"
704,Seyid Əzim Şirvani,"Oğluma nəsihət (Ey oğul, bil ki, ol əta kani)(Seyid Əzim Şirvani)"
705,Seyid Əzim Şirvani,"Oğluma nəsihət (Cəfər, ey xəstə cismimin cani)(Seyid Əzim Şirvani)"
706,Seyid Əzim Şirvani,"Oğluma nəsihət (Ey oğul, olma çox da sadəzəmir)(Seyid Əzim Şirvani)"
707,Seyid Əzim Şirvani,"Oğluma nəsihət (Vaqif ol, ey nəcibü fərzanə)(Seyid Əzim Şirvani)"
708,Seyid Əzim Şirvani,"Oğluma xitab (Ey oğul, alim olsa rəbbani)(Seyid Əzim Şirvani)"
709,Seyid Əzim Şirvani,"Oğluma xitab (Ey oğul, olma talibi-badə)(Seyid Əzim Şirvani)"
710,Seyid Əzim Şirvani,Oğru və fəqir
711,Seyid Əzim Şirvani,Padşah və bağban
712,Seyid Əzim Şirvani,Padşah və ədib
713,Seyid Əzim Şirvani,Qafqaz müsəlmanlarına xitab
714,Seyid Əzim Şirvani,Qarınqulu abid
715,Seyid Əzim Şirvani,Qarı və oğru
716,Seyid Əzim Şirvani,Qaz və durna
717,Seyid Əzim Şirvani,"Qasımım, zülfi-xəmin üzdə hüveyda görünür"
718,Seyid Əzim Şirvani,"Qurban olum o gözlərə kim, gördü yarımı"
719,Seyid Əzim Şirvani,Qarının pişiyi
720,Seyid Əzim Şirvani,Riyakar abid
721,Seyid Əzim Şirvani,Rübailər (Seyid Əzim Şirvani)
722,Seyid Əzim Şirvani,Sadəlövh nökər
723,Seyid Əzim Şirvani,Rəhm etmədi əhvalıma yarım belə keçdi
724,Seyid Əzim Şirvani,Siçan və balası
725,Seyid Əzim Şirvani,Soltanla qul əhvalatı
726,Seyid Əzim Şirvani,Süleyman və qarğa
727,Seyid Əzim Şirvani,Səfeh qazı
728,Seyid Əzim Şirvani,Səncan şahının yuxusu
729,Seyid Əzim Şirvani,"Səni əhli-vəfa bilmişdim, ey gül, bivəfasənmiş"
730,Seyid Əzim Şirvani,Sənsiz ey ruhi-rəvan təndə təvanım yox idi
731,Seyid Əzim Şirvani,Vermənəm könlümü bir dilbərə bundan sonra
732,Seyid Əzim Şirvani,Xan və dehqan
733,Seyid Əzim Şirvani,Xoruz və çaqqal hekayəsi
734,Seyid Əzim Şirvani,"Xoş ol zaman kı, yar mənə həmzəban idi"
735,Seyid Əzim Şirvani,Xəlifə və Bəhlul
736,Seyid Əzim Şirvani,Yerdəkilərin göyə şikayəti
737,Seyid Əzim Şirvani,Yatması gözəldir
738,Seyid Əzim Şirvani,Çobanın hekayəsi
739,Seyid Əzim Şirvani,"Öyüd (Ey oğul, bil ki, adəmi-bikar)"
740,Seyid Əzim Şirvani,İsgəndər dövründə iki həkim
741,Seyid Əzim Şirvani,İsgəndərin vəqəsi (Seyrə çıxmışdı bir gün İsgəndər)
742,Seyid Əzim Şirvani,"İsgəndərin vəqəsi (Nəql edirlər ki, bir gün İsgəndər)"
743,Seyid Əzim Şirvani,İsgəndərin vəsiyyəti
744,Seyid Əzim Şirvani,"Şadəm ki, İlahi, tökülə qanı Hüseynin"
745,Seyid Əzim Şirvani,Şagirdlərin müəllimə kələk gəlmələri
746,Seyid Əzim Şirvani,İtlə pişiyin söhbəti
747,Seyid Əzim Şirvani,Şah və dehqan
748,Seyid Əzim Şirvani,Şahbaz bəyə
749,Seyid Əzim Şirvani,Şeyxül-islam Molla Əhmədə
750,Seyid Əzim Şirvani,Şamaxının təzə bəylərini həcv
751,Seyid Əzim Şirvani,Əmərəm ləblərini ta nəfəsim var mənim
752,Seyid Əzim Şirvani,Əzudüddövlənin oğlunun xəstələnməsi
753,Seyid Əzim Şirvani,Şirvanın təzə bəyləri haqqında
754,Xurşidbanu Natəvan,"Bahar əyyamıdır, acıldı güllər, ey cavan sənsiz"
755,Xurşidbanu Natəvan,"Dilbəra, dərdi-dilimdən belə ünvan etdim"
756,Xurşidbanu Natəvan,Gül dəftəri
757,Xurşidbanu Natəvan,"Könül, qanın gözümdən navəki-qəmzən rəvan eylər"
758,Xurşidbanu Natəvan,"Nə mən olaydım, ilahi, nə də bu aləm olaydı"
759,Xurşidbanu Natəvan,"Nə yaxşı munis idi, heyf, nagəhan getdi"
760,Xurşidbanu Natəvan,O müjgani-siyəh-novkin xədəiki-yarə bənzətdim
761,Xurşidbanu Natəvan,Oldum (Xurşidbanu Natəvan)
762,Xurşidbanu Natəvan,Olmuşam dəhri-bəla içrə bu gün divanə mən
763,Xurşidbanu Natəvan,"Qoyubdur intizarında, necin gəlməz, necin gəlməz"
764,Xurşidbanu Natəvan,Qərənfil (Xurşidbanu Natəvan)
765,Xurşidbanu Natəvan,"Rəqib töhməti etdi məni cüda, ey dust"
766,Xurşidbanu Natəvan,"Varımdı sinədə dərdü qəmi-nəhan, ölürəm"
767,Xurşidbanu Natəvan,"Söylə Hüseynə, ey səba, Kərbübəlaya gəlməsün"
768,Xurşidbanu Natəvan,"Xöcəstə bülbüli-xoşnitq, xoşzəban, getmə"
769,Xurşidbanu Natəvan,"Yanar canım, oğul, daim sənin nari-fəraqında"
770,Xurşidbanu Natəvan,"Yenə ya rəb, nə qəmgindir mənim bu şad olan könlüm"
771,Xurşidbanu Natəvan,"Yıxıb bu könlüm evin, eyləyib viran, getmə"
772,Xurşidbanu Natəvan,Zəmanə saldi əcəb mohnətu məlalə məni
773,Xurşidbanu Natəvan,Şuri-eşqin başıma axırı sövda gətirir
774,Xurşidbanu Natəvan,"Əgərçi xoşdu mənə ətri, həm səfası gülün"
775,Qətran Təbrizi,Eyləyir dünyaya fərvərdin yeli hər dəm səfər
776,Qətran Təbrizi,"Hardasan, ey könlümə dinclik verən can, hardasan"
777,Qətran Təbrizi,"Yox, ümidlər heç zaman doğrulmur"
778,Xaqani Şirvani,"""Həbsiyyə""dən"
779,Xaqani Şirvani,Anası haqqında
780,Xaqani Şirvani,Atasından şikayət
781,Xaqani Şirvani,"Ay nə lazım, sən kimi məhru kifayətdir mənə"
782,Xaqani Şirvani,Baklan səddini bağlatdırdığı üçün Şirvanşah Mənuçöhrün tərifi
783,Xaqani Şirvani,Baklan səddini bağlatdığı üçün xaqan Mənuçöhrə xitab
784,Xaqani Şirvani,"Bax, yenidən bu könül dərdin ilə yar olub"
785,Xaqani Şirvani,"Bayram yetişdi, sübh ikən mey müjdəsi aldı xumar"
786,Xaqani Şirvani,"Bildim ki, bu nazından bir ləhzə dayanmazsan"
787,Xaqani Şirvani,Bu göylər şahının lütfü mənə sayə salıb əlan
788,Xaqani Şirvani,Bu qəsidə quşların söhbəti adlanır
789,Xaqani Şirvani,"Böyük şair mənəm, məna süfrəsi də mənimkidir"
790,Xaqani Şirvani,Can bəxş edərəm cana gər ləblə şəkər versən
791,Xaqani Şirvani,"Canım nə qədər var, mənə canan, sən olarsan"
792,Xaqani Şirvani,"Dedilər ki, saqqalına əcəb yaxıbsan həna"
793,Xaqani Şirvani,"Dodağım saxsı, üzüm torpağa dönmüş, canım"
794,Xaqani Şirvani,"Dəvatımın üzü sadə, içi dərin dəryadır"
795,Xaqani Şirvani,"Ey Xaqani, könül vermə gücü artan dostuna"
796,Xaqani Şirvani,Eşqin əzablarından sənə şikayətim var
797,Xaqani Şirvani,"Ey aydan, pəridən gözəl nazənin"
798,Xaqani Şirvani,Getdikcə bu eşqin mərəzi pürxətər oldu
799,Xaqani Şirvani,Gənclərə nəsihət
800,Xaqani Şirvani,Hanı bir yel apara könlü gülüstanə tərəf
801,Xaqani Şirvani,Həbs edildiyi barədə vəzirə məktub
802,Xaqani Şirvani,Həbsdən şikayət
803,Xaqani Şirvani,"Hədisi-tövbəni at bir kənara, badə gətir!"
804,Xaqani Şirvani,Həbsdən şikayət və azad olması üçün Rum qeysərindən xahiş
805,Xaqani Şirvani,"Kinayə edib, söylədin, Xaqani"
806,Xaqani Şirvani,"Könlüm çıxıb gedibdir, bilməm nə cur bəla var"
807,Xaqani Şirvani,Müvəffəqəddin Əbdülqəffarın tərifi
808,Xaqani Şirvani,Mədain xərabələri
809,Xaqani Şirvani,"Məclisləri, məhzərləri döndərirəm gülşənə"
810,Xaqani Şirvani,"Məhəbbət bir bəladır ki, yoxdur onun dərmanı"
811,Xaqani Şirvani,"Mənim könlüm müəllimdir, dizim üstü dəbistanı"
812,Xaqani Şirvani,"Nə afət olmusan, ən xırda dərdin hicrandır"
813,Xaqani Şirvani,Paxılları məzəmmət
814,Xaqani Şirvani,Qazilər qazisi Sədrəddin Əhmşadı mədh
815,Xaqani Şirvani,Qiyasəddin Məhəmməd ibn Məlikşahın tərifi
816,Xaqani Şirvani,Qitələr/Xaqani Şirvani/Maarif Soltanın tərcüməsində
817,Xaqani Şirvani,Qucaqlayıb dizimi səbrlə səhərlərdə
818,Xaqani Şirvani,Qəlbim kimi odludur dəhanım
819,Xaqani Şirvani,"Qəlbə təsir etsə əgər qüssə, qəm"
820,Xaqani Şirvani,Ruhum bu can mülkünü tərk edib gedən kimi
821,Xaqani Şirvani,Rübailər/Xaqani Şirvani/Xəlil Yusiflinin tərcüməsində
822,Xaqani Şirvani,Rübailər/Xaqani Şirvani/Maarif Soltanın tərcüməsində
823,Xaqani Şirvani,Savalan dağının tərifi
824,Xaqani Şirvani,"Səndən, gözəlim, özgə kəsdə nəzərim yoxdur"
825,Xaqani Şirvani,"Ver daşını,şövq ilə cana dilə!"
826,Xaqani Şirvani,Xaqani qürbətə basalı ayaq
827,Xaqani Şirvani,Xaqani çəkildi üzlət evinə
828,Xaqani Şirvani,"Xaqaniyəm, yer üzünə yayılmışdır şöhrətim"
829,Xaqani Şirvani,"Xoy müftisi Rüknəddini, Rey alimi Rüknəddini və Tacəddin ibn Əminəddini mədh"
830,Xaqani Şirvani,"Xoş halına saqilərin, gördükdə xəndan sübhü, bax!"
831,Xaqani Şirvani,"Xəcil etmiş üzün, gözəl, qəməri"
832,Xaqani Şirvani,Ya vəslin üçün nişan gərəkdir
833,Xaqani Şirvani,Yüksəlişçün oldu mənə səma İraq torpağı
834,Xaqani Şirvani,"Yəməndə hər qıza baxdım, dedim ki, ceyrandır"
835,Xaqani Şirvani,Zaman başa vuranda Sənainin dövrünü
836,Xaqani Şirvani,"Zəmanə əhlindən göstər, o kimdir"
837,Xaqani Şirvani,Öz ustadı Bəhaəddin Səid ibn Əhmədi mədh
838,Xaqani Şirvani,Özünü tərif və paxılları məzəmmət
839,Xaqani Şirvani,İsminin zikrində dastan tapmışam
840,Xaqani Şirvani,"İyirmi yaşdan azsa da sinnim, mənimtək bir cavan"
841,Xaqani Şirvani,Şerin gözəl fikirləri qanadında uçuram
842,Xaqani Şirvani,Şeyxül-İslam Nəsirəddin İbrahimin mədhi
843,Xaqani Şirvani,Şirvanşah Mənuçöhr ibn Firidunun tərifi
844,Xaqani Şirvani,Əmisi Kafiyəddinin tərifi
845,Xaqani Şirvani,Şirvanşah Mənuçöhrün tərifi və onun oğlu Axsitandan şikayət
846,Xaqani Şirvani,"Əqlə ağır yük daşıdan mənim könlüm, bəyanımdı"
847,Aşıq Ələsgər,"""Bismillahir-rəhmanir-rəhim"" deyib"
848,Aşıq Ələsgər,"""Can"" desin"
849,Aşıq Ələsgər,A bivəfa
850,Aşıq Ələsgər,A yara məndən
851,Aşıq Ələsgər,Allahın adı ilə
852,Aşıq Ələsgər,A yağa məni
853,Aşıq Ələsgər,A yağa-yağa
854,Aşıq Ələsgər,A yüzə tək-tək
855,Aşıq Ələsgər,Aparır
856,Aşıq Ələsgər,Arasında (Aşıq Ələsgər)
857,Aşıq Ələsgər,"Ay ana, ana (Aşıq Ələsgər)"
858,Aşıq Ələsgər,Anaxanımın küsməyi
859,Aşıq Ələsgər,"Ay ağa, ağa"
860,Aşıq Ələsgər,Ay nədən oldu
861,Aşıq Ələsgər,Ay eylər qıj-qıj (Aşıq Ələsgər)
862,Aşıq Ələsgər,"Ay sinə, sinə"
863,Aşıq Ələsgər,Ayə məndədi (Aşıq Ələsgər)
864,Aşıq Ələsgər,Ayağa qarqar
865,Aşıq Ələsgər,Aşıq Ələsgər ilə deyişmə
866,Aşıq Ələsgər,Aşıq Ələsgər Qarabağlıların yaylağında
867,Aşıq Ələsgər,Aşıq Ələsgərin Gəncə səfəri
868,Aşıq Ələsgər,Aşıq Ələsgər Yanşaqda
869,Aşıq Ələsgər,Aşıq Ələsgərin Naxçıvan səfəri
870,Aşıq Ələsgər,Aşıq Ələsgərin Şınıq səfəri
871,Aşıq Ələsgər,Aşıq Ələsgərlə Həcər xanım
872,Aşıq Ələsgər,Aşıq Ələsgərlə Dəli Alı
873,Aşıq Ələsgər,Aşıq Ələsgərlə Şair Nağı
874,Aşıq Ələsgər,Bahalıq (Aşıq Ələsgər)
875,Aşıq Ələsgər,Aşıq Ələsgərlə Şəmkirli Aşıq Hüseynin görüşü
876,Aşıq Ələsgər,Baxın (Aşıq Ələsgər)
877,Aşıq Ələsgər,Baş endirir
878,Aşıq Ələsgər,Başa-baş (Aşıq Ələsgər)
879,Aşıq Ələsgər,"Bilin, bu dəhri-dünyada hərə bir növ cəlal istər"
880,Aşıq Ələsgər,Biləsən
881,Aşıq Ələsgər,Bir şair çıxıbdı Yekallardan
882,Aşıq Ələsgər,Bizdən salam olsun arif olana
883,Aşıq Ələsgər,"Biri ""sin"""
884,Aşıq Ələsgər,"Bu dala, bax"
885,Aşıq Ələsgər,Bu dünyada üç şey başa bəladı
886,Aşıq Ələsgər,Bu gün (Aşıq Ələsgər)
887,Aşıq Ələsgər,Bu gündə
888,Aşıq Ələsgər,Bəyistan
889,Aşıq Ələsgər,Bu günləri bir hikmətə tuş oldum
890,Aşıq Ələsgər,Bu yerdə tapılmaz
891,Aşıq Ələsgər,Bəylərin
892,Aşıq Ələsgər,Ceyran (Aşıq Ələsgər)
893,Aşıq Ələsgər,"Dal-dala (təcnis, Aşıq Ələsgər)"
894,Aşıq Ələsgər,Dal dala
895,Aşıq Ələsgər,Dalbadal
896,Aşıq Ələsgər,Bəşirin Molla Rəhimi vurması
897,Aşıq Ələsgər,Dağlar (Bir ay yarım nobahardan keçəndə)
898,Aşıq Ələsgər,Danışma (Aşıq Ələsgər)
899,Aşıq Ələsgər,Dağlar (Aşıq Ələsgər)
900,Aşıq Ələsgər,"Dağıt ""əmmə""ni"
901,Aşıq Ələsgər,Deyin
902,Aşıq Ələsgər,Dağıtsın
903,Aşıq Ələsgər,"De bir üz, bir üz"
904,Aşıq Ələsgər,"Döndü, nə döndü"
905,Aşıq Ələsgər,Dolansın
906,Aşıq Ələsgər,"Dolanır (müxəmməs, Aşıq Ələsgər)"
907,Aşıq Ələsgər,Dönübdü (Aşıq Ələsgər)
908,Aşıq Ələsgər,"Dönübdü (qoşma, Aşıq Ələsgər)"
909,Aşıq Ələsgər,Dünyada (Aşıq Ələsgər)
910,Aşıq Ələsgər,Dörd kitab hər yana yolu göstərir
911,Aşıq Ələsgər,"Dünyada (qoşma, Aşıq Ələsgər)"
912,Aşıq Ələsgər,Dürdanəni səngi-siyah içində
913,Aşıq Ələsgər,Düşmüşəm (Aşıq Ələsgər)
914,Aşıq Ələsgər,Dəli Alı
915,Aşıq Ələsgər,Dəyməmiş (Aşıq Ələsgər)
916,Aşıq Ələsgər,Eləyib
917,Aşıq Ələsgər,Eylə (Aşıq Ələsgər)
918,Aşıq Ələsgər,Dəyirmançı aşıq
919,Aşıq Ələsgər,Eylər (Aşıq Ələsgər)
920,Aşıq Ələsgər,Eyləməynən
921,Aşıq Ələsgər,Eyləmişəm
922,Aşıq Ələsgər,Gedibdi
923,Aşıq Ələsgər,"Getmə, amandı"
924,Aşıq Ələsgər,"Getmə göz önündən, ay Şəkər xanım"
925,Aşıq Ələsgər,Gördüm (Aşıq Ələsgər)
926,Aşıq Ələsgər,Giləyə
927,Aşıq Ələsgər,Görürsənmi oğrun baxan gözəli
928,Aşıq Ələsgər,Görmədim (Aşıq Ələsgər)
929,Aşıq Ələsgər,Gözəl (Aşıq Ələsgər)
930,Aşıq Ələsgər,"Gözlə, gözlə sən (Aşıq Ələsgər)"
931,Aşıq Ələsgər,Gözüm qaldı bir alagöz gəlində
932,Aşıq Ələsgər,"Gözəl (müxəmməs, Aşıq Ələsgər)"
933,Aşıq Ələsgər,Gözəllər (Aşıq Ələsgər)
934,Aşıq Ələsgər,Gözələ
935,Aşıq Ələsgər,Gözəldi (Aşıq Ələsgər)
936,Aşıq Ələsgər,Gəda
937,Aşıq Ələsgər,Gəlin (Aşıq Ələsgər)
938,Aşıq Ələsgər,Gəlsin (Aşıq Ələsgər)
939,Aşıq Ələsgər,Gərəkdi (Aşıq Ələsgər)
940,Aşıq Ələsgər,"Ha bular, bular (Aşıq Ələsgər)"
941,Aşıq Ələsgər,Ha lala çıxar
942,Aşıq Ələsgər,Həcər xanımla deyişmə
943,Aşıq Ələsgər,Həmayıl eylə
944,Aşıq Ələsgər,Kamil ovçu ölməyincə usanmaz
945,Aşıq Ələsgər,Keçdi (Aşıq Ələsgər)
946,Aşıq Ələsgər,Kimi (Aşıq Ələsgər)
947,Aşıq Ələsgər,Keçmişəm
948,Aşıq Ələsgər,Köpək oğlu
949,Aşıq Ələsgər,"Kimi (müxəmməs, Aşıq Ələsgər)"
950,Aşıq Ələsgər,Kəklik (Aşıq Ələsgər)
951,Aşıq Ələsgər,Köynəyinə
952,Aşıq Ələsgər,Kəsildi (Aşıq Ələsgər)
953,Aşıq Ələsgər,Malades
954,Aşıq Ələsgər,Maral (Aşıq Ələsgər)
955,Aşıq Ələsgər,Müşgünaz
956,Aşıq Ələsgər,Məhəmməd (Aşıq Ələsgər)
957,Aşıq Ələsgər,"Mən (gəraylı, Aşıq Ələsgər)"
958,Aşıq Ələsgər,Məni (Aşıq Ələsgər)
959,Aşıq Ələsgər,Mənim (Aşıq Ələsgər)
960,Aşıq Ələsgər,Mənəm (Aşıq Ələsgər)
961,Aşıq Ələsgər,"Mənim (qoşma, Aşıq Ələsgər)"
962,Aşıq Ələsgər,Məscidin
963,Aşıq Ələsgər,Mərd (Aşıq Ələsgər)
964,Aşıq Ələsgər,Narın üz (Aşıq Ələsgər)
965,Aşıq Ələsgər,Nə damağı var
966,Aşıq Ələsgər,Nə yaxşı-yaxşı
967,Aşıq Ələsgər,Nədi (Aşıq Ələsgər)
968,Aşıq Ələsgər,Nəs ağı belə
969,Aşıq Ələsgər,Nədi adı (dodaqdəyməz təcnis)
970,Aşıq Ələsgər,Nəqa nə mindi
971,Aşıq Ələsgər,Ola (Aşıq Ələsgər)
972,Aşıq Ələsgər,Ola bilməz (Aşıq Ələsgər)
973,Aşıq Ələsgər,Olacaqdı (Aşıq Ələsgər)
974,Aşıq Ələsgər,Olar (Aşıq Ələsgər)
975,Aşıq Ələsgər,Oldu (Aşıq Ələsgər)
976,Aşıq Ələsgər,"Olmaz, olmaz (Aşıq Ələsgər)"
977,Aşıq Ələsgər,Olmaz (Aşıq Ələsgər)
978,Aşıq Ələsgər,"Olmaz (Qabiliyyətdə, mərifətdə, kamalda — Aşıq Ələsgər)"
979,Aşıq Ələsgər,"Olmaz (qoşma, Aşıq Ələsgər)"
980,Aşıq Ələsgər,"Olmaz (Tanıram əslini, söyüddü zatın — Aşıq Ələsgər)"
981,Aşıq Ələsgər,Olmuşam (Aşıq Ələsgər)
982,Aşıq Ələsgər,Olur (Aşıq Ələsgər)
983,Aşıq Ələsgər,Olsun (Aşıq Ələsgər)
984,Aşıq Ələsgər,Peyğəmbərin meracı (Aşıq Ələsgər)
985,Aşıq Ələsgər,Qabaqda (Aşıq Ələsgər)
986,Aşıq Ələsgər,Pişik
987,Aşıq Ələsgər,Pənc Ali-Əba
988,Aşıq Ələsgər,Qalmadı (Aşıq Ələsgər)
989,Aşıq Ələsgər,Qaşların (Aşıq Ələsgər)
990,Aşıq Ələsgər,"Qalx, könül, pərvaz elə, eylə tələb bir səfəri"
991,Aşıq Ələsgər,Qanan ola
992,Aşıq Ələsgər,"Qohum bildik, qoyduq adam yerinə"
993,Aşıq Ələsgər,Qozqara kötüyü ilə deyişmə
994,Aşıq Ələsgər,Qıjhaqıj
995,Aşıq Ələsgər,"Qoca baxtım (dastan, Aşıq Ələsgər)"
996,Aşıq Ələsgər,Sana qurban
997,Aşıq Ələsgər,Qırmızı (Aşıq Ələsgər)
998,Aşıq Ələsgər,Salamatdı
999,Aşıq Ələsgər,"Sarı, görəndə"
1000,Aşıq Ələsgər,Sarı köynək (Aşıq Ələsgər)
1001,Aşıq Ələsgər,Sini-sin
1002,Aşıq Ələsgər,"Sayılam, məni"
1003,Aşıq Ələsgər,Seçilmiş
1004,Aşıq Ələsgər,Sübhün çağı bir hikmətə tuş oldum
1005,Aşıq Ələsgər,Sə qalı tez-tez
1006,Aşıq Ələsgər,Sığışmaz
1007,Aşıq Ələsgər,Sənsən (Aşıq Ələsgər)
1008,Aşıq Ələsgər,"Sənəm, gəl (Aşıq Ələsgər)"
1009,Aşıq Ələsgər,Tellərin (Aşıq Ələsgər)
1010,Aşıq Ələsgər,Telli
1011,Aşıq Ələsgər,Töküldü
1012,Aşıq Ələsgər,Uzaq vilayətdən qız sevən oğlan
1013,Aşıq Ələsgər,Varıymış
1014,Aşıq Ələsgər,"Xoş gəldin (Tərlan tamaşalı, maral baxışlı)"
1015,Aşıq Ələsgər,Verir (Aşıq Ələsgər)
1016,Aşıq Ələsgər,Xoş gəldin (Qədəm qoyub asta-asta)
1017,Aşıq Ələsgər,Xurşid
1018,Aşıq Ələsgər,Yalvarıram (Aşıq Ələsgər)
1019,Aşıq Ələsgər,Xəbərin varmı (Aşıq Ələsgər)
1020,Aşıq Ələsgər,Ya Əli (Aşıq Ələsgər)
1021,Aşıq Ələsgər,Yaradar məni
1022,Aşıq Ələsgər,Yavaş get (Aşıq Ələsgər)
1023,Aşıq Ələsgər,"Yaxşı hörmət ilə, təmiz ad ilə"
1024,Aşıq Ələsgər,Yaxşıdı (Aşıq Ələsgər)
1025,Aşıq Ələsgər,Yaylaq (Gözəllər seyrangahısan)
1026,Aşıq Ələsgər,"Yaxşıdı (qoşma, Aşıq Ələsgər)"
1027,Aşıq Ələsgər,Yaylaq (Könlüm qaranquş tək uçub qoynuna)
1028,Aşıq Ələsgər,"Yazıq ""əmmə""ni"
1029,Aşıq Ələsgər,Yeridi (Aşıq Ələsgər)
1030,Aşıq Ələsgər,Yetmədi (Aşıq Ələsgər)
1031,Aşıq Ələsgər,"Yaşıldı, yaşıl"
1032,Aşıq Ələsgər,Zöhrə ilə deyişmə
1033,Aşıq Ələsgər,Yetər (Aşıq Ələsgər)
1034,Aşıq Ələsgər,Yüküm (Aşıq Ələsgər)
1035,Aşıq Ələsgər,Çəkirsən
1036,Aşıq Ələsgər,Çıxıbdı
1037,Aşıq Ələsgər,Çəkmiyə
1038,Aşıq Ələsgər,"Çərşənbə günündə, çeşmə başında"
1039,Aşıq Ələsgər,Öldürür
1040,Aşıq Ələsgər,Öldürəcək bu qəm məni
1041,Aşıq Ələsgər,Ürəyimdə (Aşıq Ələsgər)
1042,Aşıq Ələsgər,Üzün bürümə
1043,Aşıq Ələsgər,Üzhaüz (Aşıq Ələsgər)
1044,Aşıq Ələsgər,İbtida ustaddan dərsin almışam
1045,Aşıq Ələsgər,İncimərəm (Aşıq Ələsgər)
1046,Aşıq Ələsgər,İmamlar
1047,Aşıq Ələsgər,İtibdi (Aşıq Ələsgər)
1048,Aşıq Ələsgər,İçində (Aşıq Ələsgər)
1049,Aşıq Ələsgər,Şah dağı
1050,Aşıq Ələsgər,Şair Nağı
1051,Aşıq Ələsgər,Şəvəkarda
1052,Aşıq Ələsgər,Şapəri
1053,Aşıq Ələsgər,Şirindi (Aşıq Ələsgər)
1054,Aşıq Ələsgər,Əssəlatü həşt ərkan
1055,Aşıq Ələsgər,Ələsgərlə Səhnəbanı
1056,Aşıq Ələsgər,Əvəzdi
1057,Aşıq Ələsgər,"“Bəli”, - deyib yol-ərkana gəlmişəm"
