row_id,bir,ki,bu,nə,aşıq,ey,hər,ilə,kim,mən,o,i,də,ol,ələsgər,kimi,sən,var,oldu,da,çox,mənim,məni,gün,dedi,can,tək,idi,mənə,olur
0,2,0,0,0,0,3,0,0,2,1,0,0,0,1,0,0,0,0,1,0,0,0,0,0,0,0,0,0,0,0
1,2,0,1,0,0,1,1,1,0,1,0,1,0,1,0,0,0,0,1,0,0,1,0,0,0,2,0,0,0,0
2,0,0,1,0,0,0,0,0,2,0,0,0,0,2,0,0,0,0,0,0,0,0,0,0,0,2,1,0,0,0
3,3,1,0,0,0,3,0,0,3,1,0,0,0,1,0,0,1,0,1,0,0,0,0,2,0,0,0,0,0,0
4,1,1,0,2,0,0,0,0,0,0,0,0,0,0,0,2,3,0,0,0,0,0,0,1,0,0,0,0,0,1
5,3,2,1,1,0,1,1,3,1,0,0,0,0,1,0,3,0,0,0,0,0,0,2,1,0,0,0,0,0,0
6,1,4,1,0,0,2,1,0,4,0,0,0,0,2,0,0,0,0,0,0,0,0,0,0,0,0,1,0,0,0
7,4,1,2,0,0,2,0,1,3,0,0,3,0,0,0,0,1,0,0,0,0,0,0,0,0,0,1,0,0,0
8,1,2,0,1,0,2,0,0,1,0,0,1,0,0,0,1,0,0,0,0,0,1,0,0,0,1,0,0,0,1
9,0,2,0,0,0,1,0,1,0,0,0,0,0,0,0,0,0,0,0,0,0,0,1,0,0,0,0,0,0,0
10,0,0,0,0,0,0,0,1,0,0,0,0,0,0,0,0,0,0,0,0,0,0,0,0,0,0,0,0,0,0
11,1,2,0,0,0,0,0,1,0,0,0,0,0,1,0,0,0,2,0,0,0,0,0,0,0,1,0,0,0,0
12,14,13,11,6,0,2,13,10,20,6,0,6,0,8,0,2,1,3,3,0,1,0,4,3,0,2,0,1,4,1
13,2,1,2,2,0,1,1,2,2,0,0,1,0,0,0,0,0,1,0,0,0,0,0,0,0,2,1,5,0,0
14,0,1,2,1,0,1,0,2,2,0,0,0,0,3,0,0,0,0,1,0,0,0,0,2,0,0,0,0,0,0
15,0,2,0,0,0,0,0,0,1,1,0,0,0,0,0,0,0,0,0,0,0,0,0,0,0,1,1,0,0,0
16,1,1,1,0,0,0,0,2,1,0,0,2,0,1,0,0,0,2,0,0,2,0,0,1,0,0,0,0,0,1
17,1,1,1,1,0,0,2,0,2,1,1,0,0,2,0,0,0,0,0,0,0,0,0,0,0,2,0,0,1,0
18,0,0,0,0,0,1,1,1,4,1,0,0,0,0,0,0,0,0,0,0,0,0,0,0,0,1,0,0,0,0
19,4,1,2,0,0,2,2,0,2,1,0,0,0,1,0,0,0,0,0,0,0,0,0,4,0,0,0,0,0,0
20,7,10,1,2,0,1,3,8,2,2,0,4,0,6,0,1,1,5,1,0,0,1,0,2,1,0,2,4,3,0
21,0,0,0,1,0,3,1,1,1,0,0,0,0,1,0,0,0,0,0,0,0,0,0,0,0,0,0,0,0,0
22,2,0,1,0,0,3,1,0,3,0,0,0,0,2,0,0,0,1,0,0,0,0,2,3,0,2,0,0,0,2
23,2,4,0,0,0,0,3,0,3,0,0,0,0,0,0,0,0,1,0,0,0,0,0,0,0,2,0,0,0,0
24,1,0,0,1,0,3,0,1,0,2,0,0,0,0,0,0,0,0,0,0,0,0,0,0,0,1,0,0,0,0
25,4,8,2,0,0,0,0,0,2,0,0,0,0,0,0,1,0,0,0,0,2,0,0,0,0,1,0,0,0,0
26,1,0,0,0,0,1,1,0,1,0,0,0,0,5,0,0,0,0,0,0,0,0,0,0,0,0,0,0,0,0
27,4,3,0,0,0,0,1,0,3,2,0,0,0,1,0,1,0,0,0,0,0,0,0,0,0,0,1,0,0,0
28,1,2,1,1,0,2,0,1,3,0,0,0,0,2,0,0,0,0,0,0,0,0,0,0,0,1,0,0,0,0
29,1,0,0,1,0,1,0,1,1,1,0,0,0,1,0,0,0,0,0,0,1,0,0,1,0,0,0,0,1,1
30,1,0,0,0,0,0,1,0,2,0,0,0,0,0,0,0,1,1,0,0,0,0,0,0,0,0,0,0,1,1
31,1,0,1,0,0,3,0,0,3,0,0,0,0,0,0,0,0,1,0,0,0,0,1,0,0,0,0,0,0,0
32,2,1,1,0,0,1,1,0,1,1,0,0,0,0,0,0,0,0,0,0,2,0,0,0,0,0,0,0,1,0
33,2,1,1,0,0,1,1,0,1,1,0,0,0,0,0,0,0,0,0,0,2,0,0,0,0,0,0,0,1,0
34,1,4,1,0,0,1,0,0,1,0,0,0,0,2,0,0,0,0,0,0,2,1,0,0,0,0,0,0,0,0
35,1,1,1,2,0,3,0,1,1,3,0,0,0,1,0,0,1,0,0,0,1,0,1,1,0,3,0,0,0,1
36,1,1,1,1,0,2,1,2,3,0,0,0,0,1,0,0,0,0,0,0,0,0,0,0,0,0,1,0,0,0
37,1,0,1,0,0,1,0,0,4,1,0,0,0,2,0,1,0,1,0,0,0,0,0,0,0,0,0,0,0,0
38,4,2,1,0,0,1,2,3,1,0,0,1,0,1,0,0,0,0,0,0,1,0,1,0,0,1,0,0,0,0
39,3,2,1,2,0,0,0,1,2,2,0,0,0,0,0,0,0,0,0,0,0,0,0,0,0,0,0,0,2,0
40,3,0,0,1,0,0,2,0,0,2,0,0,0,0,0,0,0,0,0,0,1,0,0,1,0,0,4,0,0,0
41,1,0,0,0,0,1,1,0,3,1,0,0,0,0,0,0,0,0,0,0,0,1,0,0,0,0,0,0,1,2
42,0,0,0,0,0,0,1,1,0,1,0,0,0,0,0,0,0,0,0,0,0,0,1,0,0,1,0,0,0,0
43,1,1,1,0,0,1,1,1,2,2,0,2,0,0,0,0,0,0,0,0,0,0,0,0,0,0,0,0,0,0
44,0,1,0,4,0,2,0,0,0,0,0,1,0,0,0,0,0,0,0,0,0,0,0,0,0,0,0,0,0,0
45,1,0,1,0,0,4,1,2,1,0,0,0,0,0,0,0,0,0,0,0,0,1,1,0,0,0,0,0,0,1
46,2,2,1,1,0,3,1,0,1,0,0,0,0,2,0,0,0,0,0,0,0,0,1,0,0,1,0,0,0,0
47,0,1,1,0,0,3,0,4,1,0,0,0,0,0,0,0,0,0,0,0,0,0,1,0,0,0,0,0,0,0
48,0,0,1,0,0,7,1,3,0,0,0,0,0,1,0,0,0,0,0,0,0,0,0,0,0,1,0,0,1,0
49,1,2,1,3,0,5,1,1,0,1,0,0,0,2,0,0,1,8,0,0,1,0,1,0,0,1,0,0,0,0
50,3,1,1,1,0,3,0,0,1,1,0,0,0,1,0,0,0,0,2,0,0,0,0,0,0,2,0,0,1,0
51,2,0,0,0,0,2,2,0,0,0,0,0,0,0,0,0,0,0,1,0,1,0,0,0,0,1,10,0,0,0
52,0,0,2,0,0,2,0,0,0,0,0,0,0,0,0,0,0,0,0,0,0,0,0,0,0,0,0,0,0,0
53,3,2,0,0,0,3,1,1,3,2,0,0,0,0,0,0,0,1,0,0,0,0,1,1,0,1,0,0,0,0
54,0,2,0,0,0,4,0,0,1,2,0,0,0,0,0,0,0,0,0,0,0,0,1,0,0,1,0,0,1,0
55,1,3,2,0,0,2,2,0,1,0,0,0,0,0,0,0,1,0,0,0,0,0,0,0,0,2,0,0,0,0
56,1,2,3,0,0,4,1,0,1,0,0,0,0,0,0,0,2,0,0,0,0,0,0,0,0,1,0,0,0,0
57,0,0,0,0,0,2,0,0,0,0,0,0,0,0,0,1,0,0,0,0,0,0,0,0,0,0,10,0,1,1
58,0,0,1,0,0,2,0,0,2,0,0,0,1,2,0,0,0,0,1,0,0,0,0,0,0,0,0,0,0,0
59,1,1,0,1,0,1,0,0,2,0,0,0,1,3,0,0,1,0,0,0,0,0,0,0,0,0,0,0,0,1
60,0,2,0,0,0,1,0,1,1,0,0,0,0,0,0,0,0,0,0,0,0,0,0,0,0,0,0,0,0,0
61,0,1,0,0,0,1,2,0,0,0,0,1,0,2,0,0,0,0,0,0,0,0,0,0,0,0,0,11,1,0
62,2,0,1,1,0,2,1,0,1,0,0,0,0,2,0,0,0,0,0,0,0,0,10,1,0,0,0,0,0,0
63,3,0,0,1,0,2,0,0,2,1,0,0,0,2,0,0,0,0,0,0,0,0,2,0,0,1,0,0,0,0
64,1,1,1,0,0,3,2,1,4,0,0,0,0,2,0,0,0,0,0,0,0,0,0,0,0,0,0,0,2,0
65,6,1,0,0,0,5,0,0,0,2,0,0,0,2,0,1,1,0,0,0,0,0,1,0,0,0,0,0,0,0
66,0,2,2,0,0,3,1,2,2,0,0,0,0,0,0,0,0,0,0,0,0,0,0,1,0,0,0,0,0,0
67,3,4,0,1,0,2,0,2,0,0,0,0,0,2,0,0,0,0,0,0,0,0,0,0,1,0,0,0,0,0
68,3,1,1,0,0,8,1,1,3,0,0,0,0,0,0,0,1,4,0,0,1,1,1,0,0,0,0,0,1,1
69,2,1,0,0,0,1,1,0,2,0,0,0,0,1,0,0,0,0,0,0,0,0,1,0,0,0,0,0,0,0
70,1,2,5,0,0,5,0,4,0,0,0,0,0,3,0,0,0,1,0,0,0,8,0,2,0,0,1,0,0,0
71,0,3,2,0,0,0,1,2,0,0,0,0,0,0,0,1,0,0,0,0,0,0,0,0,0,2,0,0,0,0
72,2,1,0,0,0,1,1,0,2,0,0,0,0,0,0,0,1,0,0,0,0,0,0,0,0,0,0,0,0,1
73,1,1,2,1,0,0,0,0,1,0,0,0,0,1,0,1,0,0,0,0,0,0,0,0,0,0,0,0,0,0
74,1,0,1,2,0,1,1,2,2,0,0,0,0,0,0,0,0,0,0,0,0,0,2,0,0,2,0,0,0,1
75,2,1,9,2,0,2,0,0,2,0,0,0,0,0,0,0,0,0,0,0,0,0,0,0,0,1,0,0,1,0
76,1,3,1,0,0,0,1,0,5,0,0,0,0,0,0,0,0,0,0,0,0,0,0,0,0,0,0,0,0,0
77,5,1,0,0,0,1,0,0,3,0,0,0,0,3,0,0,0,0,2,0,0,0,0,2,0,0,1,1,1,0
78,3,0,1,0,0,3,2,4,0,0,0,0,0,0,0,0,0,0,0,0,0,0,0,0,0,0,0,0,0,0
79,1,0,0,0,0,4,3,1,2,0,0,0,0,4,0,0,0,0,0,0,0,0,0,0,0,0,0,0,0,0
80,1,1,1,0,0,0,0,0,0,0,0,0,0,0,0,0,0,0,0,0,1,0,0,1,0,0,0,0,0,0
81,2,0,1,1,0,1,2,0,2,0,0,0,0,2,0,0,0,0,0,0,0,2,0,0,0,0,0,0,0,0
82,3,1,0,1,0,0,3,1,3,0,0,0,0,0,0,0,0,0,0,0,0,1,0,3,0,1,1,0,0,0
83,1,1,0,0,0,3,2,0,0,0,0,0,0,0,0,0,0,0,0,0,0,0,1,0,0,0,0,0,0,0
84,1,0,1,0,0,7,0,0,0,0,0,0,0,2,0,0,0,0,0,0,0,0,0,0,0,1,0,0,0,0
85,1,1,2,0,0,2,1,0,4,0,0,0,0,2,0,0,0,0,0,0,0,0,0,0,0,0,1,0,0,0
86,1,0,1,0,0,2,0,1,1,0,0,1,0,0,0,0,0,0,0,0,0,0,0,1,1,1,0,0,1,0
87,0,0,1,0,0,2,2,0,5,1,0,2,0,0,0,0,1,0,0,0,0,0,9,0,0,0,1,0,1,1
88,1,1,1,0,0,0,1,0,0,0,0,0,1,0,0,0,0,0,0,0,0,0,1,1,0,2,0,0,0,0
89,2,1,0,0,0,0,1,0,1,1,0,0,0,0,0,1,1,0,0,0,0,0,0,0,0,0,1,0,0,0
90,2,0,0,0,0,1,2,0,2,2,0,0,0,1,0,0,0,0,0,0,1,0,1,0,0,0,1,0,0,0
91,0,0,0,0,0,0,0,0,0,0,0,0,0,0,0,0,0,0,0,0,0,0,0,0,0,0,0,0,0,0
92,4,0,0,1,0,3,2,0,3,1,0,0,0,0,0,0,0,0,0,0,0,0,0,0,0,0,0,0,1,1
93,3,1,0,0,0,2,0,0,2,0,0,1,0,1,0,0,0,1,1,0,0,0,0,0,0,0,0,0,0,0
94,2,0,0,0,0,0,0,0,0,1,0,0,0,1,0,3,1,3,0,0,1,1,1,0,0,0,0,0,1,1
95,0,0,0,1,0,0,0,0,1,0,0,0,0,2,0,0,1,1,1,0,0,0,0,0,0,0,0,0,0,0
96,0,0,2,1,0,0,0,4,1,0,0,0,0,2,0,0,0,1,1,0,0,0,0,0,0,0,0,1,1,0
97,0,2,0,0,0,0,0,2,0,0,0,0,0,0,0,0,1,0,0,0,1,0,0,0,0,0,0,0,0,0
98,2,2,0,0,0,0,0,0,1,0,0,0,0,0,0,1,0,0,0,0,0,0,1,0,0,0,0,0,0,0
99,0,0,3,0,0,4,0,4,0,1,0,0,0,2,0,0,0,0,1,0,0,0,1,1,0,0,0,0,0,0
100,3,3,2,3,0,2,0,4,1,0,0,0,0,0,0,0,0,0,0,0,1,0,0,0,0,0,0,0,0,0
101,0,0,0,0,0,0,0,0,0,0,0,0,0,0,0,0,0,0,0,0,0,0,0,0,0,0,0,0,0,0
102,0,1,1,0,0,0,1,0,2,0,0,0,0,1,0,0,0,0,0,0,0,0,0,0,0,0,2,0,1,0
103,0,0,1,0,0,0,0,0,2,0,0,0,0,1,0,0,0,0,1,0,0,0,0,0,0,0,1,0,1,1
104,3,1,1,0,0,1,1,0,2,0,0,0,0,0,0,0,0,5,0,0,2,0,0,0,0,0,3,0,0,0
105,1,3,0,2,0,0,0,1,2,1,0,0,0,0,0,0,0,0,0,0,0,0,0,1,0,0,0,0,0,1
106,2,2,0,1,0,3,0,0,1,0,0,0,0,0,0,0,0,0,0,0,1,0,0,0,0,0,0,0,0,1
107,0,2,1,1,0,0,0,1,2,0,0,1,0,2,0,0,0,0,0,0,0,0,0,0,0,0,0,0,1,1
108,23,21,25,5,0,15,19,7,9,29,24,6,17,0,0,9,10,7,1,14,2,14,21,0,12,0,0,1,18,0
109,0,0,0,0,0,3,1,0,1,1,0,0,0,0,0,0,0,0,0,0,0,0,1,0,0,0,1,0,0,0
110,0,1,0,0,0,0,0,2,4,0,0,0,0,1,0,0,0,0,0,0,0,0,1,0,0,0,1,0,0,0
111,1,1,0,0,0,1,0,0,4,1,0,0,0,1,0,0,0,0,0,0,0,0,0,0,0,0,0,0,0,0
112,2,2,1,0,0,0,2,1,1,1,0,0,0,0,0,0,1,0,0,0,0,0,0,0,0,0,0,0,1,0
113,0,3,0,0,0,1,0,0,1,3,0,0,0,0,0,0,0,0,0,0,0,0,1,0,0,0,0,0,0,0
114,1,1,1,0,0,1,0,1,1,1,0,0,0,1,0,0,0,0,0,0,1,0,1,0,0,0,1,1,1,0
115,1,0,2,0,0,0,0,0,0,0,0,0,0,0,0,0,0,0,0,0,0,0,0,0,0,0,1,0,1,0
116,1,1,2,3,0,3,0,0,1,1,0,0,0,4,0,1,0,0,0,0,0,0,0,0,0,0,1,0,0,0
117,1,2,1,0,0,3,2,0,3,0,0,0,0,1,0,1,0,9,0,0,1,1,1,0,0,0,1,0,0,1
118,0,2,3,4,0,0,1,0,1,0,0,0,0,4,0,0,0,0,0,0,0,1,1,0,0,0,1,0,1,0
119,8,3,3,5,0,2,1,7,6,2,0,1,0,1,0,1,0,1,0,0,0,0,1,0,0,0,0,0,7,1
120,1,1,2,0,0,0,1,2,2,0,0,0,0,4,0,0,0,0,0,0,1,1,0,0,0,0,1,0,0,0
121,1,0,1,1,0,1,0,3,4,0,0,0,0,0,0,0,0,0,0,0,0,1,1,0,0,1,0,0,0,0
122,1,0,1,1,0,1,0,3,4,0,0,0,0,0,0,0,0,0,0,0,0,1,1,0,0,1,0,0,0,0
123,0,1,0,0,0,0,0,0,1,0,0,0,0,2,0,0,0,0,0,0,0,0,0,0,0,1,0,0,1,0
124,1,0,0,1,0,0,2,0,1,0,0,0,0,1,0,0,0,0,0,0,0,0,0,0,0,0,1,0,0,0
125,3,1,1,0,0,3,0,0,0,0,0,0,0,0,0,1,0,0,0,0,0,0,0,0,0,0,1,0,2,0
126,2,0,0,0,0,3,1,0,3,1,0,0,0,2,0,1,0,0,0,0,0,0,1,0,0,0,3,0,0,0
127,2,1,2,0,0,2,2,2,4,2,0,1,0,0,0,1,1,0,0,0,0,0,0,1,0,0,0,0,0,0
128,1,0,0,1,0,0,0,1,3,0,0,0,0,4,0,0,0,1,0,0,0,0,0,0,0,0,0,0,0,0
129,2,1,1,0,0,0,1,2,1,0,0,0,0,1,0,0,0,0,0,0,1,0,0,0,0,0,1,0,0,0
130,0,2,1,1,0,3,2,0,3,0,0,0,0,1,0,0,0,0,0,0,1,0,0,1,0,0,0,0,0,0
131,1,1,0,0,0,2,1,0,2,2,0,0,0,1,0,0,0,0,0,0,0,0,0,0,0,0,0,0,0,0
132,1,3,0,0,0,1,0,1,0,0,0,1,0,2,0,1,0,0,1,0,0,0,0,0,0,0,0,0,0,0
133,2,3,1,2,0,1,0,0,2,1,0,1,0,3,0,1,0,1,0,0,0,0,0,0,0,0,2,0,0,0
134,1,0,0,4,0,1,0,0,1,0,0,0,0,0,0,0,0,0,1,0,0,0,0,0,0,0,0,0,2,0
135,1,1,1,0,0,1,0,2,2,0,0,1,0,1,0,0,0,0,1,0,0,0,0,0,0,0,0,0,0,0
136,1,4,0,0,0,2,1,0,2,0,0,0,0,3,0,0,0,0,1,0,0,1,0,0,0,0,0,0,0,0
137,2,3,1,0,0,2,0,4,0,0,0,0,0,3,0,0,0,0,0,0,0,1,0,0,0,0,1,0,0,0
138,1,0,2,0,0,1,0,0,1,0,0,0,0,0,0,0,0,1,1,0,0,0,0,0,0,1,1,0,0,0
139,2,1,0,0,0,0,1,1,2,0,0,0,0,0,0,0,0,1,1,0,0,0,0,0,0,0,0,0,0,0
140,1,1,0,0,0,1,2,0,4,1,0,0,0,0,0,0,2,0,0,0,0,0,1,0,0,0,0,0,1,2
141,4,0,2,5,0,2,3,0,3,1,0,0,0,1,0,0,0,0,0,0,0,0,0,3,0,0,0,1,1,1
142,1,1,0,0,0,1,3,1,2,0,0,0,0,0,0,0,0,0,0,0,0,0,0,0,0,0,0,0,0,0
143,3,0,0,1,0,0,2,1,4,0,0,0,0,1,0,0,0,0,0,0,0,0,1,0,0,0,0,0,1,1
144,1,1,0,4,0,1,0,0,1,0,0,0,0,1,0,0,0,0,0,0,0,1,1,0,0,0,0,0,0,0
145,0,0,0,0,0,0,0,0,1,0,0,0,0,0,0,0,0,0,0,0,0,0,0,1,0,1,0,0,0,0
146,3,0,2,1,0,3,0,0,2,1,0,0,0,2,0,1,1,0,0,0,1,1,1,0,0,0,0,0,1,0
147,0,4,1,2,0,1,1,0,1,1,0,0,0,3,0,0,0,0,2,0,1,0,0,0,0,0,0,0,2,0
148,2,0,1,2,0,0,1,2,1,2,0,1,0,0,0,2,1,0,0,0,1,0,1,0,0,0,1,0,1,0
149,5,2,0,0,0,1,3,2,2,0,0,0,0,1,0,0,0,1,0,0,0,0,0,3,0,0,0,0,0,0
150,4,0,0,0,0,0,0,0,0,0,0,0,0,0,0,3,2,9,0,0,0,0,0,0,0,0,2,0,0,0
151,0,2,1,1,0,0,0,1,1,0,0,0,0,1,0,0,0,0,0,0,0,0,0,0,0,0,0,0,1,0
152,0,0,1,1,0,0,1,0,1,0,0,1,0,2,0,0,0,1,0,0,0,0,0,0,0,0,0,0,2,1
153,1,2,0,0,0,0,1,0,1,0,0,0,0,3,0,0,0,0,0,0,0,0,0,0,0,0,0,0,3,1
154,1,1,1,0,0,1,1,1,2,1,0,0,0,2,0,0,0,1,0,0,0,0,0,0,0,0,1,0,0,0
155,0,1,0,0,0,0,0,2,1,0,1,0,0,2,0,0,0,0,2,0,0,0,0,0,0,1,0,0,0,0
156,1,3,0,0,0,0,0,0,0,0,0,0,0,1,0,0,0,1,0,0,0,0,0,2,0,0,0,0,0,0
157,4,1,1,0,0,2,0,1,1,0,0,0,0,1,0,0,0,0,1,0,0,0,2,3,0,1,1,0,0,0
158,2,1,0,2,0,2,0,3,0,0,0,1,0,1,0,0,0,1,0,0,0,0,0,0,0,1,0,1,0,0
159,0,2,0,0,0,1,0,0,6,1,0,0,0,3,0,0,0,0,0,0,1,1,1,0,0,1,0,0,0,0
160,1,2,1,1,0,3,0,2,5,0,1,1,0,0,0,0,0,2,0,0,0,0,0,0,0,0,0,0,0,0
161,0,2,0,0,0,2,1,0,4,0,0,0,0,2,0,0,0,0,0,0,0,0,0,0,0,0,0,0,0,0
162,0,4,0,1,0,1,1,0,4,0,0,0,0,2,0,0,0,0,0,0,0,0,0,0,0,1,0,0,0,0
163,2,0,0,0,0,0,0,0,2,1,0,0,0,2,0,0,0,0,0,0,0,0,1,0,0,0,0,0,0,0
164,1,2,0,1,0,1,0,2,1,0,0,0,0,0,0,1,0,0,0,0,1,0,0,0,0,0,0,0,0,1
165,3,0,0,0,0,5,0,0,2,2,0,0,0,1,0,0,1,0,0,0,1,0,1,0,0,0,1,0,0,0
166,2,1,0,1,0,1,1,2,2,0,0,0,0,3,0,0,0,0,3,0,0,0,0,0,0,0,0,0,0,0
167,1,1,2,1,0,3,0,0,2,0,0,1,0,0,0,0,1,0,0,0,0,0,1,0,0,0,0,0,0,1
168,2,0,1,1,0,3,1,2,1,1,0,0,0,2,0,0,0,0,0,0,0,0,1,0,0,0,0,0,1,0
169,2,0,1,0,0,2,2,0,4,0,0,0,0,0,0,0,0,0,0,0,0,0,1,0,0,1,0,0,0,0
170,1,1,1,2,0,0,1,0,2,0,0,0,0,1,0,0,0,0,0,0,0,0,0,0,0,0,0,0,0,0
171,5,5,5,2,0,0,5,0,0,3,0,0,0,3,0,0,1,0,4,0,0,0,1,0,0,0,0,3,2,0
172,1,1,0,2,0,1,0,1,3,0,0,0,0,3,0,0,0,0,0,0,1,0,0,0,0,0,0,0,0,0
173,3,1,2,1,0,1,0,1,7,1,0,0,0,2,0,0,1,1,0,0,0,0,0,0,0,1,0,0,3,0
174,4,1,2,0,0,1,3,3,8,2,0,3,0,6,0,0,0,1,0,0,0,0,0,0,0,0,3,0,0,0
175,2,0,0,0,0,0,1,0,1,0,0,0,0,0,0,0,0,0,0,0,0,0,2,0,0,0,0,0,0,0
176,0,1,0,1,0,1,2,0,2,0,0,0,0,1,0,0,0,8,0,0,0,0,0,0,0,0,0,0,0,0
177,1,1,0,2,0,0,2,1,4,0,0,0,0,3,0,0,0,1,0,0,3,0,0,0,0,0,0,0,0,1
178,2,2,0,1,0,1,1,0,1,0,0,0,0,0,0,0,0,0,0,0,0,0,1,0,0,0,0,0,2,0
179,0,0,0,0,0,0,0,0,1,0,0,0,0,0,0,0,0,0,1,0,0,0,0,0,0,0,2,0,0,0
180,1,0,0,1,0,0,0,1,1,0,0,1,0,0,0,0,0,0,0,0,0,0,0,0,0,0,0,0,0,0
181,2,1,0,1,0,2,0,1,1,0,0,0,0,1,0,0,0,0,0,0,0,0,2,1,0,0,1,0,0,1
182,1,2,0,0,0,1,0,1,1,0,0,0,0,0,0,0,0,1,1,0,0,0,0,0,0,0,0,0,4,0
183,1,3,0,0,0,0,1,0,2,0,0,0,0,1,0,1,0,0,1,0,1,0,0,1,0,0,0,0,1,0
184,1,1,2,1,0,0,2,0,5,0,0,1,0,2,0,0,0,0,0,0,0,1,0,0,0,0,0,0,0,1
185,1,0,0,0,0,1,2,0,3,0,0,0,0,1,0,2,0,0,0,0,0,0,0,0,0,0,0,0,0,0
186,0,0,1,1,0,2,1,1,2,1,0,2,0,0,0,0,2,0,1,0,0,0,0,0,0,0,0,0,0,0
187,1,0,1,0,0,2,3,1,1,0,0,0,0,1,0,0,0,0,2,0,0,8,0,0,0,0,0,0,1,0
188,1,4,0,3,0,2,1,0,1,0,0,0,0,1,0,0,0,0,0,0,0,0,0,0,0,2,0,0,1,0
189,1,1,1,1,0,0,0,0,0,0,0,0,0,1,0,0,0,0,3,0,0,0,0,0,0,0,1,1,0,0
190,0,2,0,0,0,1,0,1,1,0,0,0,0,0,0,0,0,0,0,0,0,0,0,0,0,0,0,0,0,0
191,1,2,1,0,0,1,0,0,0,0,0,0,0,2,0,1,1,0,0,0,1,0,0,0,0,0,0,0,0,0
192,5,5,4,4,0,0,3,0,12,0,0,0,0,3,0,0,1,1,0,0,0,0,0,0,0,1,0,0,0,1
193,1,1,1,1,0,0,2,0,4,0,0,0,0,0,0,0,0,0,0,0,0,0,0,0,0,0,0,0,0,0
194,0,1,0,0,0,2,0,0,1,0,0,1,0,0,0,0,0,0,0,0,0,0,0,0,0,0,0,0,0,0
195,0,1,0,0,0,0,1,0,2,0,0,0,0,0,0,1,0,0,0,0,0,0,1,0,0,1,0,0,0,0
196,0,1,1,1,0,0,0,0,2,0,0,0,0,1,0,1,0,0,0,0,0,0,2,0,1,0,0,0,0,0
197,0,1,0,0,0,0,1,2,2,0,0,0,0,2,0,1,0,0,0,0,0,0,0,0,0,0,0,0,0,0
198,0,1,0,2,0,0,1,0,0,0,0,0,0,0,0,0,0,1,0,0,0,0,2,0,0,1,0,0,0,0
199,17,6,1,1,0,1,8,9,19,0,0,4,0,9,0,3,1,3,1,0,1,0,0,1,0,2,4,0,0,37
200,0,5,1,6,0,2,0,0,2,0,0,0,0,0,0,1,0,0,0,0,0,0,0,0,0,0,0,0,0,0
201,1,1,1,2,0,0,5,0,4,0,0,0,0,2,0,0,0,1,0,0,3,0,0,0,0,0,0,0,0,1
202,0,0,5,0,0,0,0,0,5,0,0,0,0,4,0,0,0,0,0,0,2,1,0,0,0,0,0,0,1,0
203,1,1,1,0,0,1,0,0,4,0,0,0,0,2,0,0,0,1,0,0,0,0,0,0,0,0,0,0,0,0
204,3,3,3,1,0,0,0,2,0,2,0,0,1,2,0,0,0,0,0,0,0,0,0,0,0,0,0,3,0,0
205,2,4,1,1,0,1,0,0,3,0,0,0,0,0,0,0,0,0,1,0,0,0,0,0,0,0,0,0,0,0
206,0,2,2,2,0,1,1,1,4,0,0,0,0,0,0,0,0,0,0,0,1,0,1,0,0,0,0,0,0,0
207,2,2,0,0,0,3,0,1,1,0,0,0,0,4,0,0,0,0,0,0,1,0,0,0,0,0,0,0,0,0
208,1,2,1,3,0,1,0,8,0,0,0,0,0,2,0,0,0,0,0,0,1,0,0,0,0,2,0,0,0,0
209,1,0,0,1,0,0,1,0,3,1,0,1,0,3,0,0,0,0,0,0,0,0,0,0,0,0,0,0,1,0
210,1,0,0,3,0,2,0,2,2,1,0,0,0,0,0,1,0,1,0,0,0,0,1,0,0,0,0,0,1,1
211,1,0,0,1,0,0,2,0,3,1,0,1,0,3,0,0,0,0,0,0,0,0,0,0,0,0,0,0,1,0
212,2,1,0,0,0,4,1,0,0,1,0,0,0,0,0,0,0,1,0,0,2,1,3,0,0,1,1,0,0,0
213,11,13,11,0,0,3,1,15,1,4,0,2,1,0,0,1,10,1,2,1,0,2,1,2,0,2,2,0,1,0
214,6,9,1,0,0,0,0,3,0,1,0,0,0,0,0,0,0,0,0,0,0,0,1,0,0,0,0,0,1,0
215,1,5,4,0,0,0,0,1,0,1,0,0,3,0,0,1,2,1,0,1,0,1,0,0,0,0,0,0,0,0
216,4,5,0,0,0,2,0,0,0,4,0,1,0,0,0,0,1,0,0,1,0,0,3,2,0,0,0,0,0,0
217,5,7,2,1,0,0,0,1,0,2,0,0,0,0,0,0,0,2,0,0,0,1,1,1,0,0,0,0,0,0
218,8,7,11,6,0,4,4,4,0,5,0,0,4,0,0,4,3,2,0,0,0,0,3,2,0,1,1,1,2,0
219,17,12,17,4,0,2,10,2,1,3,0,2,4,1,0,1,5,1,0,1,2,0,0,2,1,1,1,0,1,0
220,12,13,6,1,0,3,7,3,1,2,0,4,4,4,0,1,4,3,1,0,0,2,0,1,1,2,1,0,0,0
221,17,9,6,3,0,3,2,5,1,7,0,1,3,0,0,7,5,0,0,2,0,0,0,1,2,1,0,1,2,0
222,11,8,14,1,0,4,0,6,0,3,0,0,1,1,0,1,1,3,1,3,1,2,3,0,0,2,1,2,3,0
223,16,7,14,1,0,4,6,5,0,3,0,3,7,0,0,1,2,0,0,4,0,4,3,1,0,1,4,5,3,0
224,4,6,3,0,0,0,0,5,0,3,0,0,0,0,0,2,0,0,0,2,0,0,2,0,0,0,1,0,0,0
225,11,7,8,0,0,2,2,2,0,2,0,1,3,0,0,3,8,0,0,3,0,2,1,1,1,0,2,0,2,0
226,6,5,1,0,0,2,0,5,0,3,0,2,2,0,0,0,0,0,0,0,0,1,0,0,0,0,0,0,0,0
227,2,6,3,1,0,0,1,3,0,1,0,2,0,0,0,1,1,0,0,0,0,0,1,0,0,0,1,0,0,0
228,1,1,9,1,0,0,0,2,1,0,0,0,0,3,0,1,0,1,0,0,0,1,1,0,0,0,0,1,0,0
229,2,3,4,0,0,1,2,1,0,0,0,1,0,0,0,1,1,0,1,0,0,0,0,0,0,0,0,0,1,0
230,1,1,1,0,0,3,0,3,1,0,0,1,0,1,0,0,0,0,0,0,1,0,0,0,1,0,0,0,1,0
231,5,1,2,0,0,0,0,2,1,0,0,0,0,1,0,0,0,0,0,0,0,0,2,1,0,0,1,0,0,0
232,0,1,0,0,0,1,2,0,2,1,0,1,0,1,0,1,0,0,0,0,0,0,0,0,0,1,2,0,0,0
233,3,1,0,0,0,2,4,2,5,0,0,0,0,0,0,0,0,0,0,0,0,0,0,1,0,0,0,0,0,0
234,1,0,2,0,0,1,0,1,1,1,0,1,0,1,0,1,0,0,0,0,0,0,2,0,0,0,0,0,0,0
235,5,0,2,0,0,2,4,1,2,0,0,0,0,2,0,0,0,0,0,0,0,0,0,1,0,0,0,0,0,0
236,0,0,0,0,0,0,0,0,1,0,0,0,0,1,0,0,0,0,0,0,0,0,0,0,0,0,0,0,0,1
237,8,5,5,2,0,1,9,6,17,0,0,3,0,7,0,5,2,3,5,0,0,0,0,1,0,0,0,0,0,5
238,7,10,2,4,0,3,11,3,4,0,0,2,0,0,0,1,0,0,0,0,1,0,0,0,0,1,3,0,0,1
239,1,0,1,1,0,2,0,0,3,1,0,0,0,0,0,1,0,0,0,0,0,0,0,0,0,0,1,0,0,1
240,4,0,2,0,0,1,2,0,2,0,0,1,0,1,0,0,0,0,0,0,0,0,0,4,0,0,1,0,0,0
241,0,1,0,0,0,0,0,0,1,0,0,1,0,2,0,0,1,0,0,0,0,0,0,0,0,0,0,0,0,1
242,1,1,2,0,0,1,0,1,0,2,0,0,0,0,0,0,0,0,0,0,0,0,0,0,0,0,0,0,0,0
243,0,2,3,2,0,1,0,3,0,0,0,1,0,0,0,0,0,0,0,0,0,1,0,0,0,0,0,0,1,0
244,2,0,2,1,0,0,0,1,0,0,0,0,0,0,0,0,0,1,0,0,0,0,0,0,0,0,1,0,0,0
245,1,1,1,0,0,1,0,0,1,0,0,1,0,2,0,0,0,0,0,0,0,0,0,1,0,1,0,0,0,0
246,0,1,1,1,0,0,0,1,2,0,0,0,0,2,0,0,0,0,2,0,0,0,0,0,0,0,0,0,3,0
247,2,3,9,2,0,1,0,1,1,0,0,0,0,2,0,0,0,0,0,0,0,0,0,0,0,0,0,0,1,0
248,0,0,0,1,0,1,0,0,0,0,0,0,0,2,0,0,0,0,0,0,0,0,1,0,0,0,1,0,0,0
249,1,3,3,0,0,1,0,3,2,0,0,0,0,0,0,0,0,1,1,0,0,0,0,0,0,1,0,0,1,0
250,1,3,3,0,0,1,0,3,2,0,0,0,0,0,0,0,0,1,1,0,0,0,0,0,0,1,0,0,1,0
251,1,1,0,1,0,0,1,1,3,0,0,0,0,2,0,0,0,0,0,0,0,0,0,0,0,0,0,0,0,1
252,1,0,0,0,0,3,0,2,0,3,0,1,0,2,0,1,2,0,0,0,0,1,1,0,0,1,1,0,1,0
253,57,54,35,11,0,9,38,25,14,6,27,11,4,9,0,6,12,4,5,5,1,7,1,8,0,5,5,5,7,0
254,2,0,1,0,0,0,5,1,3,1,0,0,0,0,0,0,0,0,0,0,0,0,0,0,0,0,2,0,0,0
255,3,1,1,1,0,1,3,2,1,0,0,1,0,2,0,0,0,0,0,0,0,0,0,1,0,1,0,0,1,0
256,3,3,1,0,0,1,0,0,1,0,0,1,0,2,0,0,0,0,2,0,0,0,0,1,0,0,0,0,0,0
257,3,1,0,0,0,1,0,1,1,0,0,1,0,0,0,0,0,0,1,0,0,0,0,0,0,0,0,0,0,0
258,2,3,0,0,0,1,1,0,2,1,0,0,0,1,0,0,0,0,1,0,1,0,0,0,0,0,0,0,0,0
259,0,0,0,0,0,1,0,5,0,3,0,1,1,2,0,3,0,0,0,0,0,0,0,0,0,1,0,0,0,0
260,3,2,5,1,0,5,0,0,3,0,0,0,0,2,0,4,0,0,1,0,0,0,0,2,0,1,0,0,0,0
261,0,4,5,0,0,0,1,4,2,0,0,0,0,2,0,1,1,0,0,0,0,0,0,5,0,0,0,0,0,0
262,1,3,0,0,0,1,0,0,1,1,0,0,0,1,0,0,0,0,0,0,0,0,0,0,0,0,0,1,0,0
263,3,0,0,0,0,2,0,0,0,0,0,0,0,3,0,0,1,1,0,0,2,1,1,0,0,1,0,0,0,0
264,1,1,4,1,0,1,0,0,0,1,0,0,0,1,0,0,0,0,1,0,0,0,0,3,0,0,0,0,0,0
265,0,5,0,3,0,2,2,1,2,0,0,0,0,3,0,0,0,0,1,0,0,0,0,0,0,0,0,0,0,0
266,0,4,3,0,0,3,1,1,1,1,0,3,0,1,0,0,2,0,2,0,0,0,1,0,0,0,0,0,0,0
267,1,1,1,0,0,0,0,1,0,0,0,0,0,0,0,0,0,0,1,0,0,0,0,0,0,1,0,0,0,0
268,0,0,0,1,0,3,0,0,0,0,0,0,0,1,0,0,0,0,1,0,0,0,0,0,0,0,0,0,0,0
269,1,1,1,0,0,6,1,1,1,4,0,0,0,0,0,1,2,1,0,0,0,1,1,0,0,0,0,0,0,0
270,1,0,0,0,0,3,1,0,1,0,0,0,0,1,0,1,0,0,0,0,0,0,0,0,0,1,0,0,0,0
271,2,2,2,0,0,0,3,2,0,0,0,2,0,0,0,2,0,0,0,0,0,0,2,1,0,3,0,0,1,0
272,0,1,1,1,0,0,0,0,0,0,0,0,0,1,0,0,0,0,1,0,0,0,0,0,0,0,0,0,0,0
273,0,5,8,1,0,2,2,3,3,0,0,0,0,3,0,1,0,0,1,0,0,0,0,3,0,0,0,0,0,0
274,3,0,3,1,0,2,0,0,0,0,0,0,0,1,0,0,1,0,0,0,0,0,0,0,0,0,0,0,0,0
275,1,3,5,4,0,0,0,1,1,0,0,0,0,0,0,0,0,0,1,0,0,0,0,0,0,0,0,0,0,1
276,0,0,0,0,0,4,1,1,0,0,0,0,1,0,0,0,0,0,0,0,0,0,0,0,0,1,0,0,0,0
277,0,2,0,2,0,1,0,1,1,0,0,0,0,0,0,0,0,0,0,0,0,0,0,0,0,0,0,0,0,0
278,0,3,1,0,0,0,1,0,1,0,0,0,0,0,0,0,0,0,0,0,0,0,0,0,0,0,0,0,0,0
279,0,0,0,0,0,0,0,1,0,0,0,0,0,0,0,0,0,0,0,0,0,0,0,0,0,0,0,0,0,0
280,0,0,1,0,0,0,0,0,0,0,0,0,0,0,0,0,0,0,0,0,0,0,0,0,0,0,0,0,0,0
281,1,1,0,0,0,0,0,0,0,0,0,0,0,0,0,0,1,0,2,0,0,0,0,0,0,0,0,0,0,0
282,0,3,1,1,0,2,0,2,3,0,0,0,0,0,0,0,0,0,1,0,0,0,0,1,0,2,0,0,0,0
283,3,0,1,1,0,1,0,0,2,0,0,0,0,0,0,0,1,1,0,0,0,0,2,0,0,0,0,0,0,0
284,0,0,0,1,0,1,1,1,1,0,0,0,0,1,0,1,0,0,0,0,0,0,0,0,0,0,0,0,0,0
285,0,2,4,0,0,1,0,0,4,0,0,0,0,1,0,0,0,0,0,0,0,1,0,0,0,1,0,0,0,0
286,0,3,1,3,0,2,0,1,3,3,0,0,0,1,0,1,1,0,0,0,0,0,0,1,0,0,0,0,0,0
287,0,0,1,0,0,1,0,0,0,0,0,1,0,1,0,0,2,0,0,0,0,0,0,0,0,0,0,0,0,1
288,0,1,1,1,0,14,2,0,1,0,0,0,0,0,0,0,0,0,0,0,0,1,2,1,0,0,0,0,0,1
289,0,0,0,3,0,0,0,0,4,0,0,0,0,3,0,0,0,0,0,0,0,0,0,0,0,1,0,0,0,0
290,0,1,5,2,0,2,0,8,3,0,0,0,1,0,0,0,1,0,0,0,0,0,0,1,0,2,0,0,0,0
291,1,1,1,0,0,1,0,1,2,0,0,3,0,0,0,0,0,1,1,0,0,0,0,0,0,0,0,0,0,0
292,1,1,2,1,0,2,1,1,1,0,0,0,0,1,0,0,0,0,2,0,0,0,0,0,0,0,0,0,0,0
293,1,0,1,0,0,0,0,0,3,0,0,0,0,0,0,0,0,0,0,0,0,0,0,0,0,1,0,0,0,0
294,2,2,4,0,0,1,0,0,0,1,0,0,0,0,0,0,0,1,1,0,0,0,0,1,0,0,0,0,0,0
295,0,1,0,1,0,0,3,2,5,0,0,0,0,1,0,0,0,0,1,0,0,0,0,0,0,2,0,0,0,0
296,0,0,0,0,0,0,1,1,0,0,0,0,0,0,0,0,0,0,0,0,0,0,0,0,0,0,0,0,0,0
297,0,3,4,1,0,3,0,1,5,0,0,1,0,0,0,0,0,0,0,0,0,0,0,0,2,0,0,0,0,1
298,1,0,3,0,0,4,0,2,0,0,0,0,0,0,0,2,0,0,1,0,0,0,0,2,0,2,0,0,0,0
299,0,1,4,4,0,0,1,1,2,0,0,0,0,1,0,1,0,0,0,0,0,0,0,0,0,1,0,0,0,0
300,3,4,6,4,0,1,1,2,4,1,0,0,0,1,0,0,1,0,2,0,0,0,1,3,0,0,0,0,0,0
301,0,3,3,6,0,1,0,3,4,1,0,0,0,1,0,0,0,0,0,0,0,0,0,1,0,2,0,0,0,2
302,1,1,1,1,0,3,1,1,2,0,0,0,0,1,0,0,0,1,0,0,0,0,0,0,1,4,1,0,0,1
303,0,6,13,2,0,0,2,0,2,0,0,0,0,4,0,0,1,0,5,0,0,0,0,1,0,1,0,0,0,0
304,0,0,0,0,0,0,0,3,0,1,0,1,0,1,0,0,0,0,0,0,0,0,0,0,0,0,0,2,0,0
305,3,3,1,2,0,3,0,2,2,3,0,1,0,1,0,0,3,0,0,0,2,0,1,0,0,0,0,0,0,0
306,5,0,1,0,0,0,2,2,2,0,0,0,1,0,0,0,0,2,1,0,1,0,0,1,0,0,1,0,0,1
307,0,3,0,2,0,0,2,1,6,0,0,0,0,4,0,1,2,0,0,0,0,0,0,0,0,2,0,0,0,0
308,5,7,10,2,0,4,6,9,3,1,0,2,0,1,0,0,2,1,29,0,0,0,0,1,0,1,0,0,0,0
309,2,2,3,0,0,3,3,1,1,0,0,0,0,2,0,0,0,0,0,0,0,0,1,0,0,2,0,0,1,0
310,0,1,1,1,0,4,0,1,0,0,0,0,0,0,0,0,1,0,2,0,0,0,0,1,0,0,0,0,0,0
311,1,2,4,0,0,4,0,0,4,1,0,0,0,0,0,0,1,0,0,0,0,1,1,0,0,1,0,0,1,0
312,0,0,0,0,0,23,0,1,0,0,0,0,0,0,0,0,0,0,0,0,0,3,0,0,0,0,0,0,0,0
313,0,0,1,0,0,2,0,0,0,0,0,0,0,0,0,0,0,0,0,0,0,11,0,1,0,1,0,0,0,0
314,0,1,0,1,0,4,1,0,0,2,0,0,0,4,0,0,0,0,0,0,0,0,0,0,0,1,0,0,0,0
315,0,2,4,2,0,3,1,1,1,1,0,0,0,1,0,0,0,0,3,0,0,0,0,0,0,0,0,0,0,0
316,0,1,1,0,0,5,0,2,0,3,0,0,1,1,0,0,0,0,0,0,1,0,2,1,0,1,1,0,1,0
317,0,1,0,0,0,16,0,0,0,0,0,0,0,0,0,0,2,0,0,0,0,0,0,0,0,1,0,0,0,0
318,0,0,1,0,0,2,0,0,0,0,0,0,0,0,0,0,0,0,0,0,0,0,0,0,0,0,0,0,0,2
319,0,2,1,0,0,5,0,0,0,0,0,0,0,0,0,0,1,0,1,0,0,0,1,0,0,3,0,0,0,0
320,0,0,0,0,0,5,0,0,1,0,0,0,0,0,0,0,0,0,0,0,0,0,0,0,0,0,0,0,0,1
321,0,0,1,0,0,1,2,0,3,0,0,0,0,0,0,0,0,0,1,0,0,0,0,0,1,0,0,0,0,0
322,1,0,1,0,0,4,2,0,2,0,0,0,0,2,0,0,1,0,0,0,0,0,0,0,0,1,0,0,0,0
323,0,2,0,1,0,8,0,1,1,1,0,0,0,1,0,0,0,0,5,0,0,0,1,0,0,0,0,0,0,0
324,0,3,5,2,0,6,1,2,9,0,0,2,1,12,0,1,0,0,4,0,0,0,0,1,0,1,0,0,0,0
325,0,1,1,0,0,7,0,6,2,0,0,1,0,0,0,0,0,0,1,0,1,0,0,0,1,3,0,1,0,0
326,0,3,1,0,0,2,2,11,2,0,0,0,0,1,0,0,0,0,0,0,0,0,0,0,0,0,0,0,0,0
327,0,1,5,0,0,5,0,2,0,1,0,0,0,1,0,1,2,1,4,0,1,0,1,1,0,1,0,0,0,1
328,0,4,5,4,0,0,0,3,2,1,0,0,0,2,0,1,0,0,1,0,0,0,2,1,0,0,0,0,0,0
329,0,1,1,3,0,2,3,0,4,0,0,0,0,1,0,0,0,0,1,0,0,0,1,0,0,1,0,0,0,0
330,0,2,1,2,0,2,0,0,2,0,0,0,0,1,0,0,0,0,12,0,0,0,1,0,0,0,0,1,0,0
331,0,0,1,1,0,2,1,0,4,0,0,0,0,0,0,0,0,1,10,0,0,0,0,0,0,1,0,0,0,0
332,0,1,6,0,0,0,3,0,5,0,0,0,0,2,0,0,0,0,1,0,0,0,0,1,0,1,0,0,0,0
333,0,0,2,0,0,1,1,1,4,0,0,0,0,2,0,0,0,0,1,0,0,0,0,1,0,1,0,0,0,0
334,1,0,1,0,0,4,0,0,1,0,0,1,0,0,0,0,1,0,0,0,0,0,1,0,0,0,0,0,1,0
335,0,6,6,1,0,2,0,7,3,0,1,0,0,0,0,0,0,0,2,0,0,0,0,0,1,0,0,0,0,0
336,0,6,1,2,0,1,0,0,0,0,0,0,0,0,0,0,0,0,0,0,1,0,0,0,0,2,0,0,0,0
337,0,2,0,0,0,0,2,2,1,0,0,0,0,0,0,0,0,0,0,0,0,0,0,2,0,0,0,0,0,1
338,1,4,1,2,0,2,1,1,4,0,0,2,0,1,0,0,0,0,0,0,0,0,3,0,0,1,0,0,0,0
339,2,0,0,1,0,1,2,0,0,3,0,0,0,1,0,0,1,2,1,0,0,0,0,0,0,1,0,0,0,0
340,0,4,0,0,0,0,0,0,0,1,0,0,0,0,0,0,1,0,0,0,0,1,0,0,0,0,0,0,0,0
341,0,2,3,1,0,3,2,1,1,0,0,1,0,0,0,0,0,0,0,0,0,0,1,0,0,0,0,0,0,0
342,0,4,2,3,0,5,0,1,4,0,0,0,1,1,0,0,0,0,0,0,0,0,2,0,0,3,0,0,0,1
343,0,2,2,0,0,0,2,1,1,1,0,0,0,3,0,1,0,0,0,0,0,0,1,1,0,0,0,0,0,0
344,0,2,0,1,0,0,0,3,4,2,0,0,0,4,0,0,2,0,1,0,0,0,1,0,0,0,0,0,0,0
345,0,1,0,0,0,0,1,0,1,0,0,0,0,0,0,0,0,0,1,0,0,0,0,0,0,4,0,0,0,0
346,0,4,4,1,0,2,0,6,1,2,0,0,0,0,0,0,1,0,0,0,0,1,1,0,0,0,0,0,0,0
347,1,1,2,0,0,0,0,0,0,1,0,0,0,5,0,0,0,0,0,0,0,0,3,0,0,0,0,0,0,0
348,0,2,4,1,0,0,0,1,4,0,0,0,1,0,0,1,1,0,1,0,0,0,0,0,0,2,0,0,0,0
349,1,0,0,0,0,1,0,1,0,3,0,0,0,0,0,0,1,0,0,0,2,0,0,0,0,0,0,0,0,0
350,0,1,0,1,0,2,1,2,2,3,0,0,0,2,0,0,0,0,0,0,0,0,0,0,1,1,0,1,0,0
351,0,5,0,1,0,0,6,2,7,0,0,1,0,3,0,1,1,0,1,0,0,0,0,0,0,0,0,0,0,1
352,0,0,0,1,0,0,0,1,0,1,0,0,0,4,0,0,0,0,1,0,0,0,0,0,0,1,0,1,1,0
353,1,1,0,1,0,0,0,0,0,0,0,0,0,0,0,0,0,0,1,0,0,0,0,1,0,1,0,0,0,0
354,0,2,0,1,0,0,1,1,3,1,0,0,0,2,0,1,1,0,0,0,0,0,0,0,0,0,0,0,0,0
355,0,0,1,0,0,0,1,0,1,0,0,0,1,2,0,0,0,0,0,0,0,0,0,0,0,0,0,0,0,0
356,1,4,2,2,0,0,1,0,4,0,0,0,0,1,0,0,0,0,0,0,0,0,0,0,0,0,0,0,0,0
357,0,6,1,0,0,3,0,0,4,0,0,0,0,0,0,2,0,0,1,0,0,1,0,0,0,0,0,0,0,0
358,0,1,0,1,0,0,2,0,0,4,0,0,1,1,0,0,0,0,0,0,0,0,1,0,0,1,0,0,0,0
359,0,0,0,0,0,1,1,1,2,0,0,0,0,1,0,0,1,0,0,0,0,0,0,0,0,0,0,0,0,0
360,1,3,3,1,0,0,0,2,1,0,0,0,0,1,0,2,0,0,0,0,0,0,0,1,0,0,0,0,0,0
361,0,2,3,1,0,5,0,3,4,0,0,1,1,0,0,1,1,0,2,0,0,0,0,0,0,0,0,0,0,0
362,1,3,1,4,0,1,2,4,1,0,0,1,0,0,0,0,0,0,0,0,0,0,0,0,0,2,0,0,0,0
363,0,5,1,1,0,3,0,4,5,0,0,0,0,0,0,2,0,0,1,0,0,1,0,0,0,1,0,0,0,0
364,0,5,0,0,0,2,0,7,2,0,0,0,0,1,0,0,0,0,0,0,0,0,0,0,0,1,0,0,0,0
365,0,0,0,0,0,4,0,1,0,0,0,0,0,1,0,0,1,0,0,0,0,0,0,0,0,1,0,0,0,0
366,1,3,0,0,0,0,0,0,0,0,0,1,0,0,0,0,0,1,0,0,0,0,0,0,0,1,0,0,0,0
367,0,3,0,2,0,2,0,2,2,2,0,0,0,1,0,0,0,0,0,0,0,0,1,0,0,1,0,0,0,0
368,2,0,2,0,0,3,3,0,3,3,0,0,0,0,0,0,0,1,1,0,0,0,0,2,0,2,0,0,0,0
369,0,4,0,2,0,2,1,3,2,4,0,0,0,5,0,1,0,0,0,0,0,0,0,0,0,0,0,0,1,0
370,0,0,4,0,0,1,0,1,2,1,0,0,0,0,0,0,2,0,8,1,0,1,0,2,0,0,0,0,0,0
371,2,4,2,1,0,0,1,1,2,0,0,0,0,2,0,0,1,0,0,0,0,0,1,2,0,0,0,0,0,0
372,1,1,0,2,0,2,0,0,1,3,0,0,0,0,0,0,0,1,1,0,0,1,2,0,0,0,0,0,0,0
373,1,2,0,0,0,6,0,1,0,42,0,1,0,0,0,0,0,0,0,0,0,0,0,0,0,2,0,0,0,0
374,0,3,9,0,0,0,0,15,1,10,0,0,0,2,0,0,1,0,0,0,0,0,1,1,0,2,0,0,0,0
375,0,4,1,1,0,0,0,0,2,2,0,0,1,0,0,2,1,0,0,0,0,1,0,0,0,1,0,0,1,0
376,0,0,0,0,0,0,0,1,0,0,0,0,0,0,0,0,0,0,0,0,0,2,0,0,0,0,0,0,0,0
377,1,0,0,0,0,2,0,0,0,0,0,0,0,0,0,1,0,0,0,0,0,2,0,0,0,0,0,0,0,0
378,0,1,1,1,0,6,2,0,2,0,0,1,0,1,0,0,0,0,2,0,0,0,0,0,0,1,0,0,0,0
379,1,1,1,2,0,2,1,0,1,0,0,0,0,0,0,0,0,1,0,0,0,0,0,0,1,0,0,0,0,1
380,0,1,2,0,0,2,0,0,2,0,0,0,0,2,0,1,3,0,0,0,0,0,0,2,0,1,0,0,0,0
381,0,0,1,1,0,2,0,0,4,1,0,0,0,0,0,0,0,0,0,0,0,0,2,0,0,1,0,0,0,0
382,0,0,0,0,0,0,0,0,0,0,0,0,0,0,0,0,0,0,0,0,0,0,0,0,0,0,0,0,0,0
383,0,5,4,1,0,0,0,0,1,0,0,1,0,0,0,0,0,0,0,0,0,0,0,1,0,0,0,0,0,0
384,1,1,0,0,0,3,2,1,0,0,0,0,0,0,0,0,3,1,0,0,0,0,1,2,0,0,0,0,0,1
385,0,5,3,4,0,0,1,0,2,0,0,0,0,1,0,0,0,0,1,0,0,0,1,0,0,0,0,0,0,0
386,2,0,1,0,0,0,0,1,0,0,0,0,0,1,0,0,1,0,0,0,0,0,0,0,0,1,0,0,0,0
387,0,0,3,0,0,1,0,0,0,1,0,3,0,0,0,0,0,1,0,0,0,0,0,1,0,0,0,0,0,0
388,0,2,0,0,0,1,0,2,1,0,0,0,0,1,0,0,0,0,0,0,0,0,0,0,0,0,0,1,0,0
389,0,0,0,1,0,3,0,0,2,0,0,0,0,1,0,0,0,0,1,0,0,0,0,0,0,1,0,0,0,0
390,0,2,3,0,0,0,0,0,0,1,0,0,0,0,0,0,1,0,0,0,0,0,1,0,0,0,0,0,0,0
391,2,2,0,0,0,2,2,0,7,1,0,0,0,0,0,0,0,0,0,0,0,0,0,0,0,0,0,0,0,0
392,0,7,3,1,0,3,0,2,9,0,0,0,0,1,0,0,0,0,1,0,0,0,1,1,0,0,0,0,0,0
393,2,2,0,0,0,1,2,1,2,0,0,0,0,2,0,0,0,0,0,0,0,0,0,0,0,0,0,0,0,8
394,0,4,3,3,0,3,0,0,3,0,0,0,0,0,0,0,0,0,0,0,0,0,0,0,0,0,0,0,0,1
395,0,2,1,0,0,2,0,1,3,0,0,0,0,1,0,0,0,0,4,0,0,0,0,0,0,1,0,0,0,0
396,1,5,1,0,0,2,0,5,3,0,0,0,1,3,0,2,0,0,0,0,0,0,2,0,0,0,0,0,0,0
397,0,0,1,0,0,0,2,0,3,0,0,0,0,1,0,0,1,0,3,0,0,0,0,0,0,2,0,0,0,0
398,0,3,4,3,0,2,0,1,4,0,0,0,0,1,0,0,0,0,2,0,0,0,1,0,0,1,0,0,0,0
399,4,3,3,0,0,1,0,0,0,0,0,0,0,1,0,0,1,0,1,0,2,0,0,1,0,0,0,0,0,1
400,0,1,0,0,0,1,0,0,0,0,0,0,0,0,0,0,0,0,1,0,0,0,0,0,1,0,0,0,0,0
401,1,4,0,0,0,3,1,0,4,0,0,2,0,3,0,0,1,0,2,0,0,0,0,0,0,0,0,0,0,0
402,0,1,0,3,0,2,1,2,1,1,0,1,0,0,0,0,0,0,1,0,0,0,0,0,0,0,0,0,0,0
403,0,1,0,0,0,1,0,2,4,0,0,0,0,3,0,0,0,0,3,0,0,0,0,0,0,0,0,0,0,0
404,0,6,2,2,0,2,0,1,2,0,0,0,0,0,0,0,1,0,0,0,0,0,0,1,0,1,0,0,0,0
405,0,3,3,3,0,0,4,2,3,0,0,0,0,1,0,0,0,0,2,0,0,0,0,0,0,2,0,0,0,12
406,0,1,1,0,0,0,0,0,0,0,0,0,0,1,0,0,0,0,3,0,0,0,0,0,0,1,0,0,0,0
407,0,1,4,2,0,0,0,0,2,1,0,0,0,0,0,1,0,0,0,0,0,0,3,3,0,1,0,0,0,0
408,0,1,0,0,0,0,1,1,0,0,0,0,0,0,0,0,0,2,0,0,0,0,0,0,0,1,0,0,0,1
409,0,0,0,2,0,0,0,2,1,2,0,0,0,0,0,0,0,0,0,0,0,0,1,0,0,0,0,0,0,0
410,1,6,2,2,0,0,1,1,0,0,0,0,0,0,0,0,0,0,0,0,0,0,1,1,0,0,0,0,0,0
411,2,1,7,2,0,1,0,0,4,0,0,0,1,2,0,1,1,2,1,0,0,0,0,0,0,0,0,0,0,0
412,1,0,1,0,0,0,0,0,1,0,0,3,0,0,0,0,0,0,0,0,0,0,0,0,0,0,0,0,0,0
413,1,1,0,1,0,1,1,0,2,1,0,0,0,3,0,1,0,0,0,0,0,0,0,0,0,0,0,0,1,0
414,1,2,0,2,0,0,2,1,6,0,0,0,0,1,0,0,0,0,1,0,0,0,1,0,0,0,0,0,0,0
415,0,1,1,1,0,6,0,1,0,0,0,0,0,0,0,1,0,0,0,0,2,0,3,0,0,2,0,0,0,0
416,1,1,3,0,0,2,3,0,5,2,0,0,0,2,0,0,0,0,1,0,0,0,0,0,0,3,0,0,0,0
417,1,0,1,0,0,1,0,3,0,0,0,0,0,0,0,1,0,0,1,0,1,0,3,1,0,0,0,0,0,1
418,3,2,2,1,0,0,0,6,2,2,1,0,1,4,0,0,0,0,1,0,0,0,0,1,0,0,0,0,0,1
419,0,2,2,2,0,4,3,1,1,0,0,0,0,1,0,0,1,0,0,0,0,0,0,0,0,1,0,0,0,0
420,0,2,0,1,0,2,2,1,2,0,0,0,0,3,0,1,0,0,0,0,1,0,0,0,0,0,0,0,0,0
421,0,1,0,0,0,1,0,3,0,6,0,1,0,0,0,0,0,0,0,0,0,0,0,0,0,1,0,0,1,0
422,1,3,1,0,0,0,0,1,0,0,0,0,0,0,0,1,0,0,0,0,0,0,0,0,0,0,0,0,0,0
423,0,0,0,0,0,2,0,0,1,0,0,0,0,1,0,0,4,0,0,0,0,0,0,0,0,1,0,0,0,0
424,0,1,1,1,0,4,1,0,1,0,0,0,0,3,0,0,0,0,5,0,0,0,0,0,0,0,0,0,0,0
425,1,4,3,0,0,0,2,3,3,0,0,0,0,1,0,1,0,0,0,0,0,0,1,1,0,0,0,0,0,0
426,0,0,3,0,0,0,0,1,0,0,0,0,0,0,0,0,0,0,0,0,0,0,0,2,0,1,0,0,0,0
427,0,7,2,9,0,5,0,0,1,0,0,0,1,2,0,0,0,0,0,0,0,0,1,1,0,0,0,0,0,0
428,0,0,2,0,0,0,1,0,1,0,0,0,0,0,0,1,1,0,0,0,0,0,0,2,0,1,0,0,0,0
429,0,1,1,0,0,0,0,1,0,0,0,1,0,3,0,0,0,0,0,0,0,0,0,0,0,0,0,0,0,0
430,0,2,0,0,0,1,0,0,0,0,0,0,0,0,0,0,0,0,0,0,0,1,0,0,0,1,0,0,0,0
431,1,2,1,0,0,4,1,0,2,0,0,0,0,0,0,0,0,0,0,0,0,0,0,0,0,2,0,0,0,0
432,1,2,0,1,0,0,2,6,4,0,0,0,0,2,0,0,0,0,0,0,0,0,0,0,0,0,0,0,0,0
433,0,1,1,1,0,2,1,1,1,0,0,0,0,0,0,0,1,0,1,0,0,0,0,1,0,0,0,0,0,0
434,0,0,1,1,0,0,1,0,4,1,0,0,0,1,0,0,0,0,2,0,0,0,0,0,0,0,0,0,0,0
435,2,2,2,0,0,0,1,0,0,0,0,1,0,0,0,0,0,3,0,0,0,0,0,0,0,0,0,0,0,0
436,0,2,1,0,0,0,0,1,1,0,0,0,0,1,0,0,0,0,0,0,0,0,0,1,0,1,0,0,0,0
437,0,0,1,0,0,0,0,0,0,2,0,0,0,3,0,0,0,0,0,0,0,0,1,0,0,0,0,0,0,0
438,1,1,6,1,0,0,0,1,0,0,0,0,0,1,0,0,0,0,0,0,0,0,0,0,0,0,0,0,0,0
439,2,2,0,0,0,4,0,1,2,1,0,0,0,3,0,11,0,0,0,0,0,0,2,0,0,0,0,0,0,0
440,0,0,0,0,0,0,0,0,0,0,0,0,0,0,0,0,0,0,0,0,0,1,0,0,0,0,0,0,0,0
441,0,2,0,2,0,0,0,2,3,0,0,0,0,0,0,0,0,0,2,0,0,0,1,1,0,1,0,0,0,1
442,1,0,1,0,0,2,0,0,1,0,0,0,0,1,0,0,0,0,1,0,0,0,0,0,0,2,0,0,0,0
443,0,2,1,0,0,0,0,0,4,0,0,0,0,1,0,0,0,0,0,0,0,0,0,0,0,0,0,0,0,0
444,1,0,0,0,0,2,0,0,3,0,0,0,0,2,0,0,0,0,0,0,0,0,0,0,0,0,0,0,0,0
445,0,0,2,0,0,0,0,0,2,0,0,1,0,0,0,0,0,0,0,0,1,0,0,0,0,0,0,0,0,0
446,21,1,5,0,0,2,0,0,1,0,0,1,0,0,0,0,0,0,0,0,0,0,0,1,0,1,0,0,0,0
447,0,0,1,0,0,0,3,1,0,0,0,0,1,0,0,0,0,0,2,0,0,0,0,0,0,0,1,3,0,0
448,2,0,0,0,0,0,0,0,1,0,0,0,0,0,0,0,0,0,0,0,0,0,0,0,0,1,0,0,0,0
449,1,0,1,0,0,0,0,2,0,0,0,2,0,1,0,0,0,0,1,0,0,0,0,0,0,0,0,0,0,0
450,2,0,3,0,0,1,0,0,1,0,0,0,0,1,0,0,0,0,0,0,0,0,0,0,1,1,0,0,0,0
451,9,1,1,0,0,0,0,1,1,0,0,1,0,0,0,0,0,1,0,0,0,0,0,0,0,0,0,0,0,0
452,1,0,0,1,0,0,4,0,0,0,0,0,1,0,0,1,0,0,0,0,0,0,0,0,0,0,0,0,0,0
453,1,0,2,0,0,1,0,0,1,0,0,0,0,0,0,1,0,0,0,0,0,0,0,0,0,0,0,0,0,0
454,1,0,0,0,0,2,0,0,0,0,0,0,0,3,0,0,0,0,0,0,0,0,0,0,1,2,0,0,0,0
455,0,1,5,0,0,8,0,0,0,0,0,0,0,1,0,0,0,0,0,0,1,0,0,0,0,0,0,0,0,0
456,20,0,1,0,0,0,0,1,0,1,0,0,0,0,0,1,1,0,0,0,0,0,0,1,0,0,0,0,0,0
457,6,0,1,0,0,0,0,0,0,0,0,0,0,1,0,0,0,0,0,0,0,0,0,0,0,0,0,0,0,0
458,4,1,3,0,0,0,0,0,3,0,0,0,0,2,0,0,0,0,1,0,0,0,0,0,0,1,0,0,0,0
459,0,2,1,0,0,0,0,0,3,0,0,0,0,2,0,0,0,0,0,0,0,0,0,0,0,0,0,0,0,0
460,6,2,1,0,0,0,0,0,1,0,0,1,0,2,0,0,0,0,0,0,0,0,0,1,0,1,0,0,0,0
461,1,0,3,0,0,0,2,0,0,0,0,0,2,0,0,0,0,0,0,1,0,0,0,0,0,0,0,0,0,0
462,3,4,2,0,0,0,0,0,0,0,0,0,0,0,0,0,0,0,1,0,1,0,0,1,0,0,0,0,0,0
463,0,1,1,0,0,2,0,0,2,0,0,0,0,1,0,0,0,0,1,0,0,0,0,0,0,1,0,0,0,0
464,0,0,3,0,0,0,2,1,0,0,0,0,0,0,0,0,2,0,0,0,0,0,1,1,0,1,0,0,0,0
465,1,2,3,0,0,4,0,0,2,0,0,0,0,2,0,1,0,0,0,0,1,0,0,0,0,1,0,0,0,0
466,1,0,1,0,0,1,1,4,0,0,0,1,1,1,0,0,2,0,0,0,0,0,0,0,0,1,0,0,0,0
467,0,1,1,0,0,0,1,1,0,0,0,1,0,0,0,0,0,0,0,0,0,0,0,0,0,0,0,0,0,0
468,0,1,0,0,0,3,0,0,0,0,0,0,0,2,0,0,0,0,0,0,0,0,0,0,0,0,0,0,0,0
469,0,0,1,0,0,1,0,0,0,0,0,0,0,0,0,0,0,1,0,0,0,0,0,0,0,0,0,0,0,0
470,0,0,0,0,0,0,0,0,0,3,0,1,1,2,0,1,0,0,1,0,0,0,0,0,0,0,0,0,0,0
471,1,0,0,0,0,0,0,0,0,0,0,0,0,0,0,0,0,0,0,0,0,0,0,0,0,1,0,0,0,0
472,0,1,1,0,0,3,0,0,0,0,0,0,0,0,0,0,0,0,0,0,0,0,0,0,0,0,0,0,0,0
473,4,0,0,0,0,2,0,0,0,0,0,0,0,2,0,0,0,1,0,0,0,0,0,0,0,1,0,0,0,0
474,2,1,1,0,0,5,0,0,4,0,0,1,0,1,0,0,0,1,2,0,0,0,0,1,0,1,0,0,0,0
475,0,1,1,0,0,2,0,0,2,0,0,0,0,1,0,0,0,0,0,0,1,0,0,0,0,0,0,0,0,0
476,0,4,2,0,0,4,0,0,1,0,0,2,0,2,0,0,0,1,0,0,0,0,0,2,0,2,0,0,0,1
477,0,1,3,0,0,3,0,0,1,0,0,0,0,3,0,2,0,0,0,0,0,0,0,2,0,2,0,0,0,0
478,0,1,0,0,0,3,0,0,3,0,0,0,0,1,0,0,0,0,0,0,0,0,0,0,0,0,0,0,0,0
479,0,1,1,0,0,2,0,0,1,0,0,1,0,1,0,1,0,1,0,0,0,0,0,0,0,1,0,0,0,0
480,0,1,3,0,0,1,0,0,2,0,0,0,0,1,0,1,0,0,1,0,0,0,0,1,0,1,0,0,9,0
481,0,0,1,0,0,1,0,0,4,0,0,0,0,4,0,0,0,1,0,0,1,0,0,0,0,1,0,0,0,0
482,3,5,2,0,0,4,0,0,3,0,0,0,0,1,0,0,0,0,2,0,0,0,0,0,0,1,0,0,0,0
483,1,2,3,0,0,3,0,0,0,0,0,0,0,3,0,0,0,0,1,0,1,0,0,1,0,2,0,0,0,0
484,0,3,5,0,0,5,0,0,1,0,0,0,0,0,0,0,0,0,1,0,0,0,0,0,0,0,0,0,0,0
485,0,0,1,0,0,0,0,0,2,0,1,2,0,0,0,0,0,0,0,0,0,0,0,0,0,1,0,0,0,0
486,6,1,3,1,0,0,2,1,1,0,0,1,1,1,0,1,2,0,0,2,0,0,0,3,0,0,0,0,0,2
487,3,1,0,0,0,0,0,1,0,0,0,0,0,1,0,0,0,0,0,0,0,0,0,0,0,1,0,0,0,0
488,2,0,0,0,0,0,0,0,0,0,0,1,0,3,0,0,0,1,0,0,1,0,0,0,0,0,0,0,0,0
489,2,1,2,0,0,0,0,0,0,0,0,0,0,1,0,0,0,0,0,0,0,0,0,0,0,0,0,0,0,0
490,1,0,2,0,0,4,0,0,0,0,0,0,0,0,0,0,0,0,0,0,1,0,0,0,0,0,0,0,0,0
491,3,1,1,0,0,3,0,0,3,0,0,1,0,0,0,0,0,13,0,0,0,0,0,0,0,0,0,0,0,0
492,3,1,4,0,0,2,0,0,2,0,0,0,0,0,0,0,0,0,1,0,0,0,0,0,0,0,0,0,0,0
493,1,1,0,0,0,0,0,0,0,0,0,2,0,0,0,0,0,0,0,0,1,0,0,0,0,0,0,0,0,0
494,0,0,0,0,0,0,1,0,0,0,0,1,1,0,0,0,2,1,0,0,0,0,0,0,0,0,0,0,1,0
495,1,1,3,0,0,1,0,0,3,0,0,0,0,2,0,0,0,0,0,0,1,0,0,1,0,0,0,0,0,0
496,2,1,0,0,0,0,0,0,2,0,0,0,0,1,0,0,0,0,0,0,0,0,0,0,0,0,0,0,0,1
497,2,2,1,0,0,0,0,0,3,0,0,0,0,0,0,0,0,0,1,0,0,0,0,0,0,4,0,0,0,0
498,0,0,0,0,0,0,0,0,0,0,0,0,0,3,0,0,0,0,0,0,0,0,0,0,0,0,0,0,0,0
499,3,2,2,0,0,5,0,0,4,0,0,2,0,3,0,0,0,1,1,0,0,0,0,0,0,0,0,0,0,0
500,1,1,0,0,0,4,0,0,4,0,0,0,0,4,0,0,0,0,0,0,0,0,0,0,0,1,0,0,0,0
501,0,1,1,0,0,1,0,0,0,0,0,0,0,1,0,0,0,0,0,0,0,0,0,0,0,0,0,0,0,0
502,0,2,0,0,0,0,0,0,0,0,0,2,0,0,0,0,0,0,0,0,0,0,0,0,0,0,0,0,0,0
503,0,0,2,0,0,0,0,0,4,0,1,0,0,4,0,0,0,1,0,0,0,0,0,0,1,0,0,0,0,0
504,0,3,1,0,0,0,0,0,2,0,0,0,0,1,0,0,0,0,0,0,0,0,0,0,0,0,0,0,0,0
505,0,0,1,0,0,2,0,0,0,0,0,0,0,0,0,0,0,0,0,0,0,0,0,0,0,0,0,0,0,0
506,1,1,1,0,0,1,0,0,0,0,0,1,0,2,0,0,0,0,0,0,0,0,0,0,0,0,0,0,0,1
507,1,1,1,0,0,0,0,0,0,0,0,1,1,0,0,0,0,0,0,0,0,0,0,0,0,0,0,0,0,0
508,1,1,1,0,0,1,0,0,1,0,0,1,0,1,0,0,0,1,2,0,0,0,0,0,0,1,0,0,0,1
509,0,0,2,0,0,2,0,0,2,0,0,0,0,2,0,1,0,0,0,0,0,0,0,0,0,1,0,0,0,0
510,2,0,0,0,0,0,1,0,0,3,0,0,0,0,0,1,0,0,0,0,0,0,0,1,0,0,0,0,0,0
511,1,0,0,0,0,0,0,6,0,0,0,0,0,1,0,1,0,0,0,0,0,0,0,0,0,0,0,0,0,1
512,1,1,0,0,0,1,0,0,1,0,0,0,0,4,0,1,0,1,0,1,0,0,0,0,0,0,0,0,0,0
513,0,0,0,0,0,1,0,0,4,0,0,0,0,4,0,0,0,0,0,0,0,0,0,0,0,0,0,0,0,0
514,0,1,0,0,0,2,0,0,1,0,0,1,0,0,0,0,0,1,2,0,0,0,0,0,0,1,0,0,0,0
515,0,3,2,0,0,2,0,0,0,0,0,2,0,0,0,0,0,0,0,0,0,0,0,0,0,1,0,0,0,0
516,0,1,1,0,0,1,0,0,0,0,0,1,0,0,0,0,0,1,0,0,0,0,0,1,0,0,0,0,0,0
517,0,0,0,0,0,0,1,1,0,2,0,0,0,0,0,1,0,0,0,0,0,0,0,0,0,0,0,0,0,0
518,0,0,1,0,0,0,0,2,0,5,0,0,0,3,0,0,0,2,0,1,0,1,0,0,0,0,0,0,0,0
519,0,2,0,0,0,0,0,0,0,0,0,1,0,0,0,0,0,0,0,0,0,0,0,0,0,0,0,0,0,0
520,1,2,1,0,0,1,0,0,0,0,0,0,0,6,0,0,0,1,0,0,0,0,0,0,1,0,0,0,0,0
521,2,0,2,0,0,0,1,1,0,0,0,1,0,0,0,0,0,0,0,0,0,0,0,0,0,0,0,0,0,0
522,1,1,1,0,0,0,0,0,0,0,0,1,1,0,0,0,0,0,0,0,0,0,0,0,0,0,0,0,0,0
523,0,0,0,0,0,0,0,3,0,1,0,0,0,0,0,0,0,0,0,0,0,0,0,0,0,0,0,0,0,0
524,31,31,41,6,0,0,14,21,1,12,5,37,31,0,0,7,0,10,0,15,9,1,0,5,1,0,2,3,0,1
525,1,2,3,0,0,0,0,0,1,0,0,0,0,4,0,0,0,0,0,0,0,0,0,0,0,0,0,0,0,0
526,3,5,1,0,0,2,0,0,1,0,0,1,0,3,0,0,0,0,0,0,0,0,0,0,0,1,0,0,0,0
527,1,0,2,0,0,0,0,3,0,0,0,0,0,0,0,0,1,0,0,0,1,0,0,2,0,2,0,0,0,0
528,0,0,2,0,0,2,0,0,0,0,0,0,0,0,0,0,0,0,1,0,0,0,0,0,0,0,0,0,0,0
529,1,0,0,0,0,1,0,0,0,0,0,0,0,0,0,0,0,0,0,0,0,0,0,0,0,1,0,0,0,0
530,0,2,1,0,0,1,0,0,0,0,0,2,0,0,0,0,0,0,1,0,0,0,0,0,0,0,0,0,0,0
531,0,1,4,0,0,0,0,0,0,0,0,0,0,0,0,0,0,0,0,0,0,0,0,1,0,0,0,0,0,0
532,2,0,2,0,0,1,4,1,0,0,0,0,0,1,0,0,0,0,0,0,1,1,0,0,0,1,2,0,0,0
533,4,1,3,1,0,1,1,1,0,0,0,1,0,0,0,0,8,0,0,1,0,0,4,0,0,0,0,0,0,0
534,1,0,0,1,0,0,0,0,0,0,0,0,0,0,0,0,5,0,0,0,0,0,0,0,0,0,1,0,0,0
535,0,1,0,0,0,0,0,0,0,0,0,0,0,0,0,0,0,0,0,0,0,0,2,0,0,0,0,0,0,0
536,3,1,0,0,0,0,0,0,0,0,1,0,0,0,0,0,0,0,0,0,0,0,0,0,0,0,3,0,0,0
537,1,1,0,3,0,1,0,0,0,0,0,0,0,0,0,0,2,0,0,0,0,1,1,0,0,1,2,0,0,5
538,2,0,0,0,0,0,0,0,0,1,0,1,1,1,0,0,0,0,0,0,0,0,0,1,0,0,0,0,0,0
539,2,0,1,2,0,0,0,1,0,0,0,0,0,0,0,0,0,0,0,0,0,0,0,0,0,0,0,0,0,0
540,13,0,0,0,0,0,0,0,0,2,0,0,0,0,0,1,0,0,0,0,0,0,0,0,0,0,1,0,0,0
541,2,2,1,6,0,2,0,0,0,1,1,1,1,1,0,0,0,1,1,0,0,0,0,0,0,0,0,1,0,0
542,2,2,1,2,0,0,0,0,0,0,0,0,0,0,0,0,0,3,1,4,0,0,0,0,0,0,0,0,0,0
543,5,1,1,0,0,0,1,1,2,2,0,1,0,0,0,1,0,0,0,0,0,4,0,1,0,0,0,0,0,0
544,2,0,0,0,0,0,0,0,0,0,1,0,0,0,0,0,0,0,0,0,0,0,0,1,0,0,0,0,0,1
545,1,1,3,4,0,1,0,0,0,0,0,0,0,0,0,0,0,0,0,1,0,5,0,0,0,0,1,0,1,0
546,3,0,4,0,0,2,1,1,0,1,0,0,1,0,0,0,1,1,0,0,0,0,0,0,0,1,0,0,2,0
547,4,2,2,5,0,0,1,0,1,1,0,0,0,3,0,1,1,0,1,0,1,0,0,0,0,1,0,0,1,0
548,0,0,0,0,0,1,0,0,1,0,1,0,0,0,0,0,0,0,1,0,1,1,0,0,0,1,1,0,0,0
549,0,0,0,2,0,0,0,0,0,1,0,1,0,2,0,0,1,1,0,0,0,0,1,1,0,0,0,0,1,0
550,1,0,0,0,0,0,2,0,0,1,0,1,0,0,0,0,1,0,0,0,0,0,0,0,0,0,1,0,0,0
551,1,0,0,0,0,0,0,0,0,0,0,0,0,0,0,0,1,0,0,1,0,1,1,0,0,0,0,0,0,0
552,3,0,0,1,0,0,0,1,0,1,0,0,1,0,0,0,0,0,0,0,1,1,0,0,0,0,1,0,0,1
553,0,1,0,0,0,0,0,0,0,1,0,0,0,0,0,0,0,0,0,0,0,0,0,0,0,0,0,0,0,0
554,9,1,2,0,0,0,3,0,2,2,0,0,0,0,0,0,0,0,0,0,0,0,0,0,0,0,4,0,1,0
555,1,2,0,1,0,1,2,0,0,0,0,0,0,0,0,1,1,0,0,0,0,3,0,0,0,0,0,0,0,1
556,4,5,0,1,0,0,1,0,0,1,2,0,0,1,0,0,1,0,0,0,0,0,1,0,0,0,0,0,0,0
557,1,1,1,0,0,0,1,0,0,1,0,1,0,0,0,1,0,0,0,0,0,4,3,0,0,0,0,0,0,0
558,6,4,2,3,0,3,6,1,0,13,0,0,0,2,0,1,2,1,0,0,2,0,1,2,0,0,3,0,2,0
559,9,7,6,5,0,2,3,0,1,3,0,0,0,3,0,5,3,2,0,0,3,0,3,0,0,1,0,0,3,2
560,1,1,2,5,0,1,0,0,0,1,0,0,0,0,0,7,2,1,0,0,1,0,1,0,0,0,1,0,0,0
561,4,1,1,0,0,2,1,1,2,0,0,2,0,2,0,0,0,0,0,0,1,0,1,0,0,0,2,0,0,0
562,2,1,1,0,0,0,1,0,0,5,1,2,0,1,0,0,0,0,0,0,0,0,0,0,0,0,1,0,1,0
563,2,5,3,1,0,2,3,0,0,0,0,1,0,2,0,4,5,0,0,0,0,0,0,0,0,0,0,0,0,0
564,9,8,1,1,0,0,9,1,8,4,0,1,1,0,0,4,2,1,1,0,3,0,0,2,0,0,0,0,0,1
565,3,1,2,0,0,0,1,0,0,1,0,1,0,0,0,0,1,0,0,0,1,0,0,0,0,1,0,0,0,0
566,1,0,1,0,0,0,0,0,0,1,0,0,0,0,0,0,0,0,0,1,1,1,0,0,0,0,2,0,0,0
567,0,1,0,0,0,0,0,1,0,4,0,0,0,0,0,0,1,0,0,0,0,0,0,0,0,2,0,0,0,0
568,2,8,0,0,0,0,1,0,0,0,0,0,0,0,0,1,0,2,0,0,0,0,0,0,0,0,0,0,0,0
569,4,4,0,3,0,0,2,0,0,1,0,0,0,0,0,1,1,0,0,0,0,0,0,0,0,0,0,0,0,0
570,1,1,0,0,0,0,0,0,0,0,2,0,0,0,0,0,0,0,0,0,0,0,0,0,0,0,3,0,0,0
571,3,3,2,0,0,1,3,0,5,0,0,0,0,1,0,1,0,0,0,0,0,0,0,1,0,0,0,0,1,2
572,4,1,2,0,0,0,0,0,0,1,0,0,0,0,0,0,0,0,0,0,0,0,0,0,0,0,0,0,0,0
573,29,47,23,25,0,7,10,2,1,1,6,14,10,5,0,8,11,4,0,1,13,0,0,10,0,0,8,0,4,8
574,2,0,0,0,0,0,0,0,0,0,0,0,0,0,0,0,0,0,0,0,0,0,0,0,0,0,2,0,1,0
575,3,0,3,0,0,0,0,1,1,0,0,0,0,0,0,0,0,0,0,0,0,0,0,1,0,0,0,0,0,0
576,2,1,2,2,0,2,0,0,0,3,0,0,1,0,0,0,1,0,0,0,0,0,0,0,0,0,0,0,0,0
577,4,0,2,0,0,6,0,10,1,0,0,3,0,0,0,1,1,0,12,0,0,0,0,0,0,1,0,0,0,0
578,1,2,0,2,0,0,0,1,1,2,0,0,0,0,0,1,2,1,0,1,0,0,0,0,0,1,0,0,1,0
579,2,0,0,2,0,0,0,0,0,0,0,1,0,0,0,0,0,1,0,0,1,0,0,0,0,0,0,0,0,0
580,3,1,0,0,0,1,0,0,0,0,0,0,0,0,0,0,4,0,1,0,0,1,1,0,0,0,0,0,0,0
581,4,0,0,0,0,0,2,0,0,0,0,0,0,0,0,0,0,0,0,0,0,0,0,0,0,0,0,0,0,7
582,2,0,1,1,0,0,1,0,0,1,0,1,2,0,0,0,0,0,0,0,0,0,1,0,0,0,0,0,0,0
583,2,0,0,1,0,0,1,0,0,0,0,1,0,0,0,0,3,0,0,0,0,0,1,0,0,0,1,0,0,0
584,0,0,0,0,0,0,2,0,0,0,0,0,0,0,0,0,0,0,0,0,0,0,0,0,0,1,1,0,0,1
585,1,0,0,0,0,0,0,0,0,0,0,0,0,0,0,0,0,0,0,0,0,0,0,0,0,0,0,0,0,0
586,14,0,0,0,0,0,0,0,0,5,0,0,0,0,0,0,0,0,0,0,1,0,0,1,0,0,0,0,0,0
587,1,3,1,1,0,0,1,0,2,0,0,1,0,0,0,0,1,0,0,0,0,0,0,1,0,1,0,0,1,0
588,2,1,2,2,0,0,1,0,0,1,1,0,0,1,0,0,1,0,0,0,0,0,0,0,0,1,1,0,1,0
589,1,0,0,0,0,0,0,0,0,0,0,1,6,0,0,0,0,0,0,0,0,0,0,0,0,4,0,1,0,0
590,2,3,6,11,0,2,1,0,0,2,0,0,0,1,0,2,3,0,0,0,1,0,1,0,0,1,0,0,0,0
591,5,0,0,1,0,0,0,1,0,2,0,0,0,0,0,0,1,0,0,0,0,0,1,0,0,0,0,0,0,0
592,2,1,1,1,0,0,0,0,0,1,0,0,0,0,0,1,1,0,0,0,1,0,0,0,0,0,3,0,0,0
593,2,0,1,0,0,0,0,1,0,0,0,0,0,1,0,0,2,0,0,0,0,0,0,0,0,0,4,0,0,0
594,3,1,2,0,0,0,3,1,1,1,0,0,0,0,0,0,0,0,0,0,0,1,0,1,0,0,2,0,0,0
595,1,0,1,1,0,0,1,0,3,0,0,0,0,0,0,1,1,0,0,0,0,0,0,1,0,1,0,0,0,0
596,2,0,0,2,0,1,0,0,0,0,0,0,0,3,0,0,0,1,0,0,0,1,0,0,0,0,0,0,0,0
597,2,2,0,1,0,0,0,0,1,0,0,0,0,1,0,0,0,0,0,0,0,0,1,0,0,0,0,0,0,0
598,0,3,0,1,0,0,1,0,0,1,0,0,0,0,0,1,0,0,0,0,0,0,0,0,0,0,0,0,0,0
599,1,0,0,0,0,0,0,0,0,0,0,1,0,1,0,0,0,0,0,0,0,0,0,0,1,0,0,0,0,0
600,4,2,1,4,0,0,3,1,0,1,0,3,2,3,0,0,1,0,0,2,2,0,0,0,0,0,0,0,0,0
601,5,4,6,4,0,0,2,0,1,1,0,1,0,0,0,1,3,1,0,0,1,0,0,1,0,0,0,0,3,0
602,3,0,2,3,0,0,3,1,1,1,0,0,0,0,0,2,0,10,0,0,0,0,0,0,0,1,2,0,0,0
603,1,1,2,1,0,0,0,0,1,1,0,0,0,0,0,1,1,0,0,0,0,0,0,0,0,0,0,0,1,0
604,2,10,1,1,0,0,2,0,0,1,0,0,0,0,0,2,0,1,0,0,0,0,0,0,0,1,0,0,0,0
605,1,1,0,3,0,1,1,0,0,0,0,0,0,0,0,0,0,0,0,0,0,0,2,0,0,1,0,0,1,0
606,0,0,0,0,0,0,0,0,0,0,0,1,0,0,0,0,0,0,0,0,0,0,0,0,0,1,0,0,0,0
607,2,3,1,1,0,0,0,1,2,0,0,1,0,2,0,1,1,0,0,0,0,0,0,0,0,0,0,0,0,1
608,3,0,2,0,0,0,1,0,1,0,0,0,0,0,0,0,0,0,0,0,0,0,1,0,0,0,1,0,0,0
609,3,0,0,2,0,1,1,1,0,1,0,0,1,0,0,4,1,1,0,0,0,0,0,0,0,1,0,0,0,1
610,5,1,2,1,0,0,0,0,1,1,0,0,2,1,0,0,0,0,0,0,0,0,0,0,0,0,7,0,0,0
611,1,1,2,4,0,0,0,0,1,0,0,0,1,0,0,0,0,0,0,0,0,0,0,1,0,0,1,0,0,0
612,2,1,3,2,0,0,2,0,0,1,0,0,0,2,0,0,1,0,0,1,0,2,0,0,0,0,0,0,1,1
613,0,2,2,2,0,0,0,0,0,0,0,0,0,0,0,1,1,1,0,0,0,0,0,0,0,1,0,2,0,0
614,4,0,1,1,0,0,1,2,0,1,0,0,0,0,0,3,1,0,0,0,0,0,0,0,0,0,0,0,0,0
615,2,5,5,1,0,0,1,0,1,1,0,0,1,0,0,0,0,2,0,0,0,2,0,0,0,1,0,1,0,0
616,2,1,0,0,0,0,1,0,0,2,0,0,0,0,0,0,0,0,0,0,0,4,1,0,0,0,0,0,1,0
617,9,6,7,4,0,2,0,0,0,2,2,1,0,1,0,0,2,0,1,1,0,0,1,1,6,0,1,1,0,0
618,2,0,0,0,0,0,1,1,0,0,0,0,0,0,0,0,0,0,0,0,0,0,4,0,0,0,0,0,0,0
619,0,0,1,2,0,1,1,1,0,0,0,0,0,0,0,0,0,0,1,0,0,1,0,0,0,1,1,0,0,0
620,3,0,1,0,0,0,1,0,0,1,1,1,0,0,0,0,0,0,1,0,0,0,0,0,0,1,1,0,0,0
621,0,1,2,0,0,1,1,0,1,0,0,0,0,1,0,0,0,0,0,0,0,0,0,0,0,1,0,0,0,0
622,5,0,3,4,0,0,1,1,0,0,0,0,1,0,0,0,0,1,1,0,0,0,0,0,0,0,1,0,0,0
623,3,0,0,2,0,0,0,1,0,2,0,0,2,0,0,1,0,1,0,0,0,0,0,0,0,0,0,0,0,0
624,8,2,3,1,0,1,4,3,0,0,1,2,1,1,0,0,0,2,0,0,0,1,0,1,2,0,1,3,0,0
625,3,0,1,0,0,0,1,0,0,1,1,1,0,0,0,0,0,0,1,0,0,0,0,0,0,1,1,0,0,0
626,4,1,2,3,0,4,2,1,0,0,0,1,0,1,0,0,0,0,0,0,0,0,1,0,0,0,0,0,0,1
627,0,0,0,0,0,0,2,1,0,1,0,1,0,0,0,1,0,1,0,0,0,1,0,0,0,0,1,0,0,0
628,2,0,0,3,0,0,2,0,0,0,0,0,0,0,0,0,0,0,0,0,0,0,0,0,0,1,2,0,0,0
629,0,0,0,0,0,1,1,1,1,1,1,3,1,0,0,1,0,0,1,0,0,1,1,0,0,0,0,1,0,0
630,2,4,3,3,0,0,3,0,1,1,1,0,1,0,0,0,1,5,0,0,0,1,1,0,0,0,0,0,0,0
631,1,0,0,3,0,2,0,0,0,1,0,0,0,0,0,0,1,0,0,0,0,0,0,0,0,0,0,0,0,0
632,1,0,0,1,0,1,2,0,0,0,0,0,0,0,0,0,0,0,7,0,0,0,0,0,0,1,0,0,0,0
633,22,12,5,4,0,2,5,6,2,3,6,1,2,2,0,1,3,0,2,2,1,0,1,1,3,0,1,2,0,0
634,4,0,2,1,0,2,1,0,0,0,1,0,0,2,0,0,0,1,0,0,0,0,0,1,0,0,0,0,0,0
635,2,0,0,0,0,0,1,2,0,1,0,0,0,0,0,0,0,1,0,0,0,0,0,0,0,0,0,0,0,0
636,1,2,0,0,0,0,0,0,0,2,0,0,0,0,0,1,1,0,1,0,0,0,1,0,0,0,0,0,0,0
637,1,0,0,1,0,0,0,0,0,0,0,0,1,0,0,0,0,0,0,0,0,0,0,0,0,0,0,0,0,0
638,4,1,4,0,0,0,0,0,0,0,2,0,0,0,0,0,0,2,2,0,1,0,0,0,7,0,0,0,0,0
639,0,0,1,1,0,0,0,0,0,1,0,0,0,0,0,1,0,0,0,0,0,0,0,1,0,0,0,0,0,0
640,27,10,18,9,0,6,7,7,6,4,7,9,2,5,0,1,3,8,6,1,2,0,2,2,5,1,2,7,1,2
641,6,2,1,3,0,0,2,2,3,1,3,0,0,0,0,0,1,2,1,0,1,1,1,0,0,0,0,0,0,0
642,10,2,5,7,0,0,1,2,0,0,5,0,1,0,0,1,0,0,1,0,1,0,1,1,0,0,0,1,0,1
643,6,2,5,6,0,0,0,2,0,0,5,2,1,0,0,1,1,0,0,0,1,0,1,1,0,0,0,1,0,1
644,2,0,1,0,0,0,1,0,0,0,0,0,0,0,0,0,0,0,2,0,0,0,0,0,1,0,0,1,0,0
645,5,1,1,2,0,0,0,3,0,0,0,1,1,1,0,1,0,1,0,0,0,0,3,2,0,0,0,4,0,0
646,1,1,1,1,0,0,0,0,1,0,0,0,0,1,0,0,0,0,0,0,0,0,0,0,0,0,0,0,0,0
647,2,0,2,2,0,1,1,0,0,0,0,0,1,0,0,1,0,2,0,0,0,0,0,0,0,0,1,0,0,0
648,2,0,0,0,0,0,0,4,0,0,0,1,0,0,0,0,1,0,0,0,0,0,0,0,0,1,1,0,0,0
649,3,4,2,5,0,4,1,0,6,0,5,0,0,2,0,0,1,0,3,0,0,0,0,1,3,0,0,2,0,0
650,4,2,2,0,0,1,2,4,0,1,2,0,0,0,0,0,0,2,2,0,0,0,1,0,1,0,0,6,0,0
651,0,1,2,3,0,2,0,1,0,0,0,0,0,0,0,0,0,9,0,0,0,10,0,0,0,0,1,0,0,0
652,4,2,5,1,0,2,2,1,3,0,1,0,0,0,0,0,5,2,1,0,0,0,0,0,2,0,0,1,1,0
653,4,2,1,0,0,2,2,0,0,0,3,2,0,3,0,0,0,0,2,0,0,0,0,0,1,0,0,1,0,0
654,3,2,0,1,0,0,0,0,1,0,1,0,0,4,0,0,1,0,1,0,0,0,1,0,2,0,1,2,0,0
655,2,2,0,1,0,0,1,0,1,0,0,0,0,0,0,0,0,0,4,0,0,0,0,0,0,1,0,2,0,0
656,0,0,1,0,0,0,0,2,0,0,0,0,0,0,0,0,2,0,0,0,0,0,0,0,0,0,0,0,0,0
657,3,6,7,7,0,4,1,4,2,0,1,0,0,1,0,0,0,0,1,0,0,0,1,2,1,0,1,0,0,1
658,5,3,4,3,0,4,2,1,0,2,0,2,0,1,0,1,1,2,1,0,1,0,5,1,0,4,2,4,3,3
659,3,3,4,4,0,3,2,1,1,0,2,1,0,1,0,2,1,0,0,0,1,0,0,1,0,0,1,0,0,2
660,6,5,5,4,0,1,2,3,2,4,0,0,0,0,0,1,1,3,0,0,1,1,2,0,0,2,0,0,2,0
661,5,2,2,3,0,4,2,0,0,3,1,1,0,1,0,0,1,0,1,0,1,0,1,1,6,0,0,0,0,4
662,4,2,0,3,0,4,2,0,0,0,1,0,0,2,0,0,1,1,1,0,0,1,0,0,4,0,1,1,1,2
663,0,0,2,0,0,2,0,1,0,0,0,2,0,1,0,0,0,0,0,0,0,0,0,0,0,1,0,0,0,0
664,3,0,1,0,0,2,0,0,0,0,1,0,0,1,0,0,0,0,0,0,1,0,0,0,1,0,0,1,0,0
665,0,1,9,0,0,2,0,0,1,0,0,0,0,0,0,1,0,0,0,0,0,0,0,0,0,1,0,0,0,0
666,5,0,5,6,0,3,2,0,0,0,1,1,0,0,0,1,2,0,1,0,0,1,0,0,2,0,1,0,0,0
667,3,1,1,0,0,5,0,1,0,0,0,0,0,1,0,1,3,0,0,0,1,1,0,1,0,1,0,0,0,0
668,8,3,10,4,0,0,1,0,0,0,1,1,0,1,0,0,0,2,0,1,1,0,1,0,5,0,1,0,0,1
669,6,7,9,0,0,4,0,0,4,0,2,2,0,3,0,0,0,1,0,0,2,0,0,0,0,1,0,2,0,2
670,1,3,0,0,0,2,1,1,2,0,0,0,0,0,0,0,0,1,0,0,0,0,0,0,0,0,0,0,1,0
671,0,8,10,0,0,4,4,4,1,0,0,1,0,5,0,0,5,1,0,0,0,0,1,0,0,1,0,0,0,1
672,5,3,0,0,0,1,0,1,0,1,0,0,1,1,0,0,1,0,1,0,0,1,0,0,1,0,0,0,0,0
673,6,3,5,0,0,1,1,3,0,0,2,3,1,3,0,0,0,1,4,0,3,1,0,2,6,0,0,5,0,0
674,8,5,8,0,0,5,0,2,0,0,2,0,1,8,0,0,2,2,3,0,0,0,0,0,4,0,0,1,0,0
675,1,2,4,0,0,1,0,0,3,0,3,0,0,1,0,0,0,1,3,0,0,0,0,0,1,0,0,3,0,2
676,1,0,0,0,0,1,0,4,0,2,3,0,1,2,0,1,0,0,0,0,0,0,0,0,0,1,0,0,1,0
677,3,2,1,1,0,2,0,0,1,1,2,0,0,4,0,0,0,0,2,0,0,0,0,0,3,0,0,3,1,0
678,5,2,2,0,0,1,0,1,0,0,2,1,0,8,0,0,3,1,1,0,5,0,2,1,1,1,0,2,0,0
679,3,3,1,0,0,0,2,0,0,0,0,1,0,1,0,0,0,0,0,0,0,0,0,0,0,0,0,0,0,0
680,3,1,4,3,0,1,2,0,0,0,1,0,0,0,0,0,2,0,0,0,0,0,0,0,4,0,0,0,0,1
681,3,2,5,1,0,0,0,0,1,3,5,1,1,4,0,0,1,2,1,0,1,0,0,0,3,0,0,0,0,0
682,7,6,6,0,0,2,0,2,4,0,3,2,0,7,0,0,0,0,6,0,2,0,1,0,4,0,0,1,0,1
683,0,2,4,0,0,3,1,2,3,0,1,0,0,2,0,1,0,0,0,0,0,0,0,1,0,0,0,0,0,0
684,1,2,3,0,0,0,2,1,1,0,0,1,0,3,0,0,0,0,1,0,0,0,0,1,1,0,0,0,0,0
685,9,5,7,0,0,1,0,4,1,0,2,3,0,5,0,1,0,2,2,0,1,0,1,1,3,0,0,1,0,2
686,2,0,0,1,0,1,0,0,0,0,0,0,0,0,0,0,0,0,0,0,0,0,0,0,1,0,0,1,1,0
687,2,1,1,0,0,1,1,0,1,1,1,0,0,2,0,0,0,0,1,0,0,0,0,0,2,0,0,0,0,0
688,0,3,2,0,0,0,1,0,1,1,0,0,0,2,0,0,0,0,0,0,0,0,0,1,0,0,0,0,0,0
689,0,1,2,0,0,5,0,1,0,0,0,0,1,1,0,0,0,1,0,0,1,0,0,0,0,0,0,0,0,1
690,3,6,3,7,0,9,5,1,2,2,1,1,0,4,0,0,0,0,4,0,0,1,0,0,0,0,0,1,0,1
691,4,8,5,2,0,3,0,0,4,1,3,2,0,7,0,0,0,4,0,0,0,0,0,0,0,0,0,0,0,8
692,3,3,7,0,0,0,1,0,1,0,0,0,0,0,0,0,0,1,0,0,0,0,0,2,2,0,0,0,0,0
693,3,4,1,0,0,2,0,1,0,0,0,1,1,2,0,0,2,0,0,0,0,0,0,0,4,0,0,0,0,0
694,1,1,2,0,0,0,0,0,1,0,0,0,0,0,0,0,0,0,0,0,0,0,0,0,0,0,0,0,0,2
695,4,0,2,1,0,2,0,0,0,1,0,0,0,0,0,0,0,0,0,0,0,0,0,0,2,0,0,0,0,0
696,15,11,9,2,0,3,2,3,2,0,6,0,1,5,0,0,5,3,1,0,1,0,0,3,0,0,1,0,0,5
697,1,4,1,1,0,0,1,0,1,0,2,1,0,0,0,1,1,1,5,0,1,1,0,0,1,0,1,0,1,0
698,3,2,1,1,0,3,0,2,3,0,0,0,0,3,0,0,0,0,2,0,0,0,0,0,2,0,0,0,0,1
699,3,11,1,3,0,0,2,1,0,1,1,4,0,1,0,0,0,1,5,0,3,0,3,1,0,0,0,2,1,0
700,1,0,2,3,0,0,0,2,0,0,1,0,0,2,0,0,0,0,0,0,0,1,0,0,0,0,0,0,1,0
701,1,1,2,0,0,3,0,1,1,0,0,0,0,6,0,0,1,0,0,0,1,0,0,0,0,0,0,0,0,2
702,1,0,1,0,0,3,1,3,0,0,0,6,0,0,0,0,0,0,0,0,0,0,0,0,0,0,1,0,0,1
703,3,5,2,3,0,7,3,2,2,2,1,2,0,6,0,0,0,0,3,0,0,1,0,0,0,0,1,1,0,0
704,1,2,1,0,0,4,0,3,0,0,1,0,0,1,0,1,0,0,0,0,0,0,0,0,1,0,0,0,0,0
705,2,3,1,0,0,2,0,0,1,0,2,0,0,2,0,0,0,0,0,0,0,0,0,1,0,0,0,0,0,4
706,0,0,0,0,0,2,1,0,0,0,0,0,1,3,0,0,1,0,0,2,2,0,0,0,0,0,0,0,0,0
707,2,2,3,1,0,2,2,0,2,0,0,0,0,3,0,0,2,1,1,0,0,0,0,0,0,0,0,0,0,0
708,5,6,2,0,0,1,4,1,2,5,0,3,1,2,0,0,3,4,0,0,1,0,0,1,0,0,1,0,2,4
709,1,4,0,0,0,2,4,2,0,1,0,0,0,0,0,1,0,1,2,0,2,0,1,0,0,0,0,6,3,2
710,3,4,0,3,0,1,0,1,0,0,0,0,0,4,0,1,3,4,0,0,0,1,0,0,1,0,0,1,0,0
711,3,1,3,2,0,4,1,1,0,2,1,0,0,3,0,0,4,0,2,0,0,0,1,0,2,0,0,0,1,1
712,4,3,3,3,0,1,5,2,2,0,0,0,0,2,0,0,0,1,3,1,0,0,0,1,1,0,0,1,0,0
713,4,3,7,0,0,5,2,0,1,0,0,1,0,0,0,0,0,3,1,0,1,0,0,0,1,0,2,1,0,2
714,3,2,1,0,0,0,1,0,0,0,0,1,0,0,0,0,1,0,0,1,1,0,0,0,1,0,0,4,0,0
715,9,3,8,0,0,4,0,1,1,1,5,1,0,8,0,0,0,2,4,0,1,0,0,1,2,0,0,2,2,0
716,7,0,3,0,0,1,0,0,0,1,1,0,0,3,0,1,0,1,1,0,0,0,0,0,2,0,2,0,0,0
717,1,1,4,3,0,7,0,1,0,1,1,1,0,1,0,0,3,1,0,1,0,0,1,1,0,0,0,0,0,0
718,1,1,1,1,0,0,1,0,2,2,5,0,0,0,0,0,0,0,0,0,0,0,1,1,0,0,0,0,0,0
719,17,4,5,2,0,6,7,10,2,5,6,0,5,8,0,2,7,4,1,0,0,0,0,0,2,0,2,15,3,5
720,3,3,0,0,0,0,0,1,0,1,0,0,0,1,0,0,0,0,0,0,0,0,0,0,1,0,0,1,1,2
721,5,1,3,0,0,6,0,2,1,1,0,0,0,0,0,1,0,1,0,0,0,0,0,0,1,0,0,0,0,0
722,4,3,5,1,0,1,0,3,2,1,2,0,0,1,0,0,1,1,0,0,0,0,1,1,2,0,0,2,0,0
723,1,0,0,1,0,0,0,0,0,1,2,0,0,2,0,0,0,0,2,0,0,1,0,0,0,0,0,0,0,1
724,6,6,2,0,0,5,2,2,1,3,6,1,0,2,0,0,0,6,1,0,1,0,2,1,2,0,1,4,3,0
725,4,1,3,2,0,3,0,0,3,1,2,0,0,3,0,0,0,1,2,0,0,0,0,0,4,0,0,1,0,0
726,2,5,2,0,0,2,2,1,2,0,1,1,0,1,0,0,0,0,0,0,1,0,0,0,4,0,0,0,0,0
727,3,0,6,0,0,2,0,0,5,1,2,0,0,3,0,0,0,4,2,0,1,0,0,0,3,0,0,0,2,2
728,2,4,3,0,0,3,1,0,0,0,2,1,0,0,0,0,0,0,1,0,1,0,0,0,3,0,0,1,0,0
729,2,0,0,0,0,2,0,0,1,0,0,0,0,0,0,0,2,0,0,0,0,0,0,0,0,0,0,0,0,0
730,0,1,0,0,0,2,0,2,1,0,1,0,0,0,0,1,0,0,0,0,1,2,0,0,0,1,0,8,0,0
731,1,0,1,0,0,0,0,0,0,2,2,0,0,3,0,0,0,1,0,0,0,0,1,0,0,0,0,0,0,0
732,5,1,4,4,0,3,0,1,0,0,0,0,0,1,0,3,0,0,3,0,0,0,1,0,5,0,0,0,0,0
733,3,0,1,1,0,3,0,0,2,2,0,0,0,0,0,0,0,1,0,0,1,1,0,0,6,0,0,0,0,0
734,1,2,0,0,0,0,2,4,0,0,7,0,0,9,0,0,0,0,0,0,0,0,0,0,0,2,1,25,3,0
735,2,8,10,5,0,3,0,0,2,2,3,2,0,3,0,1,1,0,3,0,0,0,0,1,2,0,0,4,0,0
736,5,3,3,0,0,2,0,6,0,3,2,8,1,2,0,0,0,0,3,0,0,0,4,1,2,0,0,0,1,0
737,4,0,0,0,0,2,0,0,0,0,0,0,0,0,0,0,0,0,0,0,0,1,0,0,2,0,0,0,0,0
738,3,1,1,0,0,0,2,0,0,0,0,0,0,1,0,0,0,0,0,0,0,0,0,0,1,0,0,0,0,0
739,2,1,0,1,0,1,0,0,0,0,0,0,0,0,0,0,0,0,0,0,0,0,0,0,0,0,0,0,0,0
740,2,2,3,2,0,0,1,5,1,0,1,1,0,4,0,0,0,0,0,0,0,0,0,0,0,0,0,0,0,1
741,7,5,4,2,0,2,1,0,0,2,1,2,1,1,0,1,3,3,1,0,0,0,0,1,3,0,0,0,1,1
742,5,5,0,4,0,3,0,1,0,1,0,4,0,3,0,0,0,0,2,0,0,0,1,2,3,0,0,1,1,0
743,3,3,2,0,0,0,1,0,0,0,0,3,0,3,0,0,0,0,1,1,1,0,0,0,0,0,0,0,0,0
744,1,4,9,0,0,3,0,6,0,0,0,2,0,0,0,0,0,0,0,0,0,0,0,2,0,0,0,0,0,0
745,2,3,5,1,0,2,2,1,1,1,1,0,0,0,0,0,0,3,3,0,0,1,0,2,2,0,0,2,0,0
746,5,4,4,5,0,5,2,3,2,5,0,3,0,1,0,2,7,1,0,0,1,0,2,0,1,0,0,0,1,2
747,5,1,4,0,0,2,0,0,0,0,1,1,0,0,0,0,0,1,3,0,0,0,0,0,1,0,0,1,0,0
748,0,6,3,2,0,2,6,1,4,2,1,0,0,5,0,0,0,1,0,0,1,0,0,0,0,0,0,0,2,25
749,3,5,3,0,0,6,1,2,1,1,0,3,0,2,0,0,0,0,5,0,0,0,3,0,0,0,0,0,1,1
750,8,17,9,2,0,0,3,4,3,6,6,5,3,5,0,3,1,6,0,6,4,1,0,1,1,0,0,5,2,2
751,0,1,2,3,0,2,0,1,0,0,0,0,0,0,0,0,0,9,0,0,0,9,0,0,0,0,1,0,0,0
752,2,3,2,0,0,1,1,1,1,0,1,0,0,4,0,0,0,0,2,0,0,0,0,0,2,0,0,1,0,0
753,42,38,25,11,0,7,27,11,7,1,4,11,6,5,0,10,2,10,8,3,9,0,0,3,2,1,2,7,1,3
754,2,1,3,2,0,1,1,1,1,2,0,0,0,0,0,1,2,0,2,0,0,0,0,1,0,0,0,0,0,0
755,2,3,0,2,0,0,0,1,0,1,0,0,0,2,0,2,0,0,0,0,0,2,0,0,0,0,0,0,1,0
756,0,0,0,0,0,0,0,2,0,0,1,2,2,0,0,0,0,0,0,0,0,0,0,0,0,0,0,0,0,0
757,3,2,1,2,0,1,2,0,2,1,1,0,0,1,0,1,0,0,0,0,0,0,0,0,0,0,0,0,0,1
758,1,1,4,30,0,0,0,0,0,1,0,0,2,0,0,0,0,0,0,0,0,0,0,0,0,0,0,0,0,0
759,0,1,5,6,0,0,0,1,0,0,0,0,0,0,0,0,0,0,1,0,0,0,2,0,0,0,1,1,0,0
760,2,0,0,0,0,0,2,0,1,0,2,0,0,1,0,0,0,0,0,0,0,0,0,0,0,0,0,0,0,0
761,0,0,2,0,0,0,0,0,0,0,0,0,1,0,0,0,1,0,1,1,1,0,0,0,0,0,0,1,0,0
762,4,0,1,1,0,3,1,0,2,11,0,0,0,1,0,1,0,0,0,0,0,1,0,1,0,1,1,1,0,0
763,3,1,0,4,0,0,0,0,0,0,3,0,0,2,0,0,0,3,0,0,0,1,1,0,0,0,0,0,1,0
764,0,0,2,0,0,0,0,1,1,1,0,0,0,0,0,0,0,0,0,0,0,0,0,0,0,0,0,0,0,0
765,0,5,5,3,0,10,0,2,0,2,2,0,0,0,0,0,1,0,0,0,0,0,2,0,0,0,0,0,1,0
766,0,1,0,1,0,1,0,0,1,2,2,0,0,0,0,1,0,0,2,0,0,0,0,0,0,3,1,0,0,0
767,2,4,6,0,0,1,0,3,1,0,1,4,0,3,0,0,0,0,1,0,1,0,1,1,0,0,0,0,0,1
768,3,2,4,0,0,0,0,1,0,0,0,1,1,2,0,1,0,0,0,0,0,0,3,0,0,0,0,0,3,0
769,1,2,1,1,0,0,1,2,2,0,3,0,0,1,0,1,0,0,0,0,0,1,0,1,0,0,3,0,0,4
770,0,0,2,1,0,0,0,0,0,0,1,0,0,0,0,2,0,0,0,0,0,5,0,0,0,0,1,0,0,0
771,1,1,3,0,0,1,0,0,1,1,0,0,0,0,0,1,0,0,0,0,0,0,0,0,0,0,1,1,1,0
772,1,2,3,4,0,1,0,0,1,0,2,0,1,0,0,0,1,0,0,0,0,0,10,0,0,0,0,1,1,0
773,1,2,2,1,1,0,2,1,0,0,0,0,0,1,0,0,0,0,0,0,0,0,1,1,0,2,0,0,0,0
774,1,2,0,1,0,1,0,0,1,0,0,0,0,0,0,0,0,0,1,0,2,0,0,0,0,0,0,0,0,1
775,0,0,0,0,0,0,4,0,0,0,1,1,0,0,0,0,0,0,0,0,0,0,0,0,0,0,0,0,0,0
776,4,0,0,2,0,3,1,1,0,0,0,0,0,0,0,0,1,0,0,0,1,1,0,0,0,2,0,0,0,0
777,2,2,1,0,0,1,3,1,0,0,0,1,1,0,0,4,2,0,0,0,0,0,0,1,0,0,0,2,0,0
778,5,0,1,3,0,0,1,0,0,0,1,0,3,0,0,0,1,1,0,0,0,0,0,0,0,1,1,0,0,1
779,5,0,3,4,0,2,2,1,0,0,1,1,1,1,0,4,5,0,1,1,0,0,0,1,0,2,1,0,0,0
780,4,2,1,4,0,0,1,0,0,2,2,0,0,0,0,2,0,1,0,0,1,2,1,1,0,0,3,1,1,0
781,3,0,1,3,0,0,0,0,0,0,0,0,0,1,0,3,3,0,0,0,0,1,0,0,0,0,0,0,8,0
782,13,7,4,2,0,1,2,3,2,0,5,1,2,0,0,2,1,1,0,2,1,0,0,0,1,0,1,0,0,0
783,12,8,5,4,0,4,10,7,0,4,11,4,2,0,0,17,4,3,6,5,0,3,2,3,2,1,13,4,0,0
784,1,0,1,0,0,0,0,1,0,0,0,0,2,0,0,0,0,0,0,0,0,1,0,0,0,1,0,0,0,0
785,13,1,3,2,0,3,8,5,0,2,4,2,3,0,0,3,4,2,1,1,2,1,2,2,0,4,5,0,2,0
786,7,1,3,1,0,0,0,0,0,1,0,0,2,1,0,0,2,0,0,2,0,0,0,0,0,1,0,0,0,0
787,12,4,5,1,0,0,2,0,0,0,7,0,2,1,0,1,0,0,2,1,0,1,0,1,0,0,0,0,2,0
788,10,3,13,0,0,0,3,0,0,0,5,3,2,0,0,5,2,4,1,2,0,0,0,1,11,0,1,2,1,0
789,3,0,0,1,0,0,1,0,0,4,1,0,5,0,0,4,2,2,0,0,0,1,0,0,0,0,3,0,1,0
790,7,0,2,0,0,0,0,0,0,2,0,0,3,0,0,0,4,0,0,0,0,0,0,0,0,1,0,0,4,0
791,1,1,0,2,0,2,2,1,0,0,0,0,0,0,0,0,9,2,0,2,0,0,1,0,0,1,0,0,3,0
792,2,2,2,0,0,0,1,2,0,1,0,0,3,0,0,2,0,1,0,1,0,0,0,1,0,0,0,0,1,0
793,3,6,5,2,0,3,3,4,0,8,3,0,0,0,0,2,0,1,0,0,0,0,0,1,0,0,1,0,5,1
794,2,1,1,0,0,0,0,0,0,0,0,1,0,0,0,1,0,0,0,0,0,0,0,0,0,0,0,0,0,0
795,4,2,1,3,0,1,0,1,0,0,0,0,3,0,0,0,1,1,0,0,1,0,0,2,0,1,0,0,0,0
796,0,1,1,0,0,0,0,0,0,0,2,0,0,0,0,2,0,1,0,0,0,1,2,0,0,0,0,0,0,0
797,2,1,1,1,0,2,0,0,0,0,0,0,0,0,0,0,0,0,0,0,0,0,0,0,0,0,0,0,1,0
798,0,0,2,0,0,1,2,0,0,1,0,0,0,0,0,0,0,0,7,0,0,1,0,0,0,0,0,0,0,0
799,5,3,3,1,0,1,2,0,0,0,4,1,4,1,0,1,5,0,0,4,0,0,0,1,0,0,4,0,0,1
800,4,5,1,0,0,0,0,0,0,1,2,0,0,0,0,1,0,0,0,0,0,0,0,0,0,1,0,0,0,0
801,7,2,10,4,0,0,5,2,0,1,0,1,2,0,0,1,2,1,4,0,0,3,0,0,0,0,1,1,2,0
802,12,5,9,2,0,1,13,8,0,4,3,2,2,2,0,7,1,1,11,3,0,62,4,2,2,1,0,0,2,0
803,1,1,2,0,0,0,0,0,0,2,0,1,0,2,0,0,0,0,0,0,0,0,1,0,0,0,0,0,0,0
804,18,19,12,20,0,2,5,9,0,19,26,33,1,0,0,16,5,4,1,1,1,8,4,1,1,1,2,4,6,0
805,3,2,4,12,0,0,3,0,0,3,0,0,2,0,0,0,0,2,1,0,0,3,0,0,0,1,3,2,1,0
806,8,3,3,6,0,0,1,0,0,1,2,0,0,0,0,0,0,9,0,0,1,0,0,1,0,0,0,0,0,0
807,27,22,17,9,0,9,12,5,1,11,27,8,8,0,0,11,8,6,4,10,7,5,5,1,0,2,4,2,5,0
808,20,5,16,5,0,1,9,5,2,0,6,5,2,1,0,4,5,1,1,0,3,0,0,4,0,0,0,0,0,0
809,0,0,1,0,0,0,1,0,0,0,0,0,0,0,0,1,0,0,0,0,0,1,0,0,0,0,0,0,1,2
810,1,1,1,0,0,0,1,0,0,0,1,1,1,0,0,0,0,0,0,0,0,0,1,0,1,0,0,0,0,0
811,23,38,33,11,0,1,9,8,0,4,24,14,8,3,0,8,9,3,3,4,3,5,3,5,2,4,10,0,4,0
812,2,4,2,3,0,0,0,0,0,0,1,0,0,0,0,0,0,1,0,0,0,0,1,0,0,0,0,0,1,0
813,7,5,7,1,0,0,7,0,0,1,0,6,1,0,0,6,0,2,0,5,0,1,0,0,0,0,4,0,2,0
814,18,5,13,4,0,4,7,6,2,12,3,6,3,0,0,7,3,2,5,4,1,3,3,1,1,5,5,0,2,1
815,6,5,5,1,0,2,10,3,0,1,4,3,1,0,0,0,4,1,0,1,0,0,4,0,0,0,1,0,3,0
816,61,40,35,26,0,15,26,6,9,28,25,6,30,4,0,14,32,14,7,17,13,14,2,6,4,8,2,0,8,0
817,10,20,11,9,0,0,4,14,0,17,13,4,7,0,0,9,0,3,0,3,1,5,5,2,0,2,1,0,6,4
818,2,3,1,2,0,0,1,0,0,2,0,0,0,0,0,3,0,0,0,0,0,0,0,0,0,0,0,0,0,0
819,6,2,1,0,0,0,3,0,0,1,4,1,1,0,0,0,0,0,0,1,2,0,1,0,0,0,1,0,0,1
820,16,2,9,7,0,0,4,1,0,4,8,2,7,0,0,5,0,4,3,3,0,7,0,0,0,3,4,1,0,1
821,6,2,6,6,0,5,4,0,0,2,1,0,0,1,0,1,6,4,1,0,0,1,1,1,0,3,0,0,0,0
822,85,33,57,24,0,42,42,11,6,48,43,17,33,10,0,23,45,16,9,22,10,8,12,14,4,21,0,1,15,5
823,2,3,2,0,0,0,0,1,1,0,4,0,0,0,0,1,0,0,0,0,0,0,0,0,2,0,0,0,0,0
824,3,1,1,1,0,0,1,0,0,0,0,0,1,0,0,1,0,1,0,0,0,0,0,0,0,1,1,0,1,0
825,2,0,1,0,0,1,1,1,0,0,0,2,0,0,0,1,1,0,0,0,0,0,0,0,0,0,0,0,0,0
826,5,0,1,3,0,0,2,0,0,0,1,0,3,0,0,0,1,1,0,0,0,0,0,0,0,1,1,0,0,1
827,0,0,1,0,0,0,1,0,0,0,1,0,1,0,0,0,0,0,1,0,1,0,0,0,0,0,0,0,0,0
828,2,2,3,0,0,0,0,0,0,1,0,1,0,0,0,0,0,1,0,1,1,2,0,0,1,1,1,0,1,0
829,30,16,43,9,0,3,21,19,2,11,47,18,13,0,0,11,17,13,10,13,6,2,2,8,0,1,10,0,8,3
830,40,6,9,5,0,2,24,13,0,19,8,14,5,7,0,12,8,5,5,2,3,1,1,1,0,14,18,0,5,0
831,0,1,0,0,0,0,0,0,0,1,1,0,0,1,0,0,0,0,0,1,0,0,0,0,0,0,0,0,0,0
832,4,0,0,0,0,0,0,1,0,0,1,0,0,1,0,1,2,0,0,0,1,0,1,1,0,1,0,0,1,0
833,0,0,1,0,0,1,0,1,0,0,1,16,0,0,0,0,0,0,2,0,0,1,3,0,0,0,0,0,3,0
834,0,3,1,0,0,0,2,0,0,0,1,0,0,0,0,0,0,0,0,0,0,0,0,0,1,0,0,0,0,0
835,12,0,0,0,0,0,0,0,0,0,2,1,2,0,0,0,0,1,0,0,1,1,0,1,0,0,3,0,0,0
836,1,2,0,1,0,0,0,0,0,1,1,0,1,0,0,0,1,0,0,0,0,1,0,0,0,0,0,0,0,0
837,14,3,8,2,0,3,8,1,1,15,1,6,5,0,0,23,1,4,2,5,1,4,3,1,2,1,2,0,5,0
838,7,3,10,0,0,0,2,0,0,8,4,1,2,0,0,7,0,1,0,1,0,4,0,0,1,0,3,0,3,0
839,1,0,1,0,0,0,1,0,0,2,0,1,0,0,0,1,1,0,0,0,0,0,2,0,0,1,0,0,0,0
840,5,1,0,0,0,0,2,0,0,1,1,2,0,0,0,0,0,0,0,2,0,0,0,0,0,0,0,0,1,1
841,0,0,0,0,0,0,1,0,0,0,0,0,0,0,0,0,1,0,0,0,0,0,0,0,0,0,0,0,0,0
842,15,15,13,4,0,1,3,18,1,8,11,7,6,4,0,6,11,7,0,7,2,3,3,1,3,2,5,1,5,0
843,11,2,6,3,0,2,5,7,0,1,6,3,6,1,0,6,4,2,4,2,0,1,0,0,3,3,4,1,0,4
844,2,1,3,2,0,0,3,0,0,1,3,1,1,0,0,3,0,0,0,0,1,0,0,0,0,1,1,0,0,0
845,5,2,3,2,0,0,3,0,1,0,6,2,1,0,0,1,1,4,0,0,1,2,0,0,0,0,2,0,2,0
846,2,2,3,0,0,1,1,1,0,0,1,0,0,0,0,0,1,0,0,0,1,11,2,2,0,0,0,0,2,1
847,7,0,5,0,1,0,0,0,0,3,0,0,1,0,0,1,2,1,0,1,0,0,0,0,0,0,0,0,0,0
848,3,0,1,0,0,0,0,0,0,0,0,0,1,1,1,0,0,0,0,0,1,0,0,1,0,9,0,0,0,0
849,1,0,0,0,0,0,0,0,0,0,0,0,0,0,0,0,0,0,1,0,0,0,0,0,0,0,0,0,0,0
850,0,0,4,5,0,0,0,1,1,0,0,1,0,0,1,0,0,0,1,0,0,0,0,0,1,0,0,0,0,0
851,0,0,1,0,0,0,1,1,0,0,1,1,0,0,1,0,0,0,0,0,1,0,0,0,0,0,0,0,0,0
852,2,0,3,0,4,0,0,0,0,0,0,0,1,0,0,0,0,0,0,0,0,1,6,1,0,0,0,0,0,0
853,0,1,0,0,0,0,0,0,0,0,0,0,0,0,0,0,0,0,0,0,0,0,0,0,0,0,0,0,0,0
854,1,0,0,0,0,0,0,0,0,0,2,0,2,0,0,0,0,0,0,0,0,0,0,0,0,0,8,0,0,0
855,3,3,3,2,2,0,1,4,0,0,0,2,0,1,0,3,0,2,0,0,1,0,0,0,0,0,0,0,0,0
856,1,0,1,0,0,0,1,5,0,1,0,0,0,0,0,0,0,1,0,0,0,0,0,0,0,0,0,0,0,0
857,0,0,0,0,0,0,0,0,0,1,0,1,0,0,0,0,0,0,0,0,0,0,0,0,0,0,0,0,0,0
858,36,60,41,40,92,0,0,12,1,12,28,9,28,2,61,11,4,4,8,33,12,6,1,6,0,0,1,9,5,0
859,0,0,0,0,0,0,0,1,0,0,0,0,0,0,1,0,0,0,0,0,0,0,0,0,0,0,0,0,0,0
860,0,0,0,1,0,0,0,1,1,1,1,1,0,0,0,0,1,1,7,0,0,0,1,0,0,0,0,0,0,0
861,0,0,0,6,1,0,0,0,0,0,0,0,0,0,1,0,0,0,0,0,0,0,0,0,0,0,1,0,0,0
862,0,0,1,1,0,0,0,0,0,0,0,1,0,0,0,0,0,0,0,0,0,0,0,0,0,0,0,0,0,0
863,1,0,0,2,0,0,0,0,1,0,0,0,0,0,0,0,0,1,0,1,0,0,0,0,0,0,0,0,0,0
864,0,1,0,0,0,0,0,0,0,0,0,1,0,0,0,0,2,1,0,0,0,0,0,0,0,0,0,0,0,0
865,1,0,0,2,7,0,0,0,0,1,0,1,1,0,5,0,0,0,5,0,1,0,0,0,0,0,1,0,0,0
866,52,67,45,32,96,1,0,10,2,8,21,7,32,0,56,18,13,16,8,17,16,9,2,5,21,1,3,6,2,0
867,30,37,26,15,3,0,4,3,0,6,10,0,19,0,45,7,0,5,1,10,4,3,2,3,1,0,0,4,7,2
868,94,87,44,33,101,0,10,9,3,2,28,6,44,1,90,14,7,18,9,40,12,6,1,15,0,0,5,11,0,2
869,44,28,52,24,32,0,4,5,4,20,18,10,35,3,55,7,26,12,24,28,7,17,9,3,83,4,4,2,8,1
870,100,96,57,52,188,0,7,16,4,26,31,20,58,0,60,12,18,15,23,37,6,11,3,7,0,2,3,18,1,1
871,118,157,76,76,123,0,7,29,3,29,58,84,63,4,85,29,18,50,13,48,26,15,7,15,0,0,2,44,13,3
872,100,130,94,49,182,1,16,15,3,18,49,27,52,3,101,41,7,39,9,49,28,15,5,20,44,3,4,23,7,1
873,47,43,35,30,63,0,2,11,0,3,13,35,37,0,33,12,6,9,6,18,12,6,0,2,0,0,1,9,3,2
874,1,0,1,3,0,0,0,1,0,0,0,2,1,0,0,0,0,0,0,0,0,0,0,0,0,0,0,0,0,0
875,63,59,34,26,169,0,10,7,2,9,16,12,41,3,53,8,15,14,5,17,27,14,0,9,27,2,5,15,1,1
876,0,1,8,1,0,0,1,0,0,1,2,0,0,1,0,1,0,0,0,0,0,0,1,1,0,0,0,0,1,0
877,0,0,1,0,1,0,0,0,0,0,0,0,0,0,1,0,0,0,0,0,1,0,0,0,0,0,0,0,0,0
878,2,0,0,0,0,0,0,2,0,3,0,4,0,0,0,1,0,1,0,1,0,0,0,0,0,2,0,0,1,0
879,3,0,6,0,0,0,0,1,0,0,0,1,0,1,1,9,0,0,0,0,0,1,0,0,0,0,0,0,0,0
880,0,0,1,2,0,0,1,0,0,3,0,1,0,0,0,0,0,0,0,0,0,0,0,0,0,1,0,2,0,0
881,1,0,1,0,0,0,0,0,0,0,0,1,0,0,0,0,0,1,0,0,1,0,0,0,0,0,0,0,0,0
882,0,0,2,8,0,0,0,3,1,0,0,0,0,0,0,1,0,0,1,0,0,0,0,0,0,0,0,1,0,0
883,1,2,1,1,0,0,0,0,0,1,0,1,0,0,0,0,1,3,0,0,0,0,1,0,0,0,0,0,0,0
884,0,0,4,0,0,0,0,0,0,0,0,0,0,0,1,0,0,0,0,2,0,0,0,0,0,0,0,0,0,0
885,1,1,1,0,0,1,0,0,0,0,0,1,1,0,0,0,1,0,0,0,0,0,0,0,0,0,0,0,1,0
886,4,0,8,0,0,0,1,0,0,1,0,0,1,0,0,0,1,0,0,0,0,0,0,6,0,1,1,0,0,0
887,5,0,30,1,0,1,0,6,0,0,0,4,0,4,1,0,0,0,1,0,0,0,0,0,0,1,0,0,0,1
888,1,0,0,0,0,0,0,0,0,0,0,0,1,0,0,0,0,0,0,0,0,0,1,0,0,0,0,0,0,0
889,1,0,1,0,0,0,1,1,0,0,1,0,0,0,1,0,0,1,0,0,1,0,0,0,0,0,0,0,0,0
890,0,1,9,1,1,0,0,0,0,2,1,1,1,0,1,0,0,1,0,0,0,0,1,1,0,1,0,0,0,0
891,1,2,1,2,0,0,2,2,0,1,0,4,0,0,1,1,1,3,0,0,0,0,0,0,0,0,3,0,0,0
892,1,0,0,0,0,0,0,0,0,1,0,0,1,0,0,0,1,0,0,0,0,0,0,0,0,0,0,0,0,0
893,0,0,0,6,0,0,0,0,0,4,0,1,1,0,0,0,0,0,0,0,0,0,0,0,0,0,0,0,0,0
894,0,0,0,1,0,0,2,0,0,1,0,0,0,0,1,0,0,0,0,0,0,0,0,0,0,1,0,0,0,0
895,1,0,3,0,0,0,0,1,2,0,0,0,0,2,0,0,0,0,0,0,0,0,0,1,0,0,0,0,0,0
896,59,51,20,20,52,1,4,6,0,10,16,10,30,1,26,10,2,6,9,18,20,9,4,5,21,1,2,16,0,0
897,4,1,1,1,1,0,0,1,0,1,0,1,0,0,0,0,0,2,1,0,0,0,0,0,0,0,0,0,0,2
898,3,0,0,0,1,0,1,0,0,0,0,2,0,0,0,0,0,0,0,0,0,0,0,0,0,0,1,0,0,0
899,2,0,0,0,0,0,1,0,0,0,0,0,0,0,1,0,0,0,0,0,1,0,0,0,0,0,0,0,0,3
900,8,2,1,0,0,0,0,0,0,0,0,0,0,0,0,0,0,4,1,0,0,0,5,0,0,0,1,0,0,0
901,6,1,3,0,0,0,6,2,0,1,0,8,0,0,1,3,0,1,0,1,2,0,1,0,0,2,1,0,0,1
902,0,0,2,0,0,0,1,0,1,0,1,0,0,0,0,0,0,0,0,0,0,0,0,0,0,0,0,0,0,0
903,8,0,1,0,0,0,0,0,0,0,0,1,0,0,1,0,1,0,0,0,0,0,0,0,0,0,0,0,0,0
904,1,0,1,6,0,0,0,0,0,0,0,1,0,0,0,0,0,0,1,0,0,0,0,0,0,1,0,0,0,0
905,0,1,2,3,1,0,0,0,0,0,1,0,0,0,1,0,1,1,0,0,0,0,0,1,0,0,1,0,0,0
906,0,1,1,0,0,0,1,1,0,0,0,0,1,0,0,1,0,0,0,0,0,0,0,0,0,1,0,0,0,0
907,0,0,0,0,0,0,0,0,0,0,0,1,0,0,0,0,0,0,0,0,0,0,0,0,0,0,0,0,0,0
908,1,0,1,0,0,0,0,0,0,0,0,0,0,0,0,0,1,0,0,0,0,0,0,0,0,0,0,0,0,0
909,0,0,0,0,0,0,0,0,0,0,0,0,0,0,0,0,0,0,0,0,0,0,0,0,0,1,0,0,1,0
910,3,0,2,0,0,0,3,1,0,0,0,3,0,0,0,0,1,0,0,0,0,0,0,1,0,0,0,0,0,1
911,0,1,1,2,0,0,0,1,0,0,0,0,0,0,1,0,0,0,1,0,2,0,0,0,0,0,3,0,0,0
912,0,0,0,0,0,0,0,0,0,0,0,1,0,0,0,1,0,0,0,0,0,0,0,0,0,1,0,0,0,0
913,0,0,0,3,0,0,0,0,0,0,0,0,0,0,0,1,0,0,2,0,1,1,0,0,0,0,1,0,0,0
914,0,0,2,0,0,0,0,0,0,0,1,2,0,0,0,4,1,1,0,0,0,0,0,1,0,0,1,0,0,0
915,0,0,0,1,0,0,0,0,0,0,0,0,2,0,1,0,0,0,0,0,0,0,0,0,0,0,1,0,0,0
916,5,0,0,1,2,0,2,3,0,0,1,4,0,0,2,2,0,1,2,0,1,0,0,0,0,0,1,0,0,1
917,2,0,0,3,0,0,0,1,0,1,0,1,0,0,1,0,0,0,1,0,0,0,1,0,0,0,0,0,0,0
918,81,60,52,22,80,1,10,0,7,6,23,8,37,1,47,6,11,5,7,39,23,9,2,18,28,0,1,0,0,1
919,1,0,0,2,0,1,0,0,0,2,0,1,1,0,1,0,0,0,0,0,0,1,0,1,0,3,0,0,0,0
920,0,2,0,3,0,0,0,1,0,0,0,1,0,0,0,0,2,5,0,0,0,0,0,0,0,0,0,0,0,0
921,1,0,0,1,0,0,0,0,0,0,0,1,0,0,1,0,0,0,0,0,0,0,0,0,0,0,0,0,0,0
922,0,0,0,0,0,0,0,0,0,0,0,1,0,0,0,1,0,0,0,0,0,0,0,0,0,0,0,0,0,0
923,0,0,0,1,0,0,0,0,0,1,0,0,0,0,0,0,0,0,0,0,0,0,0,0,0,0,0,0,0,0
924,0,0,1,0,0,0,0,0,0,2,1,0,1,0,0,1,2,0,0,0,0,1,0,0,0,0,0,0,0,0
925,1,0,1,0,0,0,0,0,0,0,2,0,0,0,0,0,0,0,0,0,0,0,0,0,0,0,0,0,0,0
926,3,1,4,0,1,0,1,0,1,1,1,0,0,0,0,1,0,2,0,0,0,0,0,0,0,2,1,0,0,0
927,0,0,0,0,0,0,0,0,0,0,0,0,0,0,1,2,0,0,0,0,0,0,0,0,0,0,0,0,0,0
928,0,1,0,0,0,0,1,0,0,1,0,0,0,0,1,0,0,0,0,0,3,0,0,0,0,1,0,0,0,0
929,0,0,0,1,0,0,0,0,0,0,0,1,0,0,1,0,0,0,0,0,0,0,0,0,0,0,0,0,0,0
930,1,0,1,0,1,0,1,0,0,0,0,1,0,0,1,0,7,0,1,0,1,0,0,0,0,0,0,0,0,0
931,1,0,1,0,0,0,0,0,0,0,0,0,0,0,0,0,0,0,0,0,0,0,0,0,0,0,0,0,0,0
932,2,0,0,0,0,0,1,0,0,1,1,0,0,0,1,1,1,0,0,0,0,0,0,0,0,0,0,0,0,0
933,4,0,1,0,0,0,0,1,0,0,0,2,1,0,0,2,0,0,0,0,0,0,0,0,0,0,0,0,0,0
934,1,0,0,1,0,0,1,0,0,0,0,0,0,0,1,4,0,0,0,0,0,0,0,0,0,1,0,0,0,0
935,0,0,1,1,0,0,3,0,1,0,1,1,0,0,0,0,1,0,0,0,1,0,1,0,0,0,0,0,0,0
936,0,0,0,0,0,0,1,0,0,0,0,1,0,0,0,0,0,0,0,0,0,0,0,0,0,1,0,0,0,0
937,0,1,0,0,0,0,0,0,0,0,0,1,0,0,0,0,1,0,0,0,0,0,2,0,0,1,0,0,0,0
938,0,0,2,0,0,0,1,0,0,1,0,0,0,0,0,0,0,0,0,0,0,0,0,0,0,0,0,0,0,0
939,0,0,1,0,1,0,1,1,0,0,0,0,0,0,1,1,0,0,0,0,0,0,0,0,0,0,0,0,0,0
940,0,1,0,2,0,0,1,1,1,0,1,0,0,0,0,0,0,0,0,0,0,0,0,0,0,1,0,0,0,0
941,0,0,0,0,0,0,0,0,0,0,0,1,0,0,1,0,0,0,0,0,0,0,0,0,0,0,0,0,0,0
942,3,0,6,13,1,0,3,6,0,3,4,5,1,0,1,0,2,6,1,0,1,0,0,0,0,0,1,0,0,0
943,0,0,0,0,0,0,0,0,0,0,0,0,0,0,1,0,0,0,0,0,0,0,0,1,0,1,0,0,0,0
944,0,0,0,0,1,0,0,0,0,0,0,2,1,0,0,1,0,0,0,0,0,2,0,0,0,0,0,0,0,0
945,1,0,0,0,0,0,0,0,0,0,0,0,0,0,0,0,0,0,0,0,0,0,0,0,0,1,0,0,0,0
946,1,0,1,0,0,0,0,0,0,0,0,0,0,0,1,6,0,0,0,0,0,0,0,0,0,0,0,0,0,1
947,2,0,3,0,1,0,0,0,0,1,0,2,0,0,1,0,0,0,0,0,0,3,0,0,0,0,0,0,0,0
948,1,0,0,1,0,0,0,0,1,0,0,0,1,0,1,0,0,0,0,0,0,0,0,0,0,0,0,0,0,0
949,9,1,1,1,1,0,5,1,0,0,3,7,0,0,1,19,0,6,0,1,3,0,0,1,0,0,3,0,0,0
950,0,0,1,1,0,0,0,0,0,0,0,0,0,0,1,0,2,0,0,0,0,0,0,0,0,0,0,0,0,0
951,0,0,0,1,0,0,0,0,0,0,1,1,1,0,1,0,0,0,0,0,0,0,0,0,0,0,0,0,0,0
952,3,0,2,0,0,0,0,0,0,0,0,0,1,0,1,0,0,0,0,0,1,0,1,0,0,0,0,0,0,0
953,0,0,2,0,1,0,0,0,0,1,0,0,1,0,1,0,0,0,0,0,0,0,0,0,0,0,0,0,0,0
954,0,0,0,0,0,0,0,0,0,0,0,1,0,0,1,0,0,0,0,0,0,0,1,0,0,0,0,0,1,0
955,1,0,0,0,0,0,0,0,0,1,0,0,0,0,0,0,0,0,0,0,0,0,0,0,0,0,1,0,0,0
956,1,0,1,0,1,0,0,0,0,0,0,0,0,0,0,0,0,0,0,0,0,0,0,0,0,0,0,0,0,0
957,0,0,0,0,0,0,0,0,0,4,0,0,1,0,0,0,1,0,0,0,0,1,0,0,0,0,0,0,0,0
958,0,0,0,0,0,0,0,0,0,0,0,1,0,0,0,1,0,0,1,1,0,0,4,0,0,0,0,0,0,0
959,1,2,1,1,0,0,0,0,0,0,0,1,1,0,0,0,0,5,0,0,0,4,0,0,0,0,0,0,0,0
960,1,0,0,0,0,0,1,0,0,0,0,3,0,0,1,1,0,0,0,0,0,0,1,0,0,0,0,0,0,0
961,1,3,0,2,0,0,0,0,0,1,0,2,0,0,0,1,0,0,0,0,0,4,0,0,0,0,0,0,0,0
962,1,0,1,0,0,0,1,0,0,1,0,0,0,0,1,0,0,0,2,1,0,0,0,0,0,0,0,0,0,0
963,0,0,0,0,0,0,0,0,0,0,0,1,0,0,1,0,0,0,1,0,0,0,0,0,0,0,0,0,0,0
964,1,1,1,0,1,0,0,0,0,0,3,1,0,0,0,0,4,0,0,3,0,0,1,0,0,0,0,0,0,0
965,4,0,0,6,0,0,0,6,0,0,1,0,0,0,1,1,2,6,0,0,0,0,0,0,0,0,0,0,0,0
966,0,0,0,8,1,0,0,0,0,0,0,0,0,0,1,0,3,0,0,1,0,0,0,0,0,1,0,0,0,0
967,1,0,4,0,0,0,0,1,0,1,0,0,0,0,0,0,2,1,0,0,0,1,0,0,0,0,0,0,0,0
968,0,0,0,2,0,0,0,0,0,0,2,0,0,0,1,0,0,0,0,1,0,0,0,0,0,0,1,0,0,0
969,0,0,0,6,0,0,0,1,0,0,0,1,2,0,1,0,0,0,0,0,0,0,0,0,0,0,0,0,0,0
970,0,1,0,9,0,0,0,0,0,0,0,2,0,0,0,0,0,0,1,0,0,0,0,0,0,0,0,0,0,0
971,2,0,1,2,0,0,2,1,0,0,0,0,0,0,1,0,1,0,0,0,0,0,0,0,0,0,0,0,0,0
972,2,0,2,0,0,0,0,0,0,0,0,0,0,0,0,0,0,0,0,0,0,0,0,0,0,0,0,0,0,0
973,0,0,2,0,0,0,0,0,0,1,0,1,0,0,1,0,0,2,0,0,0,0,0,0,0,0,0,0,0,0
974,4,1,0,0,0,0,1,0,0,1,0,2,0,0,0,0,0,0,0,0,0,0,0,0,0,0,0,0,0,0
975,0,0,0,4,0,0,0,2,1,0,0,1,0,0,1,0,0,0,5,0,0,0,0,0,0,0,0,1,0,0
976,0,0,0,0,0,0,3,1,0,0,0,1,0,0,1,1,0,0,0,0,0,1,1,0,0,0,0,0,0,0
977,2,1,1,0,0,0,0,1,0,1,0,0,0,0,0,0,0,0,0,0,0,0,0,0,0,0,0,0,0,1
978,0,0,4,2,0,0,1,0,0,2,0,0,0,0,0,1,1,0,0,0,1,0,0,0,0,1,1,0,0,0
979,3,1,2,3,0,0,0,0,0,0,1,2,0,0,1,0,0,0,0,0,0,0,0,0,0,0,0,0,0,0
980,0,0,0,0,0,0,0,0,0,0,0,1,0,0,1,0,0,0,0,0,0,0,0,0,0,0,0,0,0,0
981,1,0,0,0,0,0,0,0,0,1,0,0,0,0,0,0,0,0,0,0,1,1,0,0,0,0,0,0,0,0
982,3,2,2,0,1,0,0,4,0,1,0,2,0,0,1,0,0,3,0,0,0,0,0,0,0,0,0,0,0,12
983,2,1,0,1,0,0,2,1,0,0,1,4,1,0,0,1,0,2,0,0,0,0,1,0,0,1,0,0,0,0
984,3,1,2,2,0,0,2,1,0,0,0,1,1,0,0,0,0,0,2,0,0,0,0,0,0,0,0,0,0,0
985,1,0,0,0,0,0,1,0,0,1,0,1,0,0,1,0,0,0,1,0,1,0,0,0,0,0,0,0,0,0
986,3,0,3,2,0,0,2,3,0,2,1,1,0,0,1,1,0,0,0,0,0,0,0,0,0,0,0,0,0,1
987,0,0,0,0,0,0,0,1,0,0,0,1,0,0,0,0,0,0,0,0,1,0,0,0,0,0,0,0,0,0
988,1,0,0,0,0,0,0,0,0,0,0,0,0,0,0,0,0,0,2,0,0,0,0,0,0,0,0,0,0,0
989,0,0,0,1,0,0,0,1,0,0,0,0,0,0,0,0,0,0,0,0,1,0,0,0,0,0,0,0,0,0
990,2,0,1,1,0,0,0,0,0,0,0,1,0,1,0,0,0,1,0,0,0,0,0,0,0,0,0,0,0,0
991,1,1,0,2,0,0,0,1,0,0,1,1,0,0,1,0,0,0,0,0,0,0,0,0,0,1,0,0,0,0
992,1,0,0,0,0,0,1,0,0,0,0,0,1,0,0,0,1,0,0,0,0,0,0,0,0,0,0,0,0,0
993,9,0,2,2,1,0,1,1,0,0,0,0,1,0,1,0,2,1,1,1,1,0,0,0,0,0,0,0,0,0
994,0,0,0,0,1,0,2,0,0,0,0,0,0,0,0,0,0,0,0,0,0,0,0,0,0,1,0,0,0,0
995,69,56,24,26,94,0,8,10,0,5,12,11,30,5,66,8,7,9,11,24,17,5,1,4,0,0,1,5,1,0
996,1,0,0,1,0,0,1,0,0,0,0,0,0,0,0,1,0,1,0,0,0,0,1,0,0,0,1,0,0,0
997,0,0,0,0,0,0,0,0,0,0,0,0,1,0,0,0,0,0,0,0,0,0,0,0,0,0,0,0,0,0
998,2,0,0,2,0,0,0,0,0,0,0,0,0,0,0,0,0,1,0,0,2,0,3,0,0,0,0,0,0,1
999,0,0,0,1,0,0,0,0,0,0,0,1,0,0,1,0,0,1,0,0,0,0,0,0,0,0,1,0,0,1
1000,0,0,1,1,0,0,0,0,1,0,0,0,0,0,0,1,0,0,0,0,0,0,0,0,0,0,0,0,0,0
1001,0,1,1,0,0,0,0,0,0,1,0,0,2,0,0,0,0,0,0,0,0,0,0,0,0,0,0,0,0,0
1002,0,0,1,0,0,0,0,1,0,1,0,1,0,0,1,2,0,0,0,0,0,0,4,0,0,0,0,0,0,0
1003,0,0,1,0,0,0,0,1,0,0,0,0,0,0,0,0,0,0,0,0,0,0,0,0,0,0,0,0,0,0
1004,2,2,1,5,1,0,2,0,0,0,1,1,0,0,1,0,0,2,0,0,0,0,0,0,0,0,0,0,0,0
1005,0,0,0,0,1,0,0,1,0,0,0,0,0,0,1,0,0,0,0,0,0,0,0,0,0,0,0,0,0,0
1006,1,1,2,0,0,0,0,0,0,0,0,1,0,0,0,0,0,0,0,0,0,0,0,0,0,0,0,0,0,0
1007,1,1,0,0,0,0,1,0,1,0,0,0,0,0,1,0,0,0,0,0,0,0,0,0,0,0,1,0,0,0
1008,2,0,0,0,0,0,0,0,0,2,0,0,0,0,0,0,0,0,0,0,0,0,0,0,0,0,0,0,0,0
1009,0,0,0,1,0,0,0,0,0,0,0,0,0,0,1,0,0,0,0,0,0,0,0,0,0,0,1,0,0,0
1010,1,0,1,0,0,0,1,0,0,1,0,0,0,0,0,1,0,0,1,0,0,0,0,0,0,0,0,0,0,1
1011,2,0,0,0,0,0,0,0,0,0,0,0,0,0,1,0,0,0,2,0,0,0,0,0,0,0,0,0,0,0
1012,5,0,1,0,0,0,0,0,0,0,0,1,0,0,1,0,0,0,0,0,0,0,0,1,0,0,0,0,0,0
1013,1,2,1,0,0,0,1,0,0,0,0,2,0,0,3,0,0,0,0,1,2,0,0,0,0,0,0,0,0,0
1014,0,2,1,0,0,0,0,1,0,0,1,0,0,0,0,2,1,0,0,0,0,0,0,0,0,1,0,0,0,0
1015,2,1,3,0,1,0,0,0,0,0,0,0,0,0,1,0,0,0,0,0,0,0,0,0,0,0,0,1,0,0
1016,0,0,1,0,1,0,0,0,0,0,0,0,0,0,0,0,1,0,0,0,0,0,0,0,0,0,0,0,0,0
1017,0,0,1,0,0,0,0,0,0,0,0,0,0,0,0,1,0,1,0,0,0,0,0,0,0,0,0,0,0,0
1018,0,0,0,0,1,0,0,0,0,1,0,4,0,0,1,0,0,0,0,0,1,5,1,0,0,0,0,0,0,0
1019,1,2,0,1,0,0,0,0,0,0,1,0,0,0,0,0,0,0,0,0,0,0,0,0,0,0,0,0,0,0
1020,0,0,0,0,0,0,1,2,1,0,0,1,0,0,0,0,0,0,0,0,0,0,0,0,0,0,0,0,0,0
1021,1,0,0,0,0,0,0,0,0,0,0,1,1,0,1,0,1,0,0,0,0,0,3,0,0,0,0,0,0,0
1022,0,0,0,0,0,0,1,0,0,1,0,1,0,0,0,0,1,0,0,0,0,0,0,0,0,0,0,0,0,0
1023,1,0,2,0,0,0,1,2,0,1,0,0,0,0,0,0,0,0,0,0,0,0,0,0,0,0,0,0,0,0
1024,2,0,1,0,0,0,0,0,0,0,0,3,0,0,1,0,0,0,0,0,0,0,0,0,0,0,0,0,0,0
1025,0,0,0,0,1,0,0,0,0,1,0,0,0,4,0,0,1,1,1,0,0,0,0,0,0,0,0,0,1,0
1026,2,0,0,0,0,0,0,0,0,0,0,2,0,0,1,0,0,0,0,0,0,0,0,1,0,0,0,0,0,0
1027,0,0,3,0,0,0,2,0,0,0,0,0,0,0,1,0,0,0,0,0,0,0,0,0,0,0,0,0,0,1
1028,0,0,0,0,0,0,0,0,0,0,0,0,0,0,0,0,1,0,0,0,0,0,3,1,0,0,0,0,0,0
1029,1,0,0,0,0,0,0,0,0,0,0,0,0,0,1,0,0,0,0,0,0,0,0,0,1,0,1,0,0,0
1030,0,0,0,2,0,0,0,1,0,0,2,1,0,0,3,0,0,0,1,0,0,0,0,0,0,0,0,0,0,0
1031,1,0,1,0,0,0,0,0,0,0,0,2,0,0,1,0,0,0,0,0,0,0,0,0,0,0,0,0,0,0
1032,1,0,0,6,0,0,0,1,0,1,0,2,0,0,0,0,0,0,0,0,0,0,3,0,11,1,1,0,0,0
1033,4,3,2,2,1,0,4,1,0,1,1,0,2,0,1,0,0,2,0,0,0,0,0,1,0,0,0,0,0,0
1034,0,0,1,1,1,0,2,0,0,0,0,0,0,0,1,0,1,0,0,0,0,0,0,1,0,0,0,0,0,0
1035,1,0,2,2,0,0,1,0,0,0,0,0,0,0,1,1,1,0,0,1,1,0,0,0,0,0,0,0,0,0
1036,0,0,1,0,1,0,0,0,0,0,0,0,0,0,1,1,0,0,0,0,0,0,0,0,0,0,0,0,0,0
1037,0,1,2,0,0,0,1,0,0,0,0,3,0,1,1,0,1,0,0,0,0,0,3,0,0,0,0,0,0,0
1038,1,0,0,0,0,0,1,0,0,1,0,1,0,0,0,0,1,0,0,0,0,0,0,0,1,0,0,0,0,0
1039,4,0,0,0,0,0,0,0,0,0,0,0,1,0,0,0,0,1,0,0,0,0,2,0,0,0,0,0,0,0
1040,0,0,4,0,0,0,0,0,0,1,0,0,0,0,0,0,1,0,0,0,0,1,4,0,0,0,0,0,0,0
1041,0,0,0,0,0,0,0,0,0,1,0,0,0,0,1,0,0,0,0,0,0,0,0,0,0,0,0,0,0,0
1042,0,0,0,0,0,0,0,0,0,1,0,1,0,0,0,1,1,0,0,0,0,0,1,0,0,0,0,0,0,0
1043,1,0,0,0,0,0,0,0,0,3,0,0,1,0,0,1,3,0,0,0,0,0,0,0,0,0,0,0,0,0
1044,0,0,0,0,0,0,0,1,0,0,0,2,0,0,0,0,0,0,0,0,1,0,0,0,0,0,0,0,1,0
1045,1,0,0,0,0,0,0,0,0,0,0,2,0,0,0,0,0,0,0,0,0,0,0,0,0,0,0,0,0,0
1046,2,0,1,0,0,0,0,2,0,1,0,2,0,0,0,0,0,1,0,0,1,0,0,0,0,0,0,0,0,0
1047,0,0,1,1,0,0,0,0,0,0,1,0,0,0,0,0,0,0,0,0,0,0,0,0,0,0,0,0,0,0
1048,3,0,0,2,0,0,0,0,0,0,0,1,0,0,1,2,1,0,0,0,0,0,0,2,0,0,1,0,0,0
1049,6,0,1,2,1,0,2,0,0,1,0,1,0,0,0,1,0,0,0,0,1,0,0,0,0,0,2,0,0,0
1050,1,1,0,0,0,0,0,0,0,0,0,0,0,0,0,2,0,0,0,1,2,0,0,1,0,0,0,0,0,1
1051,1,0,1,0,0,0,2,0,2,0,0,1,0,0,1,0,0,0,0,0,0,0,0,0,0,0,0,0,0,0
1052,9,2,5,4,2,0,0,0,0,1,0,0,2,0,1,4,2,0,0,2,0,0,1,0,0,1,0,0,0,1
1053,1,0,0,0,0,0,1,0,0,0,0,1,0,0,0,0,0,0,0,0,0,0,0,0,0,1,1,0,0,0
1054,0,0,0,0,2,0,1,0,0,0,0,0,0,0,0,0,0,0,0,0,0,0,0,0,0,0,0,0,0,0
1055,76,65,41,54,23,0,6,1,5,10,24,10,32,0,73,14,11,11,7,25,13,12,6,13,0,3,1,0,0,0
1056,2,0,0,0,0,0,0,0,0,0,0,0,0,0,0,0,1,0,0,0,0,0,0,0,0,0,0,0,0,0
1057,1,0,1,0,0,0,0,0,0,0,0,1,0,1,0,0,0,0,0,0,0,0,0,0,0,0,0,0,0,0
