token_id,token,corpus_frequency
0,bir,3506
1,ki,2931
2,bu,2709
3,nə,1666
4,aşıq,1349
5,ey,1269
6,hər,1225
7,ilə,1222
8,kim,1173
9,mən,1059
10,o,999
11,i,997
12,də,968
13,ol,958
14,ələsgər,948
15,kimi,838
16,sən,800
17,var,798
18,oldu,718
19,da,644
20,çox,537
21,mənim,536
22,məni,488
23,gün,485
24,dedi,481
25,can,457
26,tək,427
27,idi,419
28,mənə,412
29,olur,354
30,onun,342
31,sənə,342
32,ona,340
33,gül,334
34,sənin,317
35,dеdi,310
36,həm,308
37,gör,306
38,əgər,303
39,öz,299
40,olsun,297
41,ta,296
42,gördü,293
43,söz,293
44,olmaz,292
45,gəl,290
46,qədər,288
47,ola,286
48,yox,277
49,ya,276
50,səni,265
51,olub,264
52,sonra,263
53,çün,261
54,eylə,259
55,onu,257
56,üçün,255
57,a,253
58,eylər,251
59,belə,250
60,əhli,249
61,ay,248
62,biri,248
63,heç,245
64,yar,245
65,gözəl,238
66,könül,236
67,olan,236
68,yüz,236
69,gəldi,234
70,elə,230
71,zaman,230
72,iki,223
73,min,223
74,xoş,223
75,ə,222
76,füzuli,220
77,yaxşı,220
78,eşq,213
79,etdi,204
80,ələsgərin,203
81,necə,200
82,aldı,199
83,gər,195
84,qan,188
85,mana,186
86,və,181
87,səndən,180
88,gəlib,179
89,deyil,178
90,qurban,177
91,gərək,174
92,olmuş,173
93,dil,171
94,qəm,171
95,sana,171
96,göz,170
97,yoxdur,170
98,olar,169
99,bil,168
100,amma,167
101,et,166
102,olsa,166
103,az,163
104,bax,162
105,düşdü,161
106,qıl,160
107,fələk,159
108,qara,158
109,su,158
110,içində,156
111,mənəm,154
112,yenə,154
113,edər,153
114,eylədi,153
115,ver,152
116,əl,152
117,könlüm,146
118,bilməz,145
119,molla,144
120,nədir,144
121,dəli,143
122,nəsimi,143
123,şol,143
124,indi,142
125,sözün,142
126,dünyada,141
127,şah,141
128,xəbər,140
129,baş,137
130,məndən,137
131,gecə,136
132,oğul,135
133,gördüm,134
134,üz,134
135,al,133
136,kişi,130
137,neçə,130
138,dəm,129
139,görək,129
140,ağlarsan,128
141,canım,128
142,başına,126
143,vaqif,126
144,şirin,126
145,bəy,125
146,edib,125
147,onda,125
148,qıldı,125
149,səhər,125
150,mey,124
151,ondan,124
152,sözü,123
153,yol,123
154,üzün,123
155,еlə,123
156,həcər,122
157,allah,120
158,bəs,119
159,çünki,119
160,elədi,118
161,verdi,117
162,gəlir,115
163,qaldı,115
164,tutub,115
165,xaqani,115
166,nağı,113
167,bizə,112
168,eşqin,112
169,əli,112
170,anın,111
171,еy,111
172,dünya,110
173,etmiş,110
174,kəs,110
175,sübh,110
176,ı,108
177,şad,108
178,l,107
179,olmuşam,107
180,getdi,106
181,məşədi,106
182,üstə,106
183,aşiq,105
184,alı,104
185,ağ,104
186,dəxi,104
187,yoxdu,104
188,biz,103
189,içrə,103
190,olma,103
191,ələsgərə,103
192,vardır,102
193,özü,102
194,etmə,101
195,günü,101
196,istər,101
197,gah,100
198,yana,100
199,ələsgəri,100
200,imiş,99
201,sazı,99
202,budur,98
203,oğlu,98
204,üzünü,98
205,abi,97
206,ah,97
207,özgə,97
208,gözüm,96
209,bеlə,95
210,həq,95
211,oldum,95
212,on,95
213,adam,94
214,isə,94
215,məhəmməd,94
216,qoy,94
217,xanım,94
218,idim,93
219,о,93
220,cümlə,91
221,dedilər,91
222,dərdi,91
223,hеç,90
224,nəzər,90
225,aləm,89
226,özünü,89
227,saldı,88
228,еlədi,88
229,başa,87
230,bilir,87
231,olmadı,87
232,yerdə,87
233,bənzər,86
234,yola,86
235,etdim,85
236,görə,85
237,hamı,85
238,zülfün,85
239,əcəb,85
240,aləmdə,84
241,başladı,84
242,daim,84
243,dövran,84
244,görüb,84
245,gündə,84
246,sabah,84
247,tez,84
248,cahan,83
249,onlar,83
250,an,82
251,anaxanım,82
252,ancaq,82
253,məgər,82
254,yetər,82
255,çıxdı,82
256,özün,82
257,ağa,81
258,günəş,81
259,lə,81
260,qoydu,81
261,üç,81
262,bunu,80
263,dərd,80
264,yerə,80
265,şahi,80
266,kimsə,79
267,əlindən,79
268,dost,78
269,insan,78
270,kalvayı,78
271,çəkər,78
272,dili,77
273,gərçi,77
274,badə,76
275,bundan,76
276,camaat,76
277,daha,76
278,dəfə,76
279,dərman,76
280,niyə,76
281,tamam,76
282,bütün,75
283,at,74
284,dörd,74
285,gələn,74
286,il,73
287,toy,73
288,bizim,72
289,hələ,72
290,mə,72
291,r,72
292,şair,72
293,canı,71
294,saqi,71
295,surəti,71
296,sərvi,71
297,tutdu,71
298,yer,71
299,bəşir,70
300,canan,70
301,düşər,70
302,od,70
303,zülfü,70
304,bəlkə,69
305,görən,69
306,pünhan,69
307,sənsən,69
308,vidadi,69
309,çəkdi,69
310,dərdə,68
311,hüseyn,68
312,verib,68
313,yoxsa,68
314,axır,67
315,cahanda,67
316,degil,67
317,görəndə,67
318,soruşdu,67
319,tut,67
320,xəstə,67
321,üzünə,67
322,şəm,67
323,cavab,66
324,cəm,66
325,durur,66
326,gözü,66
327,iş,66
328,nola,66
329,qulaq,66
330,sgəndər,66
331,adı,65
332,ala,65
333,canımı,65
334,dilləndi,65
335,nədən,65
336,sultan,65
337,verir,65
338,xǝtai,65
339,çəkib,65
340,bülbül,64
341,dünyanın,64
342,xaki,64
343,dünyanı,63
344,hicran,63
345,kərəm,63
346,nur,63
347,sözünü,63
348,yanına,63
349,yanında,63
350,yolunda,63
351,çıxar,63
352,ələsgərəm,63
353,de,62
354,gələndə,62
355,heyvan,62
356,rəvan,62
357,yəqin,62
358,alıb,61
359,götürdü,61
360,hanı,61
361,həmişə,61
362,mərd,61
363,pərişan,61
364,yazıq,61
365,üstünə,61
366,üzrə,61
367,söhbət,60
368,sənsiz,60
369,üzü,60
370,başqa,59
371,bircə,59
372,dedim,59
373,götürüb,59
374,gəlin,59
375,s,59
376,ayrı,58
377,bəli,58
378,haqq,58
379,həsrət,58
380,nuri,58
381,nədi,58
382,qoca,58
383,sizə,58
384,çeşmi,58
385,böylə,57
386,düz,57
387,edə,57
388,eylədim,57
389,görüm,57
390,gəlməz,57
391,hal,57
392,heyran,57
393,pəri,57
394,tər,57
395,tərk,57
396,yaman,57
397,zər,57
398,ş,57
399,aləmə,56
400,ana,56
401,başı,56
402,bəri,56
403,cami,56
404,deyir,56
405,dilbər,56
406,dur,56
407,eylərəm,56
408,qul,56
409,qız,56
410,sahibi,56
411,zar,56
412,d,55
413,eyləmə,55
414,ikən,55
415,könlümü,55
416,lütf,55
417,sağ,55
418,ələ,55
419,aləmi,54
420,beş,54
421,camalın,54
422,düşüb,54
423,edən,54
424,güli,54
425,hiç,54
426,keçdi,54
427,nеcə,54
428,saz,54
429,səba,54
430,tutar,54
431,açdı,53
432,döndü,53
433,edir,53
434,etmək,53
435,gördülər,53
436,görünür,53
437,gözün,53
438,gələ,53
439,ndi,53
440,pul,53
441,tərəf,53
442,xan,53
443,yеnə,53
444,zahid,53
445,üstündə,53
446,əmi,53
447,işi,52
448,mələk,52
449,səri,52
450,xəlq,52
451,çək,52
452,əyan,52
453,оl,52
454,açıb,51
455,bəla,51
456,bəndini,51
457,ha,51
458,hansı,51
459,hasil,51
460,hǝr,51
461,q,51
462,qafil,51
463,qoyub,51
464,vəli,51
465,ötrü,51
466,şəkər,51
467,ayinə,50
468,gözəllər,50
469,gəlsin,50
470,qalmadı,50
471,sazını,50
472,verər,50
473,yad,50
474,özünə,50
475,bilmədi,49
476,böyük,49
477,cavad,49
478,hüsnün,49
479,izhar,49
480,leyk,49
481,qəmi,49
482,sarı,49
483,siz,49
484,zülfi,49
485,şey,49
486,bildi,48
487,deyib,48
488,dust,48
489,gündən,48
490,gətir,48
491,gətirdi,48
492,ləbi,48
493,ləbin,48
494,ləhzə,48
495,məcnun,48
496,saçın,48
497,çay,48
498,ərz,48
499,alının,47
500,artıq,47
501,dəyər,47
502,gəldin,47
503,hamısı,47
504,odur,47
505,olaydı,47
506,olmasa,47
507,pişik,47
508,sənəm,47
509,tərif,47
510,tеz,47
511,burada,46
512,cana,46
513,dağlar,46
514,deyin,46
515,dövlət,46
516,düşmüşəm,46
517,dərdü,46
518,müdam,46
519,nеçə,46
520,qızıl,46
521,sirri,46
522,söylə,46
523,vеrdi,46
524,yan,46
525,əsədullah,46
526,əzizlərim,46
527,axşam,45
528,göy,45
529,iman,45
530,mülki,45
531,oğlan,45
532,qılır,45
533,rüxün,45
534,salıb,45
535,xəncər,45
536,yara,45
537,yarı,45
538,aşiqi,44
539,cam,44
540,düşmən,44
541,eyləyib,44
542,görmədim,44
543,istərəm,44
544,məst,44
545,qəza,44
546,sanma,44
547,səfa,44
548,tərki,44
549,vəfa,44
550,xar,44
551,yandı,44
552,bahar,43
553,birisi,43
554,bizi,43
555,cəfa,43
556,durub,43
557,dе,43
558,eşqə,43
559,g,43
560,get,43
561,olmaq,43
562,qaşın,43
563,rəhm,43
564,sal,43
565,səndə,43
566,vəslin,43
567,yavaş,43
568,yeri,43
569,əvvəl,43
570,ara,42
571,arif,42
572,buna,42
573,bəyan,42
574,cavan,42
575,fikir,42
576,gündüz,42
577,həqdən,42
578,istəməz,42
579,mah,42
580,məndə,42
581,nalə,42
582,qəlbi,42
583,qələm,42
584,sa,42
585,sanki,42
586,vaxt,42
587,vurdu,42
588,yaşı,42
589,atəşi,41
590,başını,41
591,candan,41
592,cənnət,41
593,dağ,41
594,dilə,41
595,dərdim,41
596,el,41
597,hərdəm,41
598,inan,41
599,ləli,41
600,qeyri,41
601,qəbul,41
602,qəmdən,41
603,qəmər,41
604,ruzi,41
605,torpaq,41
606,yarın,41
607,şükr,41
608,əzəldən,41
609,anı,40
610,atını,40
611,canü,40
612,daş,40
613,doğru,40
614,eləyib,40
615,eyləməz,40
616,gülə,40
617,gələr,40
618,həmin,40
619,mahi,40
620,mal,40
621,məclis,40
622,olubdur,40
623,rəhim,40
624,seyr,40
625,səbr,40
626,zahir,40
627,əlin,40
628,əlində,40
629,altı,39
630,bеş,39
631,dana,39
632,götür,39
633,ilən,39
634,işə,39
635,kimin,39
636,nihan,39
637,odu,39
638,surətin,39
639,təzə,39
640,xoşdur,39
641,ürək,39
642,alır,38
643,aşiqə,38
644,canını,38
645,deyim,38
646,etsə,38
647,fəda,38
648,həyat,38
649,işin,38
650,kəsə,38
651,parə,38
652,tərəfə,38
653,yanar,38
654,zülm,38
655,şərab,38
656,ələsgərdən,38
657,adını,37
658,alməmməd,37
659,ayə,37
660,başında,37
661,burda,37
662,bəhri,37
663,canə,37
664,cür,37
665,dal,37
666,darı,37
667,düşdüm,37
668,dеyil,37
669,getmə,37
670,gеtdi,37
671,halı,37
672,kamil,37
673,saat,37
674,sǝn,37
675,uzun,37
676,viran,37
677,çarə,37
678,çörək,37
679,ələsgərlə,37
680,əsər,37
681,adamlar,36
682,ahü,36
683,azad,36
684,bağrım,36
685,deyə,36
686,deyən,36
687,ehsan,36
688,eyləyən,36
689,fikri,36
690,gecələr,36
691,gedib,36
692,gövhər,36
693,könlümün,36
694,oxudu,36
695,pak,36
696,qoyma,36
697,qönçə,36
698,vaxtı,36
699,vermə,36
700,yada,36
701,yaz,36
702,yolda,36
703,çıxıb,36
704,еylə,36
705,ayaq,35
706,açıldı,35
707,bala,35
708,bağ,35
709,dar,35
710,derlər,35
711,gözlərin,35
712,həmdəm,35
713,nar,35
714,oldur,35
715,qılma,35
716,qərq,35
717,rəngi,35
718,siyah,35
719,sözləri,35
720,süleyman,35
721,uş,35
722,xəyal,35
723,çıxartdı,35
724,üzündə,35
725,ələsgərgil,35
726,allaha,34
727,arasında,34
728,aya,34
729,badi,34
730,bal,34
731,birinə,34
732,budu,34
733,bəzmi,34
734,dərdinə,34
735,dеyir,34
736,eşqi,34
737,görmüşəm,34
738,gözümdən,34
739,hənuz,34
740,kişinin,34
741,lalə,34
742,musa,34
743,oldun,34
744,olmasın,34
745,qoymaz,34
746,qızı,34
747,çü,34
748,özüm,34
749,şam,34
750,əhlinə,34
751,əşi,34
752,arvad,33
753,ağır,33
754,bərabər,33
755,eyləmiş,33
756,gözləri,33
757,hali,33
758,hesab,33
759,kеçdi,33
760,nazik,33
761,nişan,33
762,olmuşdur,33
763,onların,33
764,sirrini,33
765,sərv,33
766,tazə,33
767,verə,33
768,verən,33
769,xeyli,33
770,yarə,33
771,yolu,33
772,çəkmə,33
773,əldən,33
774,əşk,33
775,adlı,32
776,ağlar,32
777,aşikar,32
778,başdan,32
779,bilmirəm,32
780,cahanı,32
781,dağı,32
782,deyiləm,32
783,din,32
784,dərdin,32
785,etməz,32
786,gözdən,32
787,hey,32
788,hörmət,32
789,kimə,32
790,kömək,32
791,lakin,32
792,li,32
793,onlara,32
794,pulu,32
795,qardaş,32
796,qayıtdı,32
797,qaşların,32
798,qıj,32
799,söyün,32
800,sözüm,32
801,vey,32
802,yaradan,32
803,yerdən,32
804,yəni,32
805,yеrə,32
806,zövq,32
807,çərxi,32
808,əlbəttə,32
809,əldə,32
810,əmə,32
811,əql,32
812,adın,31
813,ayağa,31
814,baxdı,31
815,birdən,31
816,bunlar,31
817,dövləti,31
818,dövri,31
819,dərya,31
820,etdin,31
821,gərəkdir,31
822,kor,31
823,külli,31
824,kəm,31
825,kəsildi,31
826,layiq,31
827,lazım,31
828,necin,31
829,olduğun,31
830,qalıb,31
831,qanı,31
832,surət,31
833,tapdı,31
834,xəndan,31
835,yarım,31
836,zövqi,31
837,zərrə,31
838,ən,31
839,ad,30
840,aç,30
841,bilər,30
842,bunca,30
843,bunun,30
844,bəyin,30
845,demə,30
846,dönüb,30
847,dövr,30
848,dərdimə,30
849,edim,30
850,fani,30
851,fəğan,30
852,gedər,30
853,göyçəyə,30
854,gənci,30
855,gərəkməz,30
856,gəz,30
857,həqq,30
858,işim,30
859,kağız,30
860,mümkün,30
861,nərgisi,30
862,oduna,30
863,pərvanə,30
864,qabağına,30
865,qana,30
866,qanlı,30
867,qaşı,30
868,torpağa,30
869,xuda,30
870,yarəb,30
871,yeddi,30
872,ölüm,30
873,üzündən,30
874,şahın,30
875,şər,30
876,еylədi,30
877,asiman,29
878,dalınca,29
879,demək,29
880,dilim,29
881,dünyaya,29
882,guya,29
883,görəsən,29
884,göyçə,29
885,hüsnünə,29
886,köpək,29
887,kəbə,29
888,məclisdə,29
889,oxu,29
890,qoyun,29
891,qədəm,29
892,sayə,29
893,səcdə,29
894,toya,29
895,tən,29
896,varmı,29
897,vəsli,29
898,xəlqə,29
899,yaş,29
900,adım,28
901,aparır,28
902,axı,28
903,açılsın,28
904,aşiqin,28
905,bağlı,28
906,başın,28
907,bilən,28
908,bizdən,28
909,dilər,28
910,dodağın,28
911,eylədin,28
912,görsə,28
913,gözünü,28
914,gülüstan,28
915,gəh,28
916,gəlmədi,28
917,h,28
918,hacı,28
919,hara,28
920,huri,28
921,hərgiz,28
922,hərə,28
923,həsrətindən,28
924,ilǝ,28
925,kimdir,28
926,könlü,28
927,kəsdi,28
928,nǝ,28
929,qalan,28
930,qılmış,28
931,qılıb,28
932,qəmin,28
933,razı,28
934,salmış,28
935,sirr,28
936,sual,28
937,sədəf,28
938,tamaşa,28
939,türfə,28
940,ustad,28
941,yaraşır,28
942,yoldan,28
943,zəhmət,28
944,çak,28
945,çatanda,28
946,ənbər,28
947,еşitdi,28
948,adəm,27
949,birini,27
950,boyun,27
951,bədən,27
952,bəsdir,27
953,dolu,27
954,dosta,27
955,düşəndə,27
956,dəstə,27
957,dеyim,27
958,etmədi,27
959,etməyə,27
960,eşqində,27
961,fəzli,27
962,göndərdi,27
963,güldü,27
964,halın,27
965,hazır,27
966,kimdən,27
967,kimidi,27
968,kəndin,27
969,meyi,27
970,müşkünaz,27
971,məhv,27
972,nağıya,27
973,olasan,27
974,onları,27
975,pis,27
976,qanda,27
977,qərar,27
978,saf,27
979,sübhü,27
980,səhnəbanı,27
981,sərbəsər,27
982,səsi,27
983,təki,27
984,uzaq,27
985,uşaq,27
986,yolun,27
987,yusifi,27
988,zəmanə,27
989,çoxdur,27
990,ürəyim,27
991,şahı,27
992,еləyib,27
993,acı,26
994,aman,26
995,asan,26
996,atdı,26
997,bilsin,26
998,buldu,26
999,bəndi,26
1000,cani,26
1001,danışma,26
1002,dedin,26
1003,didar,26
1004,dəhr,26
1005,dəmbədəm,26
1006,dərs,26
1007,eyləsin,26
1008,feyzi,26
1009,giryan,26
1010,göydə,26
1011,göyçənin,26
1012,göyə,26
1013,gеcə,26
1014,hüsni,26
1015,istədi,26
1016,kuyində,26
1017,könlümə,26
1018,mö,26
1019,mǝn,26
1020,məhi,26
1021,nadan,26
1022,naz,26
1023,oda,26
1024,qamu,26
1025,qar,26
1026,qədəh,26
1027,qətrə,26
1028,rəva,26
1029,saqın,26
1030,sinəsinə,26
1031,sor,26
1032,söylədi,26
1033,tüfəng,26
1034,tə,26
1035,tələb,26
1036,xak,26
1037,xali,26
1038,xоş,26
1039,yandan,26
1040,zülfünə,26
1041,zərrəcə,26
1042,çeşmim,26
1043,özündən,26
1044,ünsüri,26
1045,şeytan,26
1046,əzəl,26
1047,еvə,26
1048,ahu,25
1049,arzular,25
1050,as,25
1051,baxma,25
1052,canıma,25
1053,dala,25
1054,der,25
1055,dün,25
1056,dünyadan,25
1057,dən,25
1058,dərdimi,25
1059,görcək,25
1060,gövhəri,25
1061,gülü,25
1062,gülün,25
1063,gəldilər,25
1064,hardasan,25
1065,hicr,25
1066,hüsn,25
1067,həqqi,25
1068,inci,25
1069,mindi,25
1070,mütləq,25
1071,məclisə,25
1072,məhşər,25
1073,neçün,25
1074,olmaram,25
1075,olsan,25
1076,olubdu,25
1077,olum,25
1078,qohum,25
1079,qılan,25
1080,rəng,25
1081,salma,25
1082,seyyid,25
1083,sərasər,25
1084,tapar,25
1085,tərlan,25
1086,vəslinə,25
1087,xəbərin,25
1088,xəlqi,25
1089,ədalət,25
1090,əşki,25
1091,afərin,24
1092,ata,24
1093,atdan,24
1094,atı,24
1095,ayağı,24
1096,baği,24
1097,bağrımı,24
1098,bildim,24
1099,canlar,24
1100,cövhəri,24
1101,dastan,24
1102,dildən,24
1103,düşdülər,24
1104,dəf,24
1105,dəva,24
1106,fəhm,24
1107,fələyin,24
1108,gözə,24
1109,güman,24
1110,günün,24
1111,gətirib,24
1112,halə,24
1113,hayıf,24
1114,hicrin,24
1115,isən,24
1116,işlər,24
1117,könlünü,24
1118,kəndində,24
1119,malı,24
1120,meyl,24
1121,mikayıl,24
1122,məhəbbət,24
1123,natəvan,24
1124,ney,24
1125,nökər,24
1126,növ,24
1127,olacaq,24
1128,olsaydı,24
1129,oxşar,24
1130,pay,24
1131,peyda,24
1132,qabaq,24
1133,qaldım,24
1134,qarşı,24
1135,qiyamət,24
1136,quran,24
1137,qədrini,24
1138,qəlbim,24
1139,rast,24
1140,ruhi,24
1141,seyri,24
1142,suyu,24
1143,sözə,24
1144,tufan,24
1145,təbib,24
1146,xumar,24
1147,xəta,24
1148,yari,24
1149,çəkir,24
1150,öküz,24
1151,ömrüm,24
1152,ömür,24
1153,üzüm,24
1154,şux,24
1155,şükür,24
1156,əlini,24
1157,əlinə,24
1158,əlvan,24
1159,aqil,23
1160,aslan,23
1161,ağzı,23
1162,bihudə,23
1163,bivəfa,23
1164,bülbüli,23
1165,canın,23
1166,cüda,23
1167,deyər,23
1168,durdu,23
1169,dеyin,23
1170,elm,23
1171,evdə,23
1172,fərman,23
1173,görməmişəm,23
1174,gözlərim,23
1175,güllər,23
1176,günə,23
1177,gəda,23
1178,hatəm,23
1179,hünər,23
1180,hеsab,23
1181,ilan,23
1182,kar,23
1183,keç,23
1184,köhnə,23
1185,kövsər,23
1186,kəndə,23
1187,manat,23
1188,mətləb,23
1189,nahaq,23
1190,niqab,23
1191,nəfəs,23
1192,olanda,23
1193,oldular,23
1194,onunla,23
1195,ox,23
1196,qanın,23
1197,qatar,23
1198,qonşu,23
1199,quş,23
1200,qış,23
1201,rəb,23
1202,salar,23
1203,seyyida,23
1204,sizi,23
1205,tənə,23
1206,ucundan,23
1207,vermiş,23
1208,vurar,23
1209,vurub,23
1210,yadına,23
1211,yay,23
1212,yaşım,23
1213,çeşmeyi,23
1214,çin,23
1215,öylə,23
1216,üzə,23
1217,şahlar,23
1218,əməl,23
1219,ər,23
1220,ərşi,23
1221,əsir,23
1222,əta,23
1223,еvinə,23
1224,ac,22
1225,adama,22
1226,ali,22
1227,anaxanımın,22
1228,and,22
1229,artar,22
1230,atın,22
1231,axırda,22
1232,ağzını,22
1233,barı,22
1234,basdı,22
1235,baxanda,22
1236,bəxş,22
1237,bəşirə,22
1238,cananə,22
1239,cüt,22
1240,dad,22
1241,dilbərin,22
1242,dilərsən,22
1243,doludur,22
1244,dönə,22
1245,dövründə,22
1246,düşən,22
1247,dəmadəm,22
1248,dəyməz,22
1249,edərəm,22
1250,eyləyir,22
1251,eşitdi,22
1252,faş,22
1253,fəqr,22
1254,gizli,22
1255,gözlə,22
1256,gözəllərin,22
1257,güllə,22
1258,gəlmişəm,22
1259,gəlsə,22
1260,gеdib,22
1261,halım,22
1262,halını,22
1263,haradan,22
1264,harda,22
1265,hikmət,22
1266,hüsnü,22
1267,həkim,22
1268,həmid,22
1269,içindəyəm,22
1270,içəri,22
1271,kuyin,22
1272,könlün,22
1273,kəndinə,22
1274,lap,22
1275,m,22
1276,mehman,22
1277,meydan,22
1278,müddət,22
1279,müşkül,22
1280,mərdi,22
1281,məsti,22
1282,naleyi,22
1283,nara,22
1284,nsan,22
1285,nəsiminin,22
1286,oynar,22
1287,qılmaz,22
1288,qılsa,22
1289,qədr,22
1290,rvaham,22
1291,salır,22
1292,sin,22
1293,sinə,22
1294,sultanı,22
1295,torpağı,22
1296,tərəfdən,22
1297,vardı,22
1298,verməz,22
1299,vəsfini,22
1300,vəsl,22
1301,vətən,22
1302,xalın,22
1303,xanə,22
1304,xələt,22
1305,xəyali,22
1306,xеyir,22
1307,yanağın,22
1308,yandırdı,22
1309,şaha,22
1310,şəfa,22
1311,şəhi,22
1312,şərh,22
1313,əbəd,22
1314,əlli,22
1315,əsiri,22
1316,əsli,22
1317,еylər,22
1318,ahim,21
1319,alim,21
1320,andan,21
1321,apardı,21
1322,aqibət,21
1323,ar,21
1324,atlı,21
1325,aydır,21
1326,ağlı,21
1327,bari,21
1328,baxıb,21
1329,bağlama,21
1330,bağı,21
1331,başladılar,21
1332,başım,21
1333,bilirsən,21
1334,bilirəm,21
1335,birin,21
1336,birinin,21
1337,boş,21
1338,c9,21
1339,cismi,21
1340,derəm,21
1341,didarına,21
1342,dostun,21
1343,doğrudan,21
1344,düşərmi,21
1345,dəmi,21
1346,dеsin,21
1347,etdilər,21
1348,eyləmək,21
1349,fazil,21
1350,geri,21
1351,haman,21
1352,hava,21
1353,köynəyinə,21
1354,mehri,21
1355,meydana,21
1356,möhnəti,21
1357,məh,21
1358,məlum,21
1359,n,21
1360,nəfər,21
1361,nəqşi,21
1362,odlu,21
1363,olu,21
1364,olun,21
1365,orda,21
1366,qala,21
1367,qurbanın,21
1368,qəddi,21
1369,qəmzə,21
1370,rahət,21
1371,sevər,21
1372,söhbəti,21
1373,sözlərin,21
1374,sözünə,21
1375,sǝnin,21
1376,tapıb,21
1377,tari,21
1378,tutmuş,21
1379,tökülür,21
1380,təkcə,21
1381,vasil,21
1382,vay,21
1383,verdim,21
1384,versə,21
1385,vüsalın,21
1386,xeyr,21
1387,xürrəm,21
1388,xızr,21
1389,xəm,21
1390,yazdı,21
1391,yağış,21
1392,yeksan,21
1393,yetişdi,21
1394,yolunu,21
1395,yolçu,21
1396,zalım,21
1397,zinhar,21
1398,çatdı,21
1399,çıxan,21
1400,şan,21
1401,şirvan,21
1402,şəmi,21
1403,şərif,21
1404,əhsən,21
1405,əksi,21
1406,əla,21
1407,əmma,21
1408,əqli,21
1409,əsla,21
1410,əyri,21
1411,afitab,20
1412,amandı,20
1413,aradan,20
1414,arizi,20
1415,ayağın,20
1416,ağkilsə,20
1417,bayram,20
1418,bağladı,20
1419,başıma,20
1420,behişt,20
1421,cahanın,20
1422,cövr,20
1423,danışdı,20
1424,deyəsən,20
1425,dilin,20
1426,durmuş,20
1427,düşman,20
1428,dər,20
1429,elmi,20
1430,evində,20
1431,eylərsən,20
1432,fikirləşdi,20
1433,gerçək,20
1434,görün,20
1435,görər,20
1436,gözünə,20
1437,gəzər,20
1438,hamısını,20
1439,həsən,20
1440,həzər,20
1441,keçən,20
1442,kəlmə,20
1443,kəmali,20
1444,lin,20
1445,lütfü,20
1446,ləzzət,20
1447,mişkin,20
1448,münkir,20
1449,müttəsil,20
1450,müştaq,20
1451,məclisində,20
1452,mələklər,20
1453,mərdana,20
1454,mərifət,20
1455,ni,20
1456,qardaşı,20
1457,qismət,20
1458,qorxuram,20
1459,qırmızı,20
1460,ruh,20
1461,səbəbdən,20
1462,sərdar,20
1463,sərxoş,20
1464,tapılmaz,20
1465,tay,20
1466,tiği,20
1467,töküb,20
1468,təmə,20
1469,vaqifi,20
1470,vüsal,20
1471,vəh,20
1472,vеrir,20
1473,xəbərdar,20
1474,yaşıl,20
1475,yerinə,20
1476,yusif,20
1477,yеddi,20
1478,zamana,20
1479,zəhi,20
1480,çoxu,20
1481,çıxır,20
1482,çəkilib,20
1483,çəkə,20
1484,çəkən,20
1485,ömr,20
1486,şikar,20
1487,əhməd,20
1488,ərzi,20
1489,adət,19
1490,altında,19
1491,arizin,19
1492,ayrılır,19
1493,ağkilsəyə,19
1494,ağıl,19
1495,aşiqəm,19
1496,bar,19
1497,bidar,19
1498,biçarə,19
1499,bulunmaz,19
1500,bunların,19
1501,bə,19
1502,bərgi,19
1503,canımız,19
1504,cigər,19
1505,cəfərqulu,19
1506,daği,19
1507,dideyi,19
1508,divanə,19
1509,dolanır,19
1510,doldu,19
1511,dünən,19
1512,dürri,19
1513,düşsə,19
1514,dədə,19
1515,dərdini,19
1516,dərin,19
1517,dеyər,19
1518,edirəm,19
1519,etibar,19
1520,fəna,19
1521,fəxr,19
1522,gahi,19
1523,görmək,19
1524,görməz,19
1525,göylərə,19
1526,gözdə,19
1527,gözlər,19
1528,gözündən,19
1529,gözələ,19
1530,gülzar,19
1531,gülşən,19
1532,gǝldi,19
1533,gərdən,19
1534,hadi,19
1535,həya,19
1536,ilahi,19
1537,iç,19
1538,içim,19
1539,kamal,19
1540,kağızı,19
1541,kaş,19
1542,key,19
1543,keçər,19
1544,kə,19
1545,kəndindən,19
1546,kəsin,19
1547,lövhi,19
1548,ləbindən,19
1549,ləblərin,19
1550,maral,19
1551,münəvvər,19
1552,mədəd,19
1553,məlamət,19
1554,məna,19
1555,mərdan,19
1556,mərdümi,19
1557,məskən,19
1558,nişana,19
1559,olanlar,19
1560,olmadan,19
1561,olmaya,19
1562,olsam,19
1563,pir,19
1564,qalmışam,19
1565,qalsın,19
1566,qalır,19
1567,qiymət,19
1568,qızın,19
1569,qəlbinə,19
1570,qəmindən,19
1571,qəmzən,19
1572,reyhan,19
1573,ruzigar,19
1574,sazın,19
1575,sidq,19
1576,sinəm,19
1577,sizin,19
1578,səd,19
1579,tab,19
1580,top,19
1581,tökər,19
1582,təkrar,19
1583,versin,19
1584,xalq,19
1585,xırda,19
1586,xəyalın,19
1587,xəzan,19
1588,yaxşılıq,19
1589,yetdi,19
1590,yеri,19
1591,zülfünü,19
1592,çoxdu,19
1593,ümidim,19
1594,üryan,19
1595,əgərçi,19
1596,əlimdən,19
1597,ahım,18
1598,almaq,18
1599,atası,18
1600,ayna,18
1601,aşıqlar,18
1602,aşığam,18
1603,baxın,18
1604,bağrı,18
1605,başından,18
1606,bidad,18
1607,bilmədim,18
1608,bimürvət,18
1609,boyu,18
1610,büti,18
1611,bəd,18
1612,bəhs,18
1613,bəladır,18
1614,bəndə,18
1615,bəşər,18
1616,cövrü,18
1617,daşı,18
1618,di,18
1619,dildar,18
1620,dönər,18
1621,dünyayə,18
1622,düşmüş,18
1623,düşsün,18
1624,düşərsən,18
1625,dəhrdə,18
1626,dərdli,18
1627,fərhad,18
1628,gedən,18
1629,göydən,18
1630,gülzari,18
1631,gəldim,18
1632,gəlmiş,18
1633,gərəkdi,18
1634,gеt,18
1635,halına,18
1636,hamınızın,18
1637,hardan,18
1638,it,18
1639,içinə,18
1640,içər,18
1641,kənar,18
1642,lazımdı,18
1643,mina,18
1644,müsəlman,18
1645,müşgünaz,18
1646,nagəh,18
1647,nağının,18
1648,nöqsan,18
1649,nəyə,18
1650,orada,18
1651,qamətin,18
1652,qanan,18
1653,qansı,18
1654,qarə,18
1655,qaçan,18
1656,qonaq,18
1657,qur,18
1658,quru,18
1659,qılmağa,18
1660,rövşən,18
1661,salan,18
1662,saət,18
1663,sirrin,18
1664,son,18
1665,soyuq,18
1666,söylər,18
1667,sə,18
1668,səkkiz,18
1669,səninlə,18
1670,sər,18
1671,sərf,18
1672,səs,18
1673,səxavət,18
1674,tanı,18
1675,tökdü,18
1676,usta,18
1677,varsa,18
1678,verirəm,18
1679,versən,18
1680,vurur,18
1681,xaqaninin,18
1682,xeyir,18
1683,xəcalət,18
1684,xərab,18
1685,yalan,18
1686,yanan,18
1687,yeni,18
1688,yеrdə,18
1689,çoban,18
1690,çıxıbdı,18
1691,çəkmiş,18
1692,öldü,18
1693,üzlü,18
1694,əks,18
1695,əlim,18
1696,ərşə,18
1697,əzab,18
1698,əzmi,18
1699,anda,17
1700,atəş,17
1701,ayı,17
1702,aşıqlıq,17
1703,aşığın,17
1704,balı,17
1705,baxtım,17
1706,bağında,17
1707,billah,17
1708,billəm,17
1709,bilmir,17
1710,bilməm,17
1711,bilmən,17
1712,biləsən,17
1713,buraya,17
1714,bənd,17
1715,bəxt,17
1716,bəxti,17
1717,bəylər,17
1718,bəşirin,17
1719,ciyər,17
1720,cürə,17
1721,cəhd,17
1722,deyirəm,17
1723,doğuldu,17
1724,dünyadə,17
1725,düşə,17
1726,dəmir,17
1727,dəydi,17
1728,dеdim,17
1729,edəndə,17
1730,ehtiyat,17
1731,etmişəm,17
1732,eşidən,17
1733,fürsət,17
1734,gedir,17
1735,girdi,17
1736,giriftar,17
1737,göyçədə,17
1738,günahkar,17
1739,gеdək,17
1740,hur,17
1741,hökm,17
1742,həcv,17
1743,inkar,17
1744,içib,17
1745,kanı,17
1746,kitab,17
1747,köynəyindən,17
1748,kəmal,17
1749,kəsib,17
1750,lö,17
1751,meyli,17
1752,mustafa,17
1753,mülkü,17
1754,mürği,17
1755,müxtəsər,17
1756,müştaqəm,17
1757,mənzil,17
1758,naləvü,17
1759,nigar,17
1760,nəfs,17
1761,nəsib,17
1762,olandan,17
1763,olardı,17
1764,oxun,17
1765,qaməti,17
1766,qat,17
1767,qəddin,17
1768,qərib,17
1769,rizvan,17
1770,rəhi,17
1771,rəhman,17
1772,rəsmi,17
1773,salam,17
1774,san,17
1775,səf,17
1776,səngi,17
1777,sərgərdan,17
1778,toyu,17
1779,tuba,17
1780,təni,17
1781,vеrib,17
1782,vеrim,17
1783,xah,17
1784,xahiş,17
1785,xaqaniyə,17
1786,xublar,17
1787,xuni,17
1788,xurşid,17
1789,xurşidi,17
1790,yazıb,17
1791,yağ,17
1792,yağı,17
1793,yerindən,17
1794,zülfünün,17
1795,zülmü,17
1796,zərər,17
1797,çölə,17
1798,çəkdim,17
1799,çərx,17
1800,çətin,17
1801,ölüb,17
1802,ölürəm,17
1803,ü,17
1804,şir,17
1805,şölə,17
1806,şəbi,17
1807,şеy,17
1808,əbəs,17
1809,əcəl,17
1810,əlif,17
1811,əya,17
1812,adamların,16
1813,ahi,16
1814,alma,16
1815,aparıb,16
1816,açılıb,16
1817,ağanın,16
1818,aşkar,16
1819,baqi,16
1820,başə,16
1821,bel,16
1822,bilməzəm,16
1823,bimar,16
1824,boy,16
1825,buyi,16
1826,büryan,16
1827,bənzətdim,16
1828,bəsləyər,16
1829,canına,16
1830,cismim,16
1831,cünun,16
1832,cənnəti,16
1833,dara,16
1834,daxil,16
1835,deyirlər,16
1836,dua,16
1837,dudi,16
1838,dönübdü,16
1839,dürlü,16
1840,düşməz,16
1841,dəmdə,16
1842,dеdin,16
1843,dеyib,16
1844,edirsən,16
1845,etsin,16
1846,ev,16
1847,eyb,16
1848,eyləsə,16
1849,eyni,16
1850,eşqinə,16
1851,firqətin,16
1852,fəryad,16
1853,fəsli,16
1854,göyçək,16
1855,gözündə,16
1856,gümüş,16
1857,gələcək,16
1858,gəzən,16
1859,halal,16
1860,huş,16
1861,hüseynin,16
1862,hǝm,16
1863,həbibim,16
1864,həqqə,16
1865,imam,16
1866,islam,16
1867,işdən,16
1868,kimidir,16
1869,kişiyə,16
1870,kəndi,16
1871,loğman,16
1872,ləl,16
1873,minib,16
1874,möhnət,16
1875,nan,16
1876,nazlı,16
1877,nağını,16
1878,olam,16
1879,olduğunu,16
1880,olmayan,16
1881,piri,16
1882,qabağında,16
1883,qal,16
1884,qaliba,16
1885,qanım,16
1886,qarğa,16
1887,qarı,16
1888,qaçdı,16
1889,qaçma,16
1890,qurbandı,16
1891,qıldım,16
1892,qəlb,16
1893,qərarım,16
1894,saxladı,16
1895,sinəsində,16
1896,siçan,16
1897,suyun,16
1898,sığmazam,16
1899,səadət,16
1900,tanrı,16
1901,tar,16
1902,təriqi,16
1903,verdin,16
1904,vuran,16
1905,vurma,16
1906,vеr,16
1907,xəbəri,16
1908,xəncəri,16
1909,yanaram,16
1910,yanı,16
1911,yеr,16
1912,zati,16
1913,ziba,16
1914,zikri,16
1915,ziyadə,16
1916,ziyan,16
1917,zülf,16
1918,çoxdan,16
1919,çıx,16
1920,çəkirəm,16
1921,çəmən,16
1922,çоx,16
1923,ölüncə,16
1924,özümü,16
1925,şamü,16
1926,şanə,16
1927,şeyda,16
1928,şiri,16
1929,şövqün,16
1930,şəha,16
1931,şərabi,16
1932,ǝldǝn,16
1933,ədəb,16
1934,əlbət,16
1935,əyyami,16
1936,əyər,16
1937,əziz,16
1938,əzizim,16
1939,əşkim,16
1940,еlədilər,16
1941,еşq,16
1942,altmış,15
1943,apar,15
1944,atam,15
1945,atıb,15
1946,avarə,15
1947,açar,15
1948,açıq,15
1949,ağac,15
1950,ağacı,15
1951,bağlayıb,15
1952,başda,15
1953,bilin,15
1954,bilməzsən,15
1955,birindən,15
1956,bixəbər,15
1957,buyur,15
1958,bərk,15
1959,bəyə,15
1960,camal,15
1961,cəfərullah,15
1962,cəmalın,15
1963,danış,15
1964,dağıldı,15
1965,deyəndə,15
1966,dilü,15
1967,dönmüş,15
1968,düşməyə,15
1969,dərviş,15
1970,elmü,15
1971,eləsin,15
1972,evi,15
1973,evinə,15
1974,eyləyə,15
1975,eşqdən,15
1976,filan,15
1977,fitnə,15
1978,fələkdən,15
1979,görmüş,15
1980,görsənər,15
1981,günündə,15
1982,güzər,15
1983,gəlirdi,15
1984,gеtmə,15
1985,hala,15
1986,hicranın,15
1987,hilal,15
1988,hədyan,15
1989,hеyvan,15
1990,irişdi,15
1991,istə,15
1992,istərsən,15
1993,ixtiyar,15
1994,içün,15
1995,k,15
1996,kül,15
1997,kədər,15
1998,kəlam,15
1999,kəsər,15
2000,lal,15
2001,lazımdır,15
2002,ləbləri,15
2003,mar,15
2004,möhnətü,15
2005,möhtac,15
2006,müyəssər,15
2007,müşk,15
2008,məclisdəkilər,15
2009,mədh,15
2010,məkan,15
2011,mənimlə,15
2012,mərcan,15
2013,namərd,15
2014,neylərəm,15
2015,nəqş,15
2016,nər,15
2017,olduğu,15
2018,olmuşdu,15
2019,oyan,15
2020,peykan,15
2021,peykanın,15
2022,pənah,15
2023,qandır,15
2024,qanlar,15
2025,qanına,15
2026,qurbana,15
2027,qurbanı,15
2028,qəmim,15
2029,rahi,15
2030,razi,15
2031,rişteyi,15
2032,rüxsarın,15
2033,saldın,15
2034,sanasan,15
2035,sifət,15
2036,sinəmdə,15
2037,sinəsi,15
2038,smayıl,15
2039,solaxqəy,15
2040,sordum,15
2041,səbəb,15
2042,səfər,15
2043,səməd,15
2044,tac,15
2045,tuta,15
2046,tülkü,15
2047,təbi,15
2048,təmiz,15
2049,tеzdən,15
2050,usuf,15
2051,vaqifin,15
2052,verim,15
2053,viranə,15
2054,xanı,15
2055,xub,15
2056,xəcil,15
2057,xətti,15
2058,yandım,15
2059,yatdı,15
2060,yayıldı,15
2061,yel,15
2062,yeli,15
2063,yoluna,15
2064,yuxuda,15
2065,zad,15
2066,zarü,15
2067,zindan,15
2068,zöhrə,15
2069,zəncir,15
2070,çəkməz,15
2071,ömrü,15
2072,ülfət,15
2073,şer,15
2074,şövq,15
2075,şəb,15
2076,şəhri,15
2077,şəkkər,15
2078,şəmsü,15
2079,şəxs,15
2080,şəyird,15
2081,əfğan,15
2082,əfəndi,15
2083,ələsgərdi,15
2084,əsəri,15
2085,еl,15
2086,еvdə,15
2087,abad,14
2088,abbas,14
2089,alan,14
2090,alar,14
2091,anası,14
2092,anaxanıma,14
2093,aram,14
2094,ariflər,14
2095,arı,14
2096,atlarını,14
2097,ayağından,14
2098,ayəti,14
2099,azar,14
2100,açılanda,14
2101,açılır,14
2102,ağı,14
2103,aşina,14
2104,balası,14
2105,baxa,14
2106,bağiban,14
2107,betər,14
2108,bular,14
2109,bəladan,14
2110,bənövşə,14
2111,bərqi,14
2112,camaata,14
2113,camalını,14
2114,cəfər,14
2115,darının,14
2116,dava,14
2117,demirəm,14
2118,desin,14
2119,dilbəri,14
2120,diqqətlə,14
2121,div,14
2122,dodağı,14
2123,doqquz,14
2124,dəvə,14
2125,dеdiyi,14
2126,edəsən,14
2127,evin,14
2128,evə,14
2129,eyləyim,14
2130,eşidib,14
2131,fikr,14
2132,fikrinə,14
2133,fəth,14
2134,gedǝr,14
2135,gedək,14
2136,gir,14
2137,girməz,14
2138,gördün,14
2139,görməyə,14
2140,göyçəli,14
2141,gözünün,14
2142,gözəldir,14
2143,gülşəni,14
2144,gǝl,14
2145,gǝr,14
2146,gəlibsən,14
2147,gəzir,14
2148,gеdən,14
2149,haraya,14
2150,haşa,14
2151,hicrində,14
2152,hurü,14
2153,hökmü,14
2154,hə,14
2155,həmən,14
2156,həqiqət,14
2157,ikisi,14
2158,incə,14
2159,iyid,14
2160,izhari,14
2161,içdi,14
2162,içmək,14
2163,kafər,14
2164,kani,14
2165,köynək,14
2166,kəmər,14
2167,kərbəlayı,14
2168,kəsmə,14
2169,mehr,14
2170,mehriban,14
2171,meyvə,14
2172,mişki,14
2173,möhkəm,14
2174,mövla,14
2175,müştəri,14
2176,məclisi,14
2177,məmiş,14
2178,mənsur,14
2179,məğrur,14
2180,nazü,14
2181,ne,14
2182,nemət,14
2183,neçin,14
2184,nisbət,14
2185,nun,14
2186,nuş,14
2187,olarsan,14
2188,oldı,14
2189,olurdu,14
2190,oxşayır,14
2191,oğlana,14
2192,pərdə,14
2193,qalmasın,14
2194,qatında,14
2195,qaçar,14
2196,qoymadı,14
2197,qılman,14
2198,qılınc,14
2199,qırx,14
2200,qızdar,14
2201,qızılvəngə,14
2202,qədri,14
2203,qəmü,14
2204,rüxi,14
2205,rəqib,14
2206,sadiq,14
2207,sahib,14
2208,saxla,14
2209,say,14
2210,saçar,14
2211,seyli,14
2212,stər,14
2213,sultanım,14
2214,susadı,14
2215,suya,14
2216,sözdən,14
2217,səbrü,14
2218,səltənət,14
2219,taban,14
2220,taci,14
2221,taət,14
2222,tutan,14
2223,tutma,14
2224,tutmaz,14
2225,tök,14
2226,tədbir,14
2227,təmam,14
2228,tərifi,14
2229,təzədən,14
2230,u,14
2231,vacib,14
2232,varıydı,14
2233,verdilər,14
2234,vеrmədi,14
2235,xitab,14
2236,xudaya,14
2237,yanşağa,14
2238,yanə,14
2239,yaxın,14
2240,yaxşıdı,14
2241,yaylağına,14
2242,yaza,14
2243,yеrindən,14
2244,yеtişdi,14
2245,zaye,14
2246,zülmət,14
2247,zənciri,14
2248,çara,14
2249,çoxları,14
2250,çıxmaz,14
2251,çıxmış,14
2252,özünün,14
2253,şahım,14
2254,əlinin,14
2255,əzəldə,14
2256,əğyar,14
2257,еvlərinə,14
2258,еşqin,14
2259,оlub,14
2260,оndan,14
2261,abid,13
2262,agah,13
2263,allahın,13
2264,arizu,13
2265,arvadı,13
2266,ayın,13
2267,azərbaycan,13
2268,ağzına,13
2269,bacı,13
2270,baxan,13
2271,bilə,13
2272,boynuma,13
2273,boynuna,13
2274,bulmuşam,13
2275,bunları,13
2276,bürhan,13
2277,büt,13
2278,bəm,13
2279,bəylərin,13
2280,bəzm,13
2281,bəzən,13
2282,cah,13
2283,calalı,13
2284,ciyərim,13
2285,cəhənnəm,13
2286,cəllad,13
2287,dadlı,13
2288,daima,13
2289,davam,13
2290,dayandı,13
2291,dersəm,13
2292,desə,13
2293,desəm,13
2294,deyilsən,13
2295,deyək,13
2296,dildə,13
2297,diqqət,13
2298,divan,13
2299,diyari,13
2300,dostluq,13
2301,dostuna,13
2302,durma,13
2303,durnalar,13
2304,dövranı,13
2305,dürr,13
2306,düzünü,13
2307,düçar,13
2308,düşmədi,13
2309,dəhanın,13
2310,dərmanı,13
2311,dеyirəm,13
2312,dеyəndə,13
2313,edibdir,13
2314,eldən,13
2315,elədilər,13
2316,erməni,13
2317,fil,13
2318,fələkdə,13
2319,göhər,13
2320,görmədi,13
2321,göründü,13
2322,göstərdi,13
2323,göyün,13
2324,gözümün,13
2325,gülşəndə,13
2326,gəldiyini,13
2327,gərdun,13
2328,gətirir,13
2329,haqqın,13
2330,həcərin,13
2331,həqiqətdən,13
2332,həvəs,13
2333,imanım,13
2334,iqrar,13
2335,irəməz,13
2336,istəyir,13
2337,içindǝ,13
2338,işarə,13
2339,külək,13
2340,kürk,13
2341,kənddə,13
2342,leyli,13
2343,ma,13
2344,mikail,13
2345,miskin,13
2346,misli,13
2347,mömin,13
2348,müjgan,13
2349,müxənnət,13
2350,mǝndǝdir,13
2351,mǝnim,13
2352,məhrum,13
2353,məqam,13
2354,mərdü,13
2355,məsələ,13
2356,mətləbi,13
2357,məşhur,13
2358,namaz,13
2359,namə,13
2360,naçar,13
2361,neyləyim,13
2362,nifrət,13
2363,nuh,13
2364,nuru,13
2365,nəşə,13
2366,olarsa,13
2367,onundur,13
2368,ovçu,13
2369,qaldılar,13
2370,qalmaz,13
2371,qanə,13
2372,qarabağ,13
2373,qardaşları,13
2374,qaçaq,13
2375,qoydular,13
2376,qurtardı,13
2377,quşu,13
2378,qüdrəti,13
2379,qüdrətin,13
2380,qəlbimə,13
2381,qəmgin,13
2382,qərəz,13
2383,rahat,13
2384,rüsva,13
2385,saya,13
2386,sevdiyim,13
2387,seyd,13
2388,sinən,13
2389,srafil,13
2390,stədi,13
2391,sufi,13
2392,sultani,13
2393,sözlərini,13
2394,sübhə,13
2395,süfrə,13
2396,səhnəbanının,13
2397,tapşırmasını,13
2398,tikan,13
2399,tirə,13
2400,toyda,13
2401,tuti,13
2402,töhfə,13
2403,tövbə,13
2404,vaqifəm,13
2405,varıymış,13
2406,vaxtında,13
2407,vermədi,13
2408,vəfalı,13
2409,xabi,13
2410,xanımın,13
2411,xoşuna,13
2412,yaradıb,13
2413,yaxşıdır,13
2414,yazdım,13
2415,yağa,13
2416,yeksər,13
2417,yerim,13
2418,yerində,13
2419,yetişməz,13
2420,yə,13
2421,yеtmədi,13
2422,yеtər,13
2423,zil,13
2424,zünnar,13
2425,zеynal,13
2426,çalıb,13
2427,çağı,13
2428,ö,13
2429,öpüm,13
2430,ürəkdən,13
2431,ürəyi,13
2432,üstünü,13
2433,üzündür,13
2434,şadlıq,13
2435,şahmar,13
2436,şahə,13
2437,şikayət,13
2438,şərhi,13
2439,əhvalını,13
2440,əmr,13
2441,ənbərin,13
2442,ətri,13
2443,оlum,13
2444,ab,12
2445,adəmi,12
2446,afəti,12
2447,aldanma,12
2448,aldım,12
2449,almağa,12
2450,alsın,12
2451,aləmdən,12
2452,aləmin,12
2453,anaxanımı,12
2454,ani,12
2455,arpa,12
2456,asta,12
2457,atan,12
2458,atları,12
2459,axtar,12
2460,ayağına,12
2461,ayineyi,12
2462,açma,12
2463,açım,12
2464,ağacdan,12
2465,ağla,12
2466,ağlın,12
2467,aşiqlərin,12
2468,badeyi,12
2469,bilərsən,12
2470,birdir,12
2471,buldum,12
2472,bulud,12
2473,bəmini,12
2474,cavanların,12
2475,cüm,12
2476,cǝmalın,12
2477,dari,12
2478,dağlara,12
2479,dağıdıb,12
2480,dağılsın,12
2481,dilini,12
2482,dini,12
2483,dinlə,12
2484,dolansın,12
2485,dura,12
2486,dönməzəm,12
2487,dövrani,12
2488,dəclə,12
2489,dərdindən,12
2490,dəryayi,12
2491,edirdi,12
2492,etməgil,12
2493,etsən,12
2494,eyləməynən,12
2495,eşqdə,12
2496,eşşək,12
2497,fikrini,12
2498,fikrə,12
2499,geydi,12
2500,geyib,12
2501,görcəyin,12
2502,görsən,12
2503,görürəm,12
2504,görərsən,12
2505,göstər,12
2506,gözəlin,12
2507,güruhi,12
2508,gəlibdi,12
2509,gələydi,12
2510,gеri,12
2511,halımı,12
2512,haqqa,12
2513,hayıfsan,12
2514,hikmətin,12
2515,hümmət,12
2516,həqdir,12
2517,həqqin,12
2518,hərdən,12
2519,həsrətini,12
2520,həyatın,12
2521,ildə,12
2522,iraq,12
2523,istəsə,12
2524,iti,12
2525,işrət,12
2526,keyfiyyəti,12
2527,küfr,12
2528,la,12
2529,lütfi,12
2530,ləlin,12
2531,ləzzəti,12
2532,mahalı,12
2533,məclisinə,12
2534,mərhəba,12
2535,məryəm,12
2536,nari,12
2537,nazənin,12
2538,neysan,12
2539,niyaz,12
2540,nişanası,12
2541,nsaf,12
2542,nədəndir,12
2543,nəsihət,12
2544,olmasaydı,12
2545,oturub,12
2546,otuz,12
2547,oxurlar,12
2548,oğlunu,12
2549,piyada,12
2550,qalar,12
2551,qalxar,12
2552,qatı,12
2553,qeyr,12
2554,qol,12
2555,qovğa,12
2556,qoydum,12
2557,qılıncı,12
2558,qəlbin,12
2559,qəlbində,12
2560,qəmdə,12
2561,qənd,12
2562,qəsd,12
2563,qəti,12
2564,raq,12
2565,rövzeyi,12
2566,rədd,12
2567,rəvanım,12
2568,sakit,12
2569,saqiya,12
2570,sayeyi,12
2571,sevda,12
2572,sevən,12
2573,simü,12
2574,sona,12
2575,sücud,12
2576,sün,12
2577,sünbülün,12
2578,sürahi,12
2579,sürmə,12
2580,süzən,12
2581,sǝnǝm,12
2582,səda,12
2583,sərraf,12
2584,sərvə,12
2585,səsini,12
2586,tamama,12
2587,tapa,12
2588,tazələ,12
2589,töküldü,12
2590,tüğyan,12
2591,təbiət,12
2592,təlim,12
2593,tərkin,12
2594,uşaqlar,12
2595,vermək,12
2596,verməzəm,12
2597,vücudin,12
2598,vüsalə,12
2599,vəqti,12
2600,x,12
2601,xam,12
2602,xidmət,12
2603,xülasə,12
2604,xətayi,12
2605,xətin,12
2606,xəttü,12
2607,xеyli,12
2608,yanından,12
2609,yaylaq,12
2610,yaylağa,12
2611,yayın,12
2612,yaşın,12
2613,yaşını,12
2614,yerin,12
2615,yetir,12
2616,yetirdi,12
2617,yetǝr,12
2618,yüzün,12
2619,z,12
2620,zülali,12
2621,çəkməkdən,12
2622,çəkməçi,12
2623,öldür,12
2624,ömrün,12
2625,ötəri,12
2626,özümə,12
2627,ümid,12
2628,ürəyində,12
2629,üzümə,12
2630,üçündür,12
2631,üştə,12
2632,şahidi,12
2633,şapəri,12
2634,şimdi,12
2635,şövqi,12
2636,şəmkirli,12
2637,şərabı,12
2638,şəriət,12
2639,əhlinin,12
2640,əlacı,12
2641,əlimdə,12
2642,əmanət,12
2643,əqlin,12
2644,ərşin,12
2645,əyləşdi,12
2646,əz,12
2647,е,12
2648,adamlardan,11
2649,adına,11
2650,aldın,11
2651,allahı,11
2652,alsa,11
2653,alım,11
2654,asar,11
2655,atalar,11
2656,atar,11
2657,axan,11
2658,axir,11
2659,aydın,11
2660,açan,11
2661,ağlaram,11
2662,aşiyan,11
2663,bad,11
2664,bada,11
2665,basıb,11
2666,bilmirdi,11
2667,birbaş,11
2668,böhtan,11
2669,bədəni,11
2670,bəhlul,11
2671,bər,11
2672,bəxtim,11
2673,bəyaz,11
2674,c,11
2675,camalına,11
2676,camı,11
2677,canda,11
2678,candır,11
2679,cavanlar,11
2680,cövlan,11
2681,cənnətin,11
2682,dami,11
2683,daməni,11
2684,danışa,11
2685,dağına,11
2686,daşın,11
2687,deyildir,11
2688,deyirdi,11
2689,deyəndən,11
2690,dillə,11
2691,divar,11
2692,diyar,11
2693,dişin,11
2694,dodaq,11
2695,duman,11
2696,dü,11
2697,dəmlər,11
2698,dərində,11
2699,dеmə,11
2700,edirlər,11
2701,eləyim,11
2702,etmişdi,11
2703,etsəm,11
2704,eybi,11
2705,eyşü,11
2706,eşit,11
2707,eşqdir,11
2708,fatma,11
2709,fikrim,11
2710,fəraqın,11
2711,gedim,11
2712,gedirəm,11
2713,getsin,11
2714,girmə,11
2715,girəndə,11
2716,gözlədilər,11
2717,gözlərinə,11
2718,gözümə,11
2719,gülbərgi,11
2720,güldən,11
2721,gülzarə,11
2722,gülüm,11
2723,günah,11
2724,gündür,11
2725,günüm,11
2726,gədə,11
2727,gəlgil,11
2728,gəlməsün,11
2729,gətirər,11
2730,gəzdim,11
2731,gəzmə,11
2732,gеtməz,11
2733,hacət,11
2734,havası,11
2735,heyrət,11
2736,huşum,11
2737,hərəsi,11
2738,həvadən,11
2739,illər,11
2740,in,11
2741,istəyən,11
2742,işdə,11
2743,kam,11
2744,kağızın,11
2745,keçir,11
2746,keçmişəm,11
2747,kimdi,11
2748,kimsəyə,11
2749,kirpigin,11
2750,kuyinə,11
2751,kəbab,11
2752,kəmalə,11
2753,kəsb,11
2754,libası,11
2755,löi,11
2756,me,11
2757,minnət,11
2758,mirzə,11
2759,mizan,11
2760,murad,11
2761,mıqıç,11
2762,mərdanə,11
2763,məstin,11
2764,məsələni,11
2765,nagah,11
2766,namus,11
2767,narın,11
2768,neylər,11
2769,nigarım,11
2770,nisar,11
2771,nişə,11
2772,olalı,11
2773,olmağa,11
2774,onunçün,11
2775,ordan,11
2776,ortalığa,11
2777,ortaya,11
2778,oxudum,11
2779,oxumağa,11
2780,oxuyuram,11
2781,parça,11
2782,pərvanətək,11
2783,qabağa,11
2784,qandasan,11
2785,qanını,11
2786,qapıdan,11
2787,qapıya,11
2788,qarşısında,11
2789,qazan,11
2790,qolundan,11
2791,qorxma,11
2792,qoçaq,11
2793,qurtar,11
2794,quşlar,11
2795,qüdrət,11
2796,qılmaq,11
2797,qılsın,11
2798,qırıldı,11
2799,qəddimi,11
2800,qəddinə,11
2801,qəhr,11
2802,qəlbimi,11
2803,qəmxar,11
2804,qəribə,11
2805,qəsdinə,11
2806,qətreyi,11
2807,riya,11
2808,rüxündən,11
2809,rəhimin,11
2810,rəhməti,11
2811,rəngli,11
2812,rəvadır,11
2813,rəşki,11
2814,salsın,11
2815,saxsı,11
2816,sayəsində,11
2817,sel,11
2818,sevdayi,11
2819,seyyidi,11
2820,sizlərə,11
2821,suzi,11
2822,söylənir,11
2823,sözdür,11
2824,sübhün,11
2825,sünbül,11
2826,sığmaz,11
2827,səhv,11
2828,sərvəri,11
2829,səvab,11
2830,t,11
2831,tale,11
2832,talib,11
2833,talibi,11
2834,tapşırdı,11
2835,tiri,11
2836,təhər,11
2837,təlx,11
2838,tənim,11
2839,tərəfdə,11
2840,unut,11
2841,uğrar,11
2842,vallah,11
2843,vermədin,11
2844,xaliqi,11
2845,xaloğlu,11
2846,xalqa,11
2847,xud,11
2848,xuraman,11
2849,xəti,11
2850,xеyirliklə,11
2851,yalnız,11
2852,yarü,11
2853,yazan,11
2854,yazmış,11
2855,yeridi,11
2856,yetməz,11
2857,zalim,11
2858,zarə,11
2859,zikr,11
2860,zilini,11
2861,zəhər,11
2862,çaki,11
2863,çatmaz,11
2864,çoxusu,11
2865,çıxa,11
2866,çəkdiyim,11
2867,çəkildi,11
2868,çəksin,11
2869,çəməndə,11
2870,çох,11
2871,ölən,11
2872,önündə,11
2873,ürəyimdə,11
2874,üstümə,11
2875,üzdən,11
2876,şeyi,11
2877,şeyx,11
2878,şi,11
2879,şö,11
2880,ǝhli,11
2881,əcayib,11
2882,əfv,11
2883,əlac,11
2884,ələm,11
2885,əmələ,11
2886,ənəlhəq,11
2887,əskik,11
2888,əsəd,11
2889,əyə,11
2890,əzbər,11
2891,əzim,11
2892,əziyyət,11
2893,еtdi,11
2894,18,10
2895,adamları,10
2896,adamın,10
2897,alçaq,10
2898,anam,10
2899,arada,10
2900,arası,10
2901,avçı,10
2902,axırı,10
2903,ayda,10
2904,ayru,10
2905,açır,10
2906,ağladı,10
2907,ağlım,10
2908,ağız,10
2909,aşıqların,10
2910,aşığa,10
2911,barabar,10
2912,baran,10
2913,bas,10
2914,baxtı,10
2915,bazara,10
2916,bağa,10
2917,bağda,10
2918,başımdan,10
2919,bilib,10
2920,bilməyən,10
2921,bilsən,10
2922,binəva,10
2923,birinci,10
2924,boylu,10
2925,budaq,10
2926,bunda,10
2927,büllur,10
2928,bǝnzǝr,10
2929,bərbad,10
2930,bəyənmir,10
2931,bəzənib,10
2932,cahil,10
2933,camaatı,10
2934,camahat,10
2935,canana,10
2936,cansız,10
2937,canımın,10
2938,cavabını,10
2939,cavidan,10
2940,cismimi,10
2941,cəhətdən,10
2942,dadı,10
2943,danaları,10
2944,danışdılar,10
2945,danışır,10
2946,danə,10
2947,dağa,10
2948,dağın,10
2949,daşa,10
2950,dediyi,10
2951,deməyə,10
2952,deyilmi,10
2953,dilimdə,10
2954,dilimi,10
2955,dodağından,10
2956,dolandım,10
2957,doyunca,10
2958,dövlətim,10
2959,dövlətin,10
2960,dövlətü,10
2961,dövridir,10
2962,düri,10
2963,düzdü,10
2964,düşmüşdür,10
2965,düşmənin,10
2966,düşmənə,10
2967,dərk,10
2968,dəryayə,10
2969,dеdilər,10
2970,dеyildi,10
2971,dеyə,10
2972,dеyən,10
2973,dеyəsən,10
2974,edənlər,10
2975,edərək,10
2976,elmdən,10
2977,etmǝk,10
2978,eyləyər,10
2979,eyş,10
2980,eşqindən,10
2981,feyz,10
2982,filani,10
2983,fəqir,10
2984,fəzl,10
2985,gedirdi,10
2986,göllər,10
2987,gördükdə,10
2988,görgəc,10
2989,görməsin,10
2990,görüşdülər,10
2991,göstərir,10
2992,göstərər,10
2993,gözlü,10
2994,gözləyir,10
2995,gühər,10
2996,günahım,10
2997,gəlhagəl,10
2998,gəlif,10
2999,gəlmir,10
3000,gətirdilər,10
3001,gətiribsən,10
3002,gəzib,10
3003,gеtdilər,10
3004,halda,10
3005,heyf,10
3006,hifz,10
3007,hikməti,10
3008,hiylə,10
3009,hökmi,10
3010,həftə,10
3011,həmdəmim,10
3012,həvayi,10
3013,həzar,10
3014,ibadət,10
3015,idin,10
3016,iltifat,10
3017,ilǝn,10
3018,imami,10
3019,inayət,10
3020,intizar,10
3021,irazı,10
3022,irəli,10
3023,istəsən,10
3024,iyidin,10
3025,içsə,10
3026,işini,10
3027,kaman,10
3028,kifayətdir,10
3029,kiçik,10
3030,könlümdə,10
3031,kəklik,10
3032,kən,10
3033,kərə,10
3034,kəsi,10
3035,kəsir,10
3036,leylü,10
3037,ləlü,10
3038,mahala,10
3039,mail,10
3040,manatı,10
3041,mat,10
3042,mehrü,10
3043,meydən,10
3044,meylə,10
3045,mirza,10
3046,mötəbər,10
3047,mübtəla,10
3048,müddətdi,10
3049,mülkünə,10
3050,müxtəsəri,10
3051,müştaqiyəm,10
3052,məhrəm,10
3053,məhəbbətin,10
3054,məhərrəm,10
3055,mələkdir,10
3056,mənzili,10
3057,məscid,10
3058,mеydana,10
3059,nab,10
3060,naseh,10
3061,navəki,10
3062,neyçün,10
3063,nisbǝtlidir,10
3064,nşallah,10
3065,nǝdir,10
3066,nəqdi,10
3067,nərə,10
3068,nəsnə,10
3069,nəzəri,10
3070,nеçün,10
3071,odun,10
3072,odundan,10
3073,olarmı,10
3074,olduqca,10
3075,olmadım,10
3076,onnan,10
3077,oradan,10
3078,ordu,10
3079,oturmuş,10
3080,oxudular,10
3081,oğru,10
3082,oğrun,10
3083,paltar,10
3084,piyalə,10
3085,pula,10
3086,pullu,10
3087,pərdeyi,10
3088,qabaqda,10
3089,qabil,10
3090,qaf,10
3091,qalmış,10
3092,qalxdı,10
3093,qalıbdır,10
3094,qanıma,10
3095,qapısına,10
3096,qarət,10
3097,qasid,10
3098,qaş,10
3099,qaşınla,10
3100,qibləm,10
3101,qiymətli,10
3102,qonu,10
3103,qopar,10
3104,qoyan,10
3105,qönçeyi,10
3106,qürbətdə,10
3107,qüssədən,10
3108,qılmadı,10
3109,qızım,10
3110,qǝlǝndǝr,10
3111,qəddim,10
3112,qədrin,10
3113,qəflət,10
3114,qəhri,10
3115,qəlbimin,10
3116,qəlbini,10
3117,qəmə,10
3118,rus,10
3119,rüxsar,10
3120,rəf,10
3121,sadə,10
3122,sakin,10
3123,salsa,10
3124,salıbsan,10
3125,saman,10
3126,sanı,10
3127,saqiyi,10
3128,saza,10
3129,sağı,10
3130,sağər,10
3131,seyid,10
3132,sinəmə,10
3133,sirişkim,10
3134,siyəh,10
3135,sorma,10
3136,suda,10
3137,sudan,10
3138,sözlər,10
3139,sözünün,10
3140,sərinə,10
3141,sərvin,10
3142,səyyad,10
3143,sәn,10
3144,tapdım,10
3145,tiğin,10
3146,ucu,10
3147,ud,10
3148,unutma,10
3149,ustadı,10
3150,uçar,10
3151,vura,10
3152,vəch,10
3153,vədə,10
3154,vəqt,10
3155,vəsf,10
3156,xal,10
3157,xalı,10
3158,xanıma,10
3159,xarü,10
3160,xeyri,10
3161,xilas,10
3162,xudayi,10
3163,xurma,10
3164,xəlvət,10
3165,xərc,10
3166,y,10
3167,yanda,10
3168,yandırır,10
3169,yanmış,10
3170,yanır,10
3171,yaralı,10
3172,yaram,10
3173,yazdığı,10
3174,yetməzmi,10
3175,yeyib,10
3176,yеridi,10
3177,zahidi,10
3178,zahidin,10
3179,zamanda,10
3180,zat,10
3181,zinət,10
3182,ziyad,10
3183,zühur,10
3184,zənəxdanın,10
3185,zərrin,10
3186,çal,10
3187,çağırır,10
3188,çeşmin,10
3189,çiyninə,10
3190,çırağı,10
3191,çıxanda,10
3192,çıxmadı,10
3193,çəkirsən,10
3194,çəkmişəm,10
3195,çəng,10
3196,ürfan,10
3197,üstündən,10
3198,üzüldü,10
3199,şəhrə,10
3200,şəninə,10
3201,şəri,10
3202,əbədi,10
3203,əfsana,10
3204,əfzun,10
3205,əkbər,10
3206,əmri,10
3207,əridi,10
3208,ərənlər,10
3209,əsrari,10
3210,əsədullahın,10
3211,ət,10
3212,ətəgin,10
3213,əvvəlki,10
3214,əvəzi,10
3215,əzm,10
3216,оldu,10
3217,оnun,10
3218,abü,9
3219,aciz,9
3220,ahı,9
3221,altun,9
3222,anla,9
3223,ari,9
3224,arzu,9
3225,axşama,9
3226,ayırdı,9
3227,aça,9
3228,açmış,9
3229,açılmış,9
3230,ağlamaq,9
3231,ağlayır,9
3232,ağrımaz,9
3233,ağzın,9
3234,ağzından,9
3235,bayatı,9
3236,bazar,9
3237,bağlamış,9
3238,bağışla,9
3239,başdadı,9
3240,başımda,9
3241,bilmərəm,9
3242,birlə,9
3243,birtəhər,9
3244,boynu,9
3245,boz,9
3246,bulmuş,9
3247,bədənim,9
3248,bəlayə,9
3249,bənzəyir,9
3250,bərhəm,9
3251,bəyi,9
3252,cahana,9
3253,cahanə,9
3254,canımdan,9
3255,car,9
3256,cəmalından,9
3257,cənnətə,9
3258,cəza,9
3259,dadına,9
3260,dalına,9
3261,dan,9
3262,darda,9
3263,dağların,9
3264,dağılıb,9
3265,derlǝr,9
3266,deyirdin,9
3267,diş,9
3268,dişlərin,9
3269,dolub,9
3270,dostlar,9
3271,dun,9
3272,döndərib,9
3273,dövlətli,9
3274,dövlətə,9
3275,döyül,9
3276,dünyani,9
3277,dünyavü,9
3278,dünü,9
3279,dürüst,9
3280,düzəltdi,9
3281,düşmüşdü,9
3282,düşməndən,9
3283,düşməni,9
3284,düşübdür,9
3285,dəftəri,9
3286,dəftərə,9
3287,dəni,9
3288,dərhal,9
3289,dəri,9
3290,dəvət,9
3291,edəm,9
3292,ellər,9
3293,elmə,9
3294,eləməz,9
3295,etdigim,9
3296,etməzmidim,9
3297,eydi,9
3298,eylǝmiş,9
3299,eyləgəc,9
3300,f,9
3301,füzulidən,9
3302,füzulini,9
3303,füzun,9
3304,fəqirə,9
3305,fəqət,9
3306,fəraq,9
3307,fəzayi,9
3308,gec,9
3309,gen,9
3310,getdilər,9
3311,geysin,9
3312,giləyə,9
3313,guşeyi,9
3314,gördük,9
3315,görmə,9
3316,görməmişdi,9
3317,görəydim,9
3318,götürür,9
3319,gözəlsən,9
3320,gülləsi,9
3321,gülümsünüb,9
3322,gülüstana,9
3323,gülüşdü,9
3324,gülüşdülər,9
3325,gülər,9
3326,güzar,9
3327,gəlmişdi,9
3328,gərdişi,9
3329,gətirsin,9
3330,gətirən,9
3331,gəzə,9
3332,gеdəcəkdir,9
3333,hakim,9
3334,hakimi,9
3335,hamıdan,9
3336,hasili,9
3337,hekayət,9
3338,hicab,9
3339,hǝq,9
3340,həbib,9
3341,həll,9
3342,həmi,9
3343,hərçənd,9
3344,həsrətin,9
3345,həvəsi,9
3346,həyatım,9
3347,həzrəti,9
3348,həşr,9
3349,insana,9
3350,insanı,9
3351,iqbal,9
3352,isbat,9
3353,ismi,9
3354,istəyirsən,9
3355,istəyə,9
3356,itə,9
3357,iynə,9
3358,içrǝ,9
3359,içən,9
3360,işdir,9
3361,kamalı,9
3362,kan,9
3363,karı,9
3364,keçib,9
3365,keçsinmi,9
3366,kimsənə,9
3367,könlündə,9
3368,könüldə,9
3369,kövnü,9
3370,kü,9
3371,küstax,9
3372,kəman,9
3373,kənddən,9
3374,lala,9
3375,laməkan,9
3376,lələ,9
3377,lənət,9
3378,maliki,9
3379,malın,9
3380,mam,9
3381,meyə,9
3382,misri,9
3383,muradım,9
3384,mühəyya,9
3385,mülk,9
3386,mülkündə,9
3387,müstəkəm,9
3388,müğənni,9
3389,mǝst,9
3390,məhəmmədi,9
3391,məhəmmədin,9
3392,məkanı,9
3393,məqsud,9
3394,məscidin,9
3395,məsiha,9
3396,məşğul,9
3397,narə,9
3398,neməti,9
3399,nicat,9
3400,nidə,9
3401,nidən,9
3402,nigara,9
3403,nişani,9
3404,nüsrət,9
3405,nəbi,9
3406,nəcəf,9
3407,nəfsi,9
3408,nəfəsi,9
3409,nəyin,9
3410,nә,9
3411,olmamış,9
3412,olunca,9
3413,olursa,9
3414,olursan,9
3415,oyun,9
3416,oğlanın,9
3417,padşahi,9
3418,paki,9
3419,pasiban,9
3420,peyman,9
3421,peşman,9
3422,pər,9
3423,pərgar,9
3424,pərvaz,9
3425,qadın,9
3426,qaldırıb,9
3427,qanad,9
3428,qanımı,9
3429,qapdı,9
3430,qapına,9
3431,qaraçarqat,9
3432,qarışdı,9
3433,qaynar,9
3434,qayıdanda,9
3435,qayıtdılar,9
3436,qaç,9
3437,qaçıb,9
3438,qaşları,9
3439,qeyrət,9
3440,qilü,9
3441,qohumları,9
3442,qonağa,9
3443,qoya,9
3444,qoşa,9
3445,qulam,9
3446,quyruğu,9
3447,quzu,9
3448,qövmi,9
3449,qübari,9
3450,qılam,9
3451,qılar,9
3452,qılmışam,9
3453,qızlar,9
3454,ruhum,9
3455,rum,9
3456,rüsvayi,9
3457,rüхün,9
3458,rəhmət,9
3459,rəmzi,9
3460,rəsmdir,9
3461,rəğbət,9
3462,sala,9
3463,saqqalı,9
3464,saralıb,9
3465,satar,9
3466,saxlar,9
3467,saxlaya,9
3468,saçının,9
3469,simi,9
3470,simin,9
3471,soltan,9
3472,sonar,9
3473,sud,9
3474,sular,9
3475,sun,9
3476,surətdə,9
3477,söyləyim,9
3478,sözlə,9
3479,sübhan,9
3480,sünbüli,9
3481,sǝrvi,9
3482,səbadən,9
3483,səbrim,9
3484,səbzə,9
3485,səhnəbanıya,9
3486,səma,9
3487,sənət,9
3488,sərməst,9
3489,sеvmişəm,9
3490,sәnin,9
3491,tabı,9
3492,tanıdı,9
3493,tapmaz,9
3494,tarix,9
3495,tiğ,9
3496,toplaşdılar,9
3497,toydan,9
3498,tutmaq,9
3499,tutsa,9
3500,türk,9
3501,tǝk,9
3502,təbim,9
3503,təhsin,9
3504,təl,9
3505,təsir,9
3506,təxti,9
3507,təğyiri,9
3508,ulduzlar,9
3509,verəsən,9
3510,vücudi,9
3511,vüsalından,9
3512,vəqtidir,9
3513,vəslini,9
3514,xaliq,9
3515,xaqan,9
3516,xaç,9
3517,xof,9
3518,xoşuma,9
3519,xəstəyəm,9
3520,xət,9
3521,yaddan,9
3522,yanımda,9
3523,yardan,9
3524,yasəmən,9
3525,yağlı,9
3526,yaşına,9
3527,yeridir,9
3528,yesə,9
3529,yetiş,9
3530,yolları,9
3531,yurdu,9
3532,yuxarı,9
3533,yüzü,9
3534,zakir,9
3535,zarım,9
3536,zatın,9
3537,ziya,9
3538,züleyxa,9
3539,zülfündə,9
3540,zülfündən,9
3541,zəban,9
3542,zənbur,9
3543,çalış,9
3544,çarxı,9
3545,çağırdı,9
3546,çağırıb,9
3547,çini,9
3548,çörəkdən,9
3549,çıxsa,9
3550,çəkmək,9
3551,çəkməyə,9
3552,çеşmi,9
3553,öldürür,9
3554,öyüd,9
3555,ümman,9
3556,ümmid,9
3557,ümmətə,9
3558,ürəyimin,9
3559,ürəyin,9
3560,üstün,9
3561,üstǝ,9
3562,üzdə,9
3563,üşşaq,9
3564,ğazilər,9
3565,şadəm,9
3566,şahların,9
3567,şirə,9
3568,şə,9
3569,şəcər,9
3570,şəhidana,9
3571,şəhla,9
3572,şəhrini,9
3573,şəhvar,9
3574,şərbət,9
3575,şəyirdi,9
3576,şеytan,9
3577,əbri,9
3578,əbsəm,9
3579,əcəm,9
3580,əfəndim,9
3581,əhd,9
3582,əhdü,9
3583,əhməq,9
3584,əhvalı,9
3585,əlan,9
3586,əlilə,9
3587,ələsgərnən,9
3588,əm,9
3589,əmin,9
3590,əmiri,9
3591,əmrə,9
3592,əndamı,9
3593,əqlü,9
3594,ərzü,9
3595,ərş,9
3596,əsil,9
3597,əsrar,9
3598,əvvəlcə,9
3599,əyləşib,9
3600,əzrayıl,9
3601,əzəli,9
3602,əğyarə,9
3603,еləyirdi,9
3604,еvin,9
3605,еyləmə,9
3606,еşidənlər,9
3607,еşqə,9
3608,оlur,9
3609,adamdır,8
3610,adamlara,8
3611,adamıydı,8
3612,adil,8
3613,adətdir,8
3614,adəti,8
3615,afitabi,8
3616,alagöz,8
3617,alıbsan,8
3618,alırsan,8
3619,amin,8
3620,anlamaz,8
3621,aralı,8
3622,arami,8
3623,asari,8
3624,atdılar,8
3625,atəşə,8
3626,avara,8
3627,axar,8
3628,axtarır,8
3629,aşığı,8
3630,bab,8
3631,bahalıq,8
3632,bais,8
3633,balü,8
3634,bayaqkı,8
3635,başımı,8
3636,biabır,8
3637,bildirdi,8
3638,birdi,8
3639,bulağa,8
3640,bunlara,8
3641,bura,8
3642,buradakı,8
3643,buraxdı,8
3644,bülbülün,8
3645,bürci,8
3646,bürümə,8
3647,bədəndən,8
3648,bəlayi,8
3649,bənin,8
3650,bəyanə,8
3651,bəziləri,8
3652,camalı,8
3653,camın,8
3654,cananım,8
3655,cananın,8
3656,canlı,8
3657,ceyhun,8
3658,ceyran,8
3659,cinan,8
3660,cismin,8
3661,cümleyi,8
3662,cəfası,8
3663,cəmşid,8
3664,cəvab,8
3665,dada,8
3666,dam,8
3667,danladı,8
3668,dehqan,8
3669,demiş,8
3670,demişəm,8
3671,deyiləsi,8
3672,deyərəm,8
3673,dilbərim,8
3674,dilbərə,8
3675,dildarə,8
3676,dinar,8
3677,diraz,8
3678,dolandı,8
3679,dolanıb,8
3680,döndərdi,8
3681,dönüm,8
3682,dövranın,8
3683,düyün,8
3684,düşün,8
3685,düşür,8
3686,dǝm,8
3687,dǝxi,8
3688,dəgşirdim,8
3689,dəhrin,8
3690,dərmani,8
3691,dəryaya,8
3692,dəyirmana,8
3693,edibən,8
3694,edin,8
3695,edək,8
3696,ehya,8
3697,elədin,8
3698,eləmə,8
3699,eləyir,8
3700,endi,8
3701,ermənilər,8
3702,etdiyimdəndir,8
3703,etmǝkmolur,8
3704,etməsin,8
3705,eylǝ,8
3706,fikirdən,8
3707,fələyə,8
3708,fəqih,8
3709,fəsad,8
3710,fəğanım,8
3711,gedəndə,8
3712,genə,8
3713,getməz,8
3714,getsə,8
3715,girib,8
3716,gödək,8
3717,göndərdiyi,8
3718,göndərib,8
3719,gördügün,8
3720,görünən,8
3721,gözlərindən,8
3722,gözlərini,8
3723,gözəli,8
3724,gözəllikdə,8
3725,gülab,8
3726,gülgün,8
3727,günahı,8
3728,günlər,8
3729,gününü,8
3730,günəşi,8
3731,gǝlmişlǝrdǝnüz,8
3732,gǝlübdür,8
3733,gəhi,8
3734,gəlini,8
3735,gəlməyib,8
3736,gənə,8
3737,gətirməyə,8
3738,gеdəndən,8
3739,gеtsin,8
3740,halıma,8
3741,hamının,8
3742,hamısına,8
3743,hamıya,8
3744,haqdan,8
3745,haqqında,8
3746,harada,8
3747,haram,8
3748,hindu,8
3749,hübabi,8
3750,hüma,8
3751,hüseyni,8
3752,hüsnünü,8
3753,həlal,8
3754,həlqə,8
3755,həram,8
3756,hərarət,8
3757,həsəd,8
3758,həva,8
3759,həyatı,8
3760,həzaran,8
3761,icazə,8
3762,ikisinə,8
3763,ilin,8
3764,imanı,8
3765,imarət,8
3766,imkan,8
3767,incimərəm,8
3768,indən,8
3769,inə,8
3770,ipək,8
3771,istəmədi,8
3772,istərdim,8
3773,istəyirəm,8
3774,istəyəndə,8
3775,içdilər,8
3776,içi,8
3777,kakilin,8
3778,kari,8
3779,karvan,8
3780,keçirdi,8
3781,kimisi,8
3782,kiməm,8
3783,kişilər,8
3784,kuhi,8
3785,küncündǝdir,8
3786,kəc,8
3787,kəlamı,8
3788,kəsilib,8
3789,kеçməsin,8
3790,laçın,8
3791,ləbini,8
3792,ləfz,8
3793,ləziz,8
3794,ləşkəri,8
3795,mahalının,8
3796,mehrab,8
3797,meydanda,8
3798,millət,8
3799,minə,8
3800,mir,8
3801,mirvari,8
3802,misrə,8
3803,mu,8
3804,munca,8
3805,mur,8
3806,murdar,8
3807,müddəi,8
3808,münasib,8
3809,müxəmməs,8
3810,müənbər,8
3811,mǝni,8
3812,mǝnzilidir,8
3813,məhəbbətə,8
3814,məlal,8
3815,məqsədim,8
3816,mərdüm,8
3817,mərhəm,8
3818,məstü,8
3819,mətbəxi,8
3820,məzhəri,8
3821,nahar,8
3822,nalan,8
3823,naqis,8
3824,nisyə,8
3825,nurlu,8
3826,nəfəsim,8
3827,nəm,8
3828,nəql,8
3829,nərgis,8
3830,nəsrin,8
3831,nəzmə,8
3832,nəzərdən,8
3833,olaram,8
3834,olmayacaq,8
3835,olmağıl,8
3836,olmusan,8
3837,oluram,8
3838,oruc,8
3839,oxur,8
3840,paltarı,8
3841,papaq,8
3842,para,8
3843,paşa,8
3844,peyvəstə,8
3845,peyğəmbər,8
3846,pirim,8
3847,pislik,8
3848,pǝri,8
3849,pərişanə,8
3850,pərtövi,8
3851,qalu,8
3852,qanun,8
3853,qapında,8
3854,qapısın,8
3855,qapısını,8
3856,qaranlıq,8
3857,qaranın,8
3858,qarışqa,8
3859,qasım,8
3860,qazi,8
3861,qiblə,8
3862,qiyməti,8
3863,qocalıq,8
3864,qorxum,8
3865,qoymuşam,8
3866,qoysan,8
3867,qulağı,8
3868,qulağına,8
3869,qulluq,8
3870,qurd,8
3871,qurtarandan,8
3872,quruldu,8
3873,qüdrətdən,8
3874,qürbət,8
3875,qıla,8
3876,qıldın,8
3877,qızlara,8
3878,qızıldan,8
3879,qəddü,8
3880,qədi,8
3881,qədin,8
3882,qədrü,8
3883,qədəhi,8
3884,qəlyan,8
3885,qəmli,8
3886,qəmlə,8
3887,qənaət,8
3888,qəsdi,8
3889,qəvvas,8
3890,ruzigarım,8
3891,rüstəm,8
3892,rüxsari,8
3893,rüxsarına,8
3894,rəhimi,8
3895,safi,8
3896,saldılar,8
3897,sani,8
3898,sanır,8
3899,saxlamaz,8
3900,sazla,8
3901,saçı,8
3902,sevdası,8
3903,seyrinə,8
3904,sinədən,8
3905,sitəm,8
3906,sitəmindən,8
3907,sizdən,8
3908,stərəm,8
3909,susamış,8
3910,söndü,8
3911,söylədim,8
3912,söyüd,8
3913,sübhdəm,8
3914,sǝnindir,8
3915,sədri,8
3916,səfheyi,8
3917,səhərdən,8
3918,sərdən,8
3919,sərim,8
3920,sərvü,8
3921,səxa,8
3922,tacı,8
3923,tapmışam,8
3924,tapsın,8
3925,tapşırdım,8
3926,tarı,8
3927,tazədən,8
3928,tağı,8
3929,telləri,8
3930,tikdi,8
3931,tirmə,8
3932,tirü,8
3933,toplaşdı,8
3934,toyunu,8
3935,ttifaq,8
3936,tutdular,8
3937,tutdum,8
3938,tutmuşlar,8
3939,tökülən,8
3940,tünd,8
3941,türreyi,8
3942,tədbiri,8
3943,təmir,8
3944,təmənnayi,8
3945,təndə,8
3946,tərifini,8
3947,tərsinə,8
3948,təşneyi,8
3949,təşnə,8
3950,təəccüb,8
3951,təəllüq,8
3952,uca,8
3953,ulduz,8
3954,ulu,8
3955,umma,8
3956,uşağı,8
3957,uşbu,8
3958,varmıdır,8
3959,verrəm,8
3960,vücudim,8
3961,vücudum,8
3962,vəchi,8
3963,vəhm,8
3964,vəsfi,8
3965,vəslindən,8
3966,vеrsən,8
3967,xab,8
3968,xandadır,8
3969,xandan,8
3970,xandǝdir,8
3971,xaneyi,8
3972,xani,8
3973,xanlara,8
3974,xaqaniyəm,8
3975,xarə,8
3976,xun,8
3977,xələti,8
3978,xətər,8
3979,xəyalım,8
3980,yadıma,8
3981,yadından,8
3982,yahyoğlu,8
3983,yalqız,8
3984,yanağı,8
3985,yatan,8
3986,yaxa,8
3987,yazmışlar,8
3988,yazı,8
3989,yedi,8
3990,yetmişəm,8
3991,yetmədi,8
3992,yetən,8
3993,yeyən,8
3994,yoldaş,8
3995,yüküm,8
3996,yığıb,8
3997,yığıldı,8
3998,yəmən,8
3999,yəzdan,8
4000,yеdilər,8
4001,zahida,8
4002,zay,8
4003,zindana,8
4004,zirü,8
4005,ziyada,8
4006,zövqü,8
4007,zülfin,8
4008,zülfə,8
4009,zülməti,8
4010,zə,8
4011,zəbun,8
4012,zəhri,8
4013,zəman,8
4014,zəmanənin,8
4015,zəxmi,8
4016,çalar,8
4017,çaqqal,8
4018,çar,8
4019,çatar,8
4020,çağıdı,8
4021,çağır,8
4022,çoxlu,8
4023,çıxmır,8
4024,öküzü,8
4025,öküzün,8
4026,öldüm,8
4027,öldürdü,8
4028,ölü,8
4029,örtülü,8
4030,öydə,8
4031,ümidi,8
4032,ümmana,8
4033,üstündəki,8
4034,ğǝm,8
4035,şahbaz,8
4036,şivən,8
4037,şöylə,8
4038,şəbnəm,8
4039,şəhr,8
4040,şərəf,8
4041,əbcəd,8
4042,əfsanə,8
4043,əhsəni,8
4044,əhval,8
4045,əhvalım,8
4046,əjdaha,8
4047,əlimə,8
4048,ələsgərgilin,8
4049,əqlə,8
4050,əsdi,8
4051,əsl,8
4052,əti,8
4053,əyləş,8
4054,əysik,8
4055,еdər,8
4056,еv,8
4057,еylərəm,8
4058,хоş,8
4059,25,7
4060,3,7
4061,4,7
4062,80,7
4063,adamı,7
4064,afət,7
4065,aldadar,7
4066,almışam,7
4067,alsan,7
4068,alıya,7
4069,andadır,7
4070,anıb,7
4071,apardılar,7
4072,artır,7
4073,arvadlar,7
4074,asmana,7
4075,asudə,7
4076,atma,7
4077,axtarma,7
4078,aydan,7
4079,ayruq,7
4080,ayrıldı,7
4081,ayrılıq,7
4082,azdır,7
4083,açsın,7
4084,ağaca,7
4085,ağdı,7
4086,ağlına,7
4087,ağıllı,7
4088,aşağı,7
4089,aşıb,7
4090,badəni,7
4091,baisi,7
4092,baxar,7
4093,baxmadı,7
4094,bağlamanı,7
4095,bağrıma,7
4096,bağrın,7
4097,bağrına,7
4098,bağrını,7
4099,bağə,7
4100,başlarına,7
4101,behişti,7
4102,bica,7
4103,bigüman,7
4104,bilik,7
4105,bilim,7
4106,bilirdi,7
4107,bilmirsən,7
4108,bilmǝz,7
4109,bilmək,7
4110,bilmənəm,7
4111,bilməsə,7
4112,binayi,7
4113,birə,7
4114,bitər,7
4115,boynunda,7
4116,bulunca,7
4117,bulur,7
4118,buradan,7
4119,busə,7
4120,buxaq,7
4121,bülbüllər,7
4122,bülənd,7
4123,büsatı,7
4124,bədr,7
4125,bəg,7
4126,bəlaya,7
4127,bənəfşə,7
4128,bərqərar,7
4129,bəstə,7
4130,bəylik,7
4131,bəyləri,7
4132,bəylərə,7
4133,bəzi,7
4134,bəzək,7
4135,cadu,7
4136,cari,7
4137,cavana,7
4138,cibinə,7
4139,cism,7
4140,cuşə,7
4141,cövrün,7
4142,cümlǝ,7
4143,cəmalə,7
4144,cənnətü,7
4145,damağı,7
4146,damə,7
4147,daneyi,7
4148,danışanda,7
4149,daxi,7
4150,daşını,7
4151,deməsin,7
4152,dersən,7
4153,desən,7
4154,deyildi,7
4155,deyilən,7
4156,didə,7
4157,digər,7
4158,dilavər,7
4159,dilindən,7
4160,dilərəm,7
4161,dinim,7
4162,dinə,7
4163,diriğ,7
4164,diyara,7
4165,dizi,7
4166,dişi,7
4167,dodaqların,7
4168,doldur,7
4169,dostları,7
4170,doxsan,7
4171,doymaz,7
4172,durar,7
4173,durmadan,7
4174,duz,7
4175,döndərər,7
4176,dördüncü,7
4177,dövlətdən,7
4178,dövrdə,7
4179,dübarə,7
4180,dünyamalı,7
4181,dürrü,7
4182,düşmə,7
4183,düşübsən,7
4184,dədəm,7
4185,dəfi,7
4186,dəftər,7
4187,dəhanından,7
4188,dəhri,7
4189,dəhənin,7
4190,dəndan,7
4191,dərdlərə,7
4192,dəyməmiş,7
4193,dеyirdi,7
4194,dеyək,7
4195,edərdi,7
4196,ehsanın,7
4197,eliyə,7
4198,eləmişdi,7
4199,eləyirdilər,7
4200,endirir,7
4201,eyib,7
4202,eyləmişəm,7
4203,eşitcək,7
4204,eşqini,7
4205,fariğ,7
4206,fars,7
4207,fayda,7
4208,fikirləri,7
4209,fikrin,7
4210,fikrindən,7
4211,firqətindən,7
4212,fərq,7
4213,fəxri,7
4214,fəğanə,7
4215,gecənin,7
4216,gedin,7
4217,gedəndən,7
4218,geniş,7
4219,göftar,7
4220,göndər,7
4221,görmüşdü,7
4222,görməmiş,7
4223,görsün,7
4224,görüncə,7
4225,görür,7
4226,görüşmək,7
4227,göydü,7
4228,gözümdə,7
4229,gözəldi,7
4230,gülündən,7
4231,gülür,7
4232,gülüstanım,7
4233,günorta,7
4234,gǝrçi,7
4235,gəldiniz,7
4236,gəlmişdilər,7
4237,gəlməkdə,7
4238,gəlməyə,7
4239,gərdənə,7
4240,gəzdi,7
4241,gеcələr,7
4242,gеdibdi,7
4243,gеdirəm,7
4244,gеdər,7
4245,haqqı,7
4246,hesabı,7
4247,heydər,7
4248,http,7
4249,hu,7
4250,hübab,7
4251,hücum,7
4252,hüsnünün,7
4253,hǝqdǝn,7
4254,həcəri,7
4255,həddi,7
4256,həddən,7
4257,həkimi,7
4258,həvalə,7
4259,həyati,7
4260,ictinab,7
4261,idrak,7
4262,iftixar,7
4263,ikram,7
4264,ildir,7
4265,ilham,7
4266,ilk,7
4267,ilә,7
4268,imdi,7
4269,imtəhan,7
4270,insaf,7
4271,inəyi,7
4272,irsal,7
4273,istəkan,7
4274,iyiddi,7
4275,içmə,7
4276,işdi,7
4277,işində,7
4278,işləri,7
4279,kabab,7
4280,kafir,7
4281,kafü,7
4282,kanım,7
4283,keyvan,7
4284,kimsǝ,7
4285,kimsədən,7
4286,kimsənin,7
4287,kitabı,7
4288,konul,7
4289,kuyi,7
4290,kölgəsində,7
4291,könlünə,7
4292,könüldən,7
4293,kövkəbi,7
4294,küfrü,7
4295,künci,7
4296,kələk,7
4297,kənarında,7
4298,kənd,7
4299,kəslər,7
4300,kəşfi,7
4301,kеçib,7
4302,kеçmiş,7
4303,laf,7
4304,laləzar,7
4305,layiqdir,7
4306,lisan,7
4307,lölöi,7
4308,ləb,7
4309,ləmyəzəl,7
4310,maladеs,7
4311,malü,7
4312,mehrin,7
4313,mim,7
4314,misal,7
4315,misr,7
4316,munisim,7
4317,mübarək,7
4318,mükəddər,7
4319,mülkünü,7
4320,mülkünün,7
4321,müshəfi,7
4322,mütrüb,7
4323,müxtəlif,7
4324,müşki,7
4325,müşkil,7
4326,müşküldür,7
4327,mǝdǝd,7
4328,məclisdəkilərin,7
4329,mədəni,7
4330,məhrəmi,7
4331,məlaik,7
4332,məlik,7
4333,məlul,7
4334,mələkdi,7
4335,mənimtək,7
4336,mənzilə,7
4337,mərhəmət,7
4338,məsəl,7
4339,mеhri,7
4340,naləm,7
4341,naməni,7
4342,nanı,7
4343,necədir,7
4344,nigarın,7
4345,niqabı,7
4346,novruz,7
4347,nümayan,7
4348,nəfsini,7
4349,nəhar,7
4350,nəhayət,7
4351,nəhs,7
4352,nəzm,7
4353,nəş,7
4354,odlara,7
4355,odunda,7
4356,olacaqdı,7
4357,olana,7
4358,olaq,7
4359,olduq,7
4360,olduvü,7
4361,olduğum,7
4362,olduğuna,7
4363,olmur,7
4364,olmuşdurur,7
4365,olubsan,7
4366,oraya,7
4367,otağa,7
4368,oxların,7
4369,oxuduğu,7
4370,oxuyur,7
4371,oxuyurdu,7
4372,oxşamır,7
4373,padişahi,7
4374,papağı,7
4375,payız,7
4376,peyğəmbərin,7
4377,peşiman,7
4378,pristav,7
4379,pür,7
4380,püstə,7
4381,pərü,7
4382,qa,7
4383,qadir,7
4384,qail,7
4385,qaim,7
4386,qalanını,7
4387,qalx,7
4388,qalı,7
4389,qamət,7
4390,qamətim,7
4391,qamətindən,7
4392,qamətinə,7
4393,qani,7
4394,qanından,7
4395,qapıda,7
4396,qaradan,7
4397,qatil,7
4398,qaydadır,7
4399,qaymaq,7
4400,qaçmaq,7
4401,qaçır,7
4402,qaşa,7
4403,qaşü,7
4404,qeyrə,7
4405,qiyas,7
4406,qonağı,7
4407,qonur,7
4408,qoymuş,7
4409,qoysa,7
4410,qoyur,7
4411,qucaq,7
4412,qulami,7
4413,qulun,7
4414,qurmuş,7
4415,quyunun,7
4416,qüssə,7
4417,qılsam,7
4418,qılsan,7
4419,qılın,7
4420,qırdı,7
4421,qıya,7
4422,qışda,7
4423,qəbrimin,7
4424,qəfəs,7
4425,qəlbə,7
4426,qəltan,7
4427,qəmzeyi,7
4428,qəsəm,7
4429,qəzadan,7
4430,qеyri,7
4431,rahatlıq,7
4432,ran,7
4433,raz,7
4434,ruyi,7
4435,rübab,7
4436,rüxsarə,7
4437,rüşvət,7
4438,rə,7
4439,rəsmin,7
4440,sadağa,7
4441,sadağası,7
4442,salah,7
4443,salamatdı,7
4444,saldım,7
4445,sara,7
4446,sat,7
4447,sazlarını,7
4448,saç,7
4449,sağəri,7
4450,sevdi,7
4451,sifətli,7
4452,sildi,7
4453,sineyi,7
4454,sinəmi,7
4455,sirab,7
4456,sirat,7
4457,sirişk,7
4458,sirlər,7
4459,sitəmi,7
4460,sur,7
4461,suzan,7
4462,sözlərim,7
4463,sözümü,7
4464,sözümə,7
4465,sübhədək,7
4466,sınıq,7
4467,səbri,7
4468,səbəbi,7
4469,sədəfdir,7
4470,səfayi,7
4471,səfərdən,7
4472,səhnəbanıdan,7
4473,səhrayə,7
4474,sənəmin,7
4475,sənəmlər,7
4476,səpdi,7
4477,sərgəştə,7
4478,sərvər,7
4479,səvadi,7
4480,taam,7
4481,tabe,7
4482,tabi,7
4483,taki,7
4484,tap,7
4485,tapsa,7
4486,telli,7
4487,tifli,7
4488,tufanı,7
4489,tuli,7
4490,tutam,7
4491,tuş,7
4492,tökmə,7
4493,tökmək,7
4494,tökülüb,7
4495,tökür,7
4496,tökən,7
4497,tük,7
4498,tülək,7
4499,tǝki,7
4500,təb,7
4501,təmkini,7
4502,təqdiri,7
4503,təqrir,7
4504,tərcüman,7
4505,təriflədi,7
4506,tərifə,7
4507,tərs,7
4508,tərsa,7
4509,təslim,7
4510,təğafül,7
4511,tеlli,7
4512,umar,7
4513,urar,7
4514,vadiyi,7
4515,verdiyi,7
4516,vermişəm,7
4517,vilayət,7
4518,vuranda,7
4519,vü,7
4520,vücudu,7
4521,vücudun,7
4522,vüsali,7
4523,vǝslin,7
4524,vəfası,7
4525,vəhdət,7
4526,vəhyi,7
4527,vəzir,7
4528,xacə,7
4529,xahi,7
4530,xana,7
4531,xanda,7
4532,xaqanini,7
4533,xatiri,7
4534,xeyrü,7
4535,xorasan,7
4536,xoruz,7
4537,xoşbəxt,7
4538,xoşmudur,7
4539,xuban,7
4540,xubların,7
4541,xudadan,7
4542,xörəyi,7
4543,xəbərsiz,7
4544,xədəngi,7
4545,xədəngin,7
4546,xəlil,7
4547,xəlqin,7
4548,xəmi,7
4549,xəstəyə,7
4550,xətm,7
4551,xəyalə,7
4552,yalançı,7
4553,yannan,7
4554,yaquti,7
4555,yaratdı,7
4556,yas,7
4557,yazmışam,7
4558,yaşa,7
4559,yaşınmaq,7
4560,yelə,7
4561,yemək,7
4562,yetmiş,7
4563,yeydir,7
4564,yoxuydu,7
4565,yük,7
4566,yüzünü,7
4567,yıxdı,7
4568,yеrinə,7
4569,yоl,7
4570,za,7
4571,zahirdə,7
4572,zakiri,7
4573,zari,7
4574,zira,7
4575,zod,7
4576,zəbani,7
4577,zəbər,7
4578,zəfər,7
4579,zəif,7
4580,zəmanədə,7
4581,zənn,7
4582,zəri,7
4583,zərif,7
4584,çahi,7
4585,çala,7
4586,çaldı,7
4587,çarx,7
4588,çatdılar,7
4589,çatıb,7
4590,çeşm,7
4591,çuxa,7
4592,çıraq,7
4593,çıxardı,7
4594,çıxardıb,7
4595,çıxart,7
4596,çıxdım,7
4597,çəkdin,7
4598,çəkmədi,7
4599,çəksə,7
4600,çəkəndə,7
4601,çəkərsən,7
4602,çəkərəm,7
4603,çərxə,7
4604,öldürər,7
4605,ölməyincə,7
4606,ömri,7
4607,ömrümün,7
4608,ömrünü,7
4609,öpəydim,7
4610,övci,7
4611,övrət,7
4612,öyrənmək,7
4613,özgənin,7
4614,özlərini,7
4615,ün,7
4616,ürəyimdən,7
4617,üst,7
4618,üstü,7
4619,üstündǝdir,7
4620,üzümü,7
4621,ğəm,7
4622,şahlıq,7
4623,şami,7
4624,şamı,7
4625,şeri,7
4626,şeydən,7
4627,şikəstə,7
4628,şirindi,7
4629,şitab,7
4630,şöleyi,7
4631,şövkəti,7
4632,şüar,7
4633,şəmşəddin,7
4634,şərbəti,7
4635,şəxsi,7
4636,əbruyi,7
4637,ədl,7
4638,əfğanı,7
4639,əhvalatı,7
4640,əksin,7
4641,əlinnən,7
4642,əliylə,7
4643,əmmə,7
4644,ənbəri,7
4645,əncüm,7
4646,əndam,7
4647,əndəlib,7
4648,əra,7
4649,ərbabi,7
4650,əsas,7
4651,əsbabi,7
4652,ətək,7
4653,əvəz,7
4654,əyləşdilər,7
4655,еləsin,7
4656,еvi,7
4657,еyləmişəm,7
4658,оna,7
4659,оnlar,7
4660,1,6
4661,abı,6
4662,acıqlı,6
4663,adamdan,6
4664,addı,6
4665,adəmə,6
4666,ahuyi,6
4667,ahımdan,6
4668,ahən,6
4669,alaçıq,6
4670,aldılar,6
4671,almaz,6
4672,alosmana,6
4673,alov,6
4674,altına,6
4675,altından,6
4676,alıbdır,6
4677,alə,6
4678,aləmində,6
4679,anun,6
4680,araya,6
4681,arxa,6
4682,arxayın,6
4683,aslana,6
4684,atanın,6
4685,atdım,6
4686,atəşinə,6
4687,avam,6
4688,axdı,6
4689,ayaqdan,6
4690,ayağını,6
4691,ayrıca,6
4692,ayrıldıq,6
4693,ayrılıb,6
4694,ayıldı,6
4695,ayıq,6
4696,ayət,6
4697,azan,6
4698,azdan,6
4699,açılan,6
4700,açılmaz,6
4701,ağlımı,6
4702,ağsaqqal,6
4703,ağıldan,6
4704,ağılsız,6
4705,aşıqları,6
4706,baba,6
4707,babət,6
4708,barilahim,6
4709,barmaq,6
4710,batar,6
4711,batil,6
4712,batini,6
4713,baxdım,6
4714,baxdıqca,6
4715,baxsa,6
4716,baxtın,6
4717,bayramı,6
4718,bazarı,6
4719,bağban,6
4720,bağdad,6
4721,bağlanıb,6
4722,bağlar,6
4723,bağü,6
4724,bağından,6
4725,başinə,6
4726,başlayanda,6
4727,behiştin,6
4728,belədir,6
4729,beylə,6
4730,bidərd,6
4731,bildin,6
4732,bilgil,6
4733,bilmədilər,6
4734,bilsə,6
4735,bina,6
4736,birbaşa,6
4737,bisəbəb,6
4738,bisərü,6
4739,bivǝfa,6
4740,biyabana,6
4741,bizdə,6
4742,bol,6
4743,boyandı,6
4744,bulmadım,6
4745,buxağın,6
4746,buyurub,6
4747,buzov,6
4748,bülbülü,6
4749,bülbülə,6
4750,büsbütün,6
4751,bəhanə,6
4752,bəhrində,6
4753,bəladə,6
4754,bəndin,6
4755,bəydən,6
4756,bəyənmişəm,6
4757,bəzənibdir,6
4758,bәs,6
4759,c4,6
4760,camalından,6
4761,cananı,6
4762,canımda,6
4763,cavabı,6
4764,cavid,6
4765,cila,6
4766,cilvələnib,6
4767,cismimə,6
4768,cisminə,6
4769,cövri,6
4770,cövründən,6
4771,cəhan,6
4772,cəmali,6
4773,cəmi,6
4774,cəmiyyət,6
4775,cəmiyyəti,6
4776,cənnətdən,6
4777,dalbadal,6
4778,dalğa,6
4779,dalında,6
4780,damənin,6
4781,darını,6
4782,dastanı,6
4783,dayanmaq,6
4784,dağıdan,6
4785,dağıtsın,6
4786,deyirsən,6
4787,deyənə,6
4788,dilində,6
4789,dilinə,6
4790,dilli,6
4791,dinini,6
4792,divanı,6
4793,divi,6
4794,dolan,6
4795,dolar,6
4796,don,6
4797,dostdan,6
4798,doymaq,6
4799,doğar,6
4800,doğdu,6
4801,doğrudur,6
4802,duran,6
4803,duzlu,6
4804,duzəxə,6
4805,döndüyüm,6
4806,dönür,6
4807,dür,6
4808,düyə,6
4809,düzgün,6
4810,düzüb,6
4811,düzən,6
4812,düşdün,6
4813,düşməsin,6
4814,dəfinə,6
4815,dəhrdən,6
4816,dəlil,6
4817,dələr,6
4818,dəniz,6
4819,dərbani,6
4820,dərdimin,6
4821,dərindən,6
4822,dərsin,6
4823,dəstinə,6
4824,dəstəsi,6
4825,dəyirmanın,6
4826,dəyməsin,6
4827,dеdiyini,6
4828,dеyərdi,6
4829,e,6
4830,e2,6
4831,edǝr,6
4832,edərlər,6
4833,ehtiyac,6
4834,elədim,6
4835,eləyin,6
4836,eləyirdi,6
4837,eləyə,6
4838,enmiş,6
4839,erkək,6
4840,etmədin,6
4841,etmərəm,6
4842,evini,6
4843,eyləsən,6
4844,eyvanı,6
4845,eşidəndə,6
4846,eşitmək,6
4847,eşqim,6
4848,faydası,6
4849,firqət,6
4850,fərmanı,6
4851,fəryadü,6
4852,fərzanə,6
4853,gahdan,6
4854,geldin,6
4855,getdin,6
4856,guş,6
4857,gördükcə,6
4858,görməyib,6
4859,görübsən,6
4860,görünməz,6
4861,göstərib,6
4862,göylər,6
4863,göyçədən,6
4864,göyçəni,6
4865,göyərçin,6
4866,güclü,6
4867,güldür,6
4868,gülgun,6
4869,gülüstani,6
4870,gülşənə,6
4871,günləri,6
4872,günəşin,6
4873,günəşə,6
4874,gǝlür,6
4875,gəldikcə,6
4876,gəlinin,6
4877,gəlsən,6
4878,gərdi,6
4879,gərdunə,6
4880,gərdəndə,6
4881,gərdəninə,6
4882,gərm,6
4883,gətirin,6
4884,gətirə,6
4885,gеdirsən,6
4886,gеtmək,6
4887,haldan,6
4888,haqdı,6
4889,havasında,6
4890,heyrətdə,6
4891,heyva,6
4892,heyvanı,6
4893,hicranə,6
4894,hicrdə,6
4895,hidayət,6
4896,hilalə,6
4897,huşdan,6
4898,huşyar,6
4899,hökmdar,6
4900,hökmran,6
4901,hökmün,6
4902,hönkür,6
4903,hörmətlə,6
4904,hünərin,6
4905,hüsndə,6
4906,hüsnin,6
4907,hüsnündə,6
4908,hǝmişǝ,6
4909,həcvi,6
4910,hədisi,6
4911,hədər,6
4912,həmdəmi,6
4913,həqi,6
4914,hərgah,6
4915,hətta,6
4916,həzin,6
4917,hеyran,6
4918,idilər,6
4919,idisə,6
4920,ikrah,6
4921,ilah,6
4922,ilqar,6
4923,ilədir,6
4924,imana,6
4925,incidir,6
4926,incimə,6
4927,intizarım,6
4928,irdi,6
4929,iri,6
4930,irməz,6
4931,isa,6
4932,isbatın,6
4933,isti,6
4934,istəmir,6
4935,istəmə,6
4936,istərlər,6
4937,istəyirdi,6
4938,ixlas,6
4939,iyidi,6
4940,izzü,6
4941,izzət,6
4942,izzətin,6
4943,işimiz,6
4944,işinə,6
4945,işıq,6
4946,kainat,6
4947,kamalda,6
4948,keçmiş,6
4949,keçməz,6
4950,keçəndən,6
4951,kimsədə,6
4952,kirpiyi,6
4953,kisənin,6
4954,kuhkən,6
4955,körpü,6
4956,küfri,6
4957,kürd,6
4958,kürsü,6
4959,küsmüşəm,6
4960,kəbədən,6
4961,kəfən,6
4962,kəlmədə,6
4963,kəmtər,6
4964,kənara,6
4965,kəndlərə,6
4966,kərəmi,6
4967,kəsdilər,6
4968,kəsdə,6
4969,kəsilməz,6
4970,kəsilər,6
4971,kəsən,6
4972,kеçibdi,6
4973,lafi,6
4974,lam,6
4975,libas,6
4976,lillah,6
4977,loğmana,6
4978,lü,6
4979,lütfün,6
4980,lǝblǝrin,6
4981,ləbinə,6
4982,ləhzədə,6
4983,lətif,6
4984,lеyli,6
4985,mahım,6
4986,malından,6
4987,mara,6
4988,maralı,6
4989,mehdi,6
4990,meydə,6
4991,meylim,6
4992,mikayılın,6
4993,minin,6
4994,misali,6
4995,mollanın,6
4996,muhamməd,6
4997,muradı,6
4998,muyi,6
4999,möhnətdən,6
5000,möhnətə,6
5001,mövc,6
5002,müjganın,6
5003,mülkün,6
5004,müqərrər,6
5005,mürüvvət,6
5006,müshəf,6
5007,müxalif,6
5008,müştaqə,6
5009,müəttər,6
5010,mǝnǝ,6
5011,məclisin,6
5012,məcnunə,6
5013,məcruh,6
5014,mədinə,6
5015,məhbubi,6
5016,məhü,6
5017,məktub,6
5018,mələksən,6
5019,mənası,6
5020,mənimçün,6
5021,məqsədi,6
5022,mərdlərin,6
5023,mərhəməti,6
5024,məscidi,6
5025,məskəni,6
5026,məsləhət,6
5027,məsəldir,6
5028,məyus,6
5029,məşuq,6
5030,na,6
5031,nafeyi,6
5032,nagəhan,6
5033,nakəs,6
5034,nal,6
5035,namərdə,6
5036,ndən,6
5037,necǝ,6
5038,neyləsin,6
5039,neyçin,6
5040,nihali,6
5041,niku,6
5042,nisbəti,6
5043,nitqin,6
5044,nizam,6
5045,nizami,6
5046,nizamı,6
5047,niçün,6
5048,nişanı,6
5049,nəccar,6
5050,nəfi,6
5051,nəfsin,6
5052,nəhan,6
5053,nəimi,6
5054,nələr,6
5055,nəqşü,6
5056,nəzərindən,6
5057,odda,6
5058,olaraq,6
5059,olgil,6
5060,ollam,6
5061,olmaqdan,6
5062,olmayıb,6
5063,olmazmı,6
5064,oluban,6
5065,oluruq,6
5066,ot,6
5067,oturma,6
5068,ov,6
5069,oğlum,6
5070,oğlun,6
5071,pa,6
5072,padşah,6
5073,pakizə,6
5074,paltarını,6
5075,palçıq,6
5076,parlaq,6
5077,payimal,6
5078,peymanə,6
5079,pulunu,6
5080,pünhana,6
5081,pənahı,6
5082,pənahım,6
5083,pənd,6
5084,pərdədən,6
5085,pərişanın,6
5086,pərt,6
5087,pəs,6
5088,pеşkəş,6
5089,pеşman,6
5090,qabili,6
5091,qalib,6
5092,qalmışdı,6
5093,qalsa,6
5094,qapı,6
5095,qardaşım,6
5096,qarnında,6
5097,qarının,6
5098,qarşıda,6
5099,qarşımda,6
5100,qayda,6
5101,qayım,6
5102,qaz,6
5103,qaşına,6
5104,qaşını,6
5105,qeyrdən,6
5106,qibləgahımdır,6
5107,qiymətini,6
5108,qolu,6
5109,qonaqlar,6
5110,qorxusundan,6
5111,qovar,6
5112,qoyar,6
5113,qoynu,6
5114,qoyunu,6
5115,qoyunun,6
5116,qumru,6
5117,quranı,6
5118,qurtarsın,6
5119,qurğu,6
5120,quyu,6
5121,qövlü,6
5122,qılur,6
5123,qırağında,6
5124,qızdarın,6
5125,qızılgül,6
5126,qədim,6
5127,qəflətdən,6
5128,qəfəsdə,6
5129,qəlbdən,6
5130,qələmi,6
5131,qələt,6
5132,qəmdir,6
5133,qəndü,6
5134,qərənfil,6
5135,qətlinə,6
5136,qəvi,6
5137,qəzəb,6
5138,qəzəl,6
5139,razılıq,6
5140,rey,6
5141,reydə,6
5142,ruyin,6
5143,ruzü,6
5144,rövnəqi,6
5145,rütbeyi,6
5146,rǝvan,6
5147,rəbbi,6
5148,rəha,6
5149,rəna,6
5150,rəncü,6
5151,rəngin,6
5152,rəqibi,6
5153,rəvac,6
5154,rəxti,6
5155,sabit,6
5156,sakini,6
5157,salaməleyküm,6
5158,sallanışın,6
5159,salmaq,6
5160,salmaz,6
5161,sandı,6
5162,sanmın,6
5163,sar,6
5164,satan,6
5165,satma,6
5166,saxlasın,6
5167,sayru,6
5168,sayı,6
5169,saçdı,6
5170,saçından,6
5171,sağalmaz,6
5172,sağın,6
5173,sevdayə,6
5174,sevdim,6
5175,seyrə,6
5176,sidrə,6
5177,sifat,6
5178,sil,6
5179,sirrinə,6
5180,siçanın,6
5181,sonsuz,6
5182,sultana,6
5183,sultandan,6
5184,suyunu,6
5185,sö,6
5186,söhbətə,6
5187,söylǝniz,6
5188,söylədilər,6
5189,söyləyən,6
5190,söyüş,6
5191,sözdə,6
5192,sözlü,6
5193,sözümün,6
5194,sözündən,6
5195,sübhi,6
5196,süd,6
5197,sünbülü,6
5198,sürur,6
5199,sürü,6
5200,süsən,6
5201,sığışmaz,6
5202,sǝndǝn,6
5203,sǝni,6
5204,səcdəgahımdır,6
5205,səfavü,6
5206,səhni,6
5207,səlamət,6
5208,sənindir,6
5209,sənlə,6
5210,sənətin,6
5211,sənətkar,6
5212,sərsəri,6
5213,sərvərim,6
5214,səy,6
5215,sоnra,6
5216,tacir,6
5217,tam,6
5218,tamah,6
5219,tapmadı,6
5220,tapmadım,6
5221,tatar,6
5222,taxıl,6
5223,tellərin,6
5224,tezdən,6
5225,tiz,6
5226,tiğindən,6
5227,tiğü,6
5228,toz,6
5229,tutduğun,6
5230,tutulmuş,6
5231,tüf,6
5232,tüfəngi,6
5233,tüfəngin,6
5234,tükəndi,6
5235,təala,6
5236,tədarükü,6
5237,təhqiq,6
5238,təhəri,6
5239,təklifi,6
5240,təndən,6
5241,təng,6
5242,tənimdə,6
5243,tənəzzül,6
5244,təqdir,6
5245,təqsir,6
5246,tərbiyət,6
5247,tərfi,6
5248,tərifin,6
5249,təsbih,6
5250,təxtü,6
5251,ucalır,6
5252,ulduzları,6
5253,ustada,6
5254,uyma,6
5255,uzaqdan,6
5256,uzatdı,6
5257,vahid,6
5258,valehü,6
5259,vaqifə,6
5260,vara,6
5261,varım,6
5262,varın,6
5263,varə,6
5264,vaxta,6
5265,vaxtına,6
5266,veribdir,6
5267,vilayǝt,6
5268,vurmadı,6
5269,vurmuş,6
5270,vücud,6
5271,vəbal,6
5272,vəfadən,6
5273,vəhdətin,6
5274,vərdi,6
5275,vəslə,6
5276,vətəndən,6
5277,vеrdilər,6
5278,vеrəcəm,6
5279,vеrər,6
5280,xabı,6
5281,xabə,6
5282,xala,6
5283,xalqı,6
5284,xanımı,6
5285,xari,6
5286,xasiyyət,6
5287,xassə,6
5288,xatirim,6
5289,xatirinə,6
5290,xeyirliklə,6
5291,xişm,6
5292,xoşa,6
5293,xoşam,6
5294,xunxar,6
5295,xurşidə,6
5296,xǝstǝ,6
5297,xələl,6
5298,xəstənin,6
5299,xətadır,6
5300,xətaiyəm,6
5301,xətayim,6
5302,xəyala,6
5303,xəyalı,6
5304,yalandır,6
5305,yalvarıram,6
5306,yanağından,6
5307,yandırıb,6
5308,yanımdan,6
5309,yaradar,6
5310,yaradır,6
5311,yarandı,6
5312,yaraşıqlı,6
5313,yarını,6
5314,yasin,6
5315,yaxdı,6
5316,yaxınlaşanda,6
5317,yaxşısı,6
5318,yaylaqda,6
5319,yayə,6
5320,yazda,6
5321,yazıbsan,6
5322,yazın,6
5323,yedilər,6
5324,yerü,6
5325,yetişər,6
5326,yolçunun,6
5327,yoxdan,6
5328,yoxsul,6
5329,yusifin,6
5330,yusifə,6
5331,yuva,6
5332,yüksək,6
5333,yüzə,6
5334,yıxan,6
5335,yıxılıb,6
5336,yığdı,6
5337,yеrdən,6
5338,yеrin,6
5339,yеtişməz,6
5340,zahirən,6
5341,zal,6
5342,zeynalabdın,6
5343,zimistan,6
5344,zin,6
5345,zirək,6
5346,ziyana,6
5347,zöhd,6
5348,zövqünü,6
5349,zəhr,6
5350,zəm,6
5351,zəmzəm,6
5352,zərq,6
5353,zərzibilə,6
5354,zəvalə,6
5355,ç,6
5356,çalır,6
5357,çarıq,6
5358,çatan,6
5359,çağırıblar,6
5360,çaşır,6
5361,çinü,6
5362,çiçək,6
5363,çövkan,6
5364,çıxsın,6
5365,çəkdiyin,6
5366,çəkibən,6
5367,çəkirdi,6
5368,çəkmiyə,6
5369,çən,6
5370,çəngi,6
5371,çətindir,6
5372,öldürəcək,6
5373,ölümdən,6
5374,ömrümü,6
5375,önündən,6
5376,öpdü,6
5377,öpüşdülər,6
5378,örtüyü,6
5379,öyrəndi,6
5380,öyrəndim,6
5381,özləri,6
5382,özümdən,6
5383,ünvan,6
5384,ürəyini,6
5385,ürəyinə,6
5386,üzr,6
5387,üzən,6
5388,üçü,6
5389,üşşaqi,6
5390,şairi,6
5391,şamama,6
5392,şanı,6
5393,şaxi,6
5394,şayəd,6
5395,şerim,6
5396,şeyin,6
5397,şeyxi,6
5398,şirinin,6
5399,şirvanə,6
5400,şiveyi,6
5401,şiəliyə,6
5402,şu,6
5403,şöhrəti,6
5404,şöləsi,6
5405,şövqü,6
5406,şümşad,6
5407,şǝha,6
5408,şəhdi,6
5409,şəhrinə,6
5410,şəksiz,6
5411,şəkərdən,6
5412,şəmə,6
5413,şərhü,6
5414,şərt,6
5415,şəxsə,6
5416,əbrü,6
5417,əda,6
5418,ədib,6
5419,ədli,6
5420,əfsus,6
5421,əhdi,6
5422,əhlin,6
5423,əhlini,6
5424,əhmədi,6
5425,əhvalın,6
5426,əlimlə,6
5427,əqlim,6
5428,əqlimi,6
5429,əritdi,6
5430,əsa,6
5431,əvəzinə,6
5432,əyyar,6
5433,əzabı,6
5434,еləyir,6
5435,еləyə,6
5436,еyləyib,6
5437,еşidəndə,6
5438,оlan,6
5439,оlsun,6
5440,хalın,6
5441,5,5
5442,acığı,5
5443,adamdı,5
5444,adamsan,5
5445,addadı,5
5446,adi,5
5447,adlarını,5
5448,afitabın,5
5449,ahimdən,5
5450,ahəngi,5
5451,alasan,5
5452,aldatdı,5
5453,allahdan,5
5454,allam,5
5455,almasın,5
5456,almış,5
5457,alın,5
5458,alǝmdǝ,5
5459,anan,5
5460,anasına,5
5461,anca,5
5462,anlar,5
5463,anınçün,5
5464,apara,5
5465,aparar,5
5466,apararam,5
5467,aparsın,5
5468,arasına,5
5469,ardınca,5
5470,arifi,5
5471,arizuyi,5
5472,artıb,5
5473,artıqdır,5
5474,arvadların,5
5475,arşın,5
5476,asandır,5
5477,aslanı,5
5478,asmağa,5
5479,astadan,5
5480,asırdı,5
5481,atasına,5
5482,atının,5
5483,atəşin,5
5484,axtarıb,5
5485,axund,5
5486,axıdar,5
5487,axıdır,5
5488,axırına,5
5489,axşamdan,5
5490,ayağında,5
5491,ayağının,5
5492,ayağə,5
5493,aydı,5
5494,ayinəyə,5
5495,ayrıdı,5
5496,ayında,5
5497,ayǝti,5
5498,azca,5
5499,açam,5
5500,ağacda,5
5501,ağbulaq,5
5502,ağkilsədə,5
5503,ağlama,5
5504,ağlamaqdan,5
5505,ağsaqqalları,5
5506,aşiqinə,5
5507,aşkara,5
5508,aşü,5
5509,ba,5
5510,babi,5
5511,balıq,5
5512,barmağı,5
5513,barədə,5
5514,bavər,5
5515,baxdılar,5
5516,baxmaq,5
5517,baxmaz,5
5518,baxsam,5
5519,baxsan,5
5520,baxsın,5
5521,baxırdı,5
5522,bayquş,5
5523,bayrama,5
5524,bazari,5
5525,bağlamanın,5
5526,bağrımın,5
5527,bağına,5
5528,başla,5
5529,başımıza,5
5530,başının,5
5531,be,5
5532,behiştə,5
5533,belini,5
5534,belinə,5
5535,beyt,5
5536,bi,5
5537,bihəmdillah,5
5538,bilirsənmi,5
5539,bilmiş,5
5540,bilmədin,5
5541,bilməyib,5
5542,bilsəydim,5
5543,bilənlər,5
5544,biləydi,5
5545,binadan,5
5546,birəhm,5
5547,bixud,5
5548,biyaban,5
5549,bizimlə,5
5550,bizləri,5
5551,bizlərə,5
5552,boran,5
5553,boynunu,5
5554,boyundan,5
5555,boşa,5
5556,brahim,5
5557,btida,5
5558,bulmaq,5
5559,bulmaz,5
5560,bulut,5
5561,bunnan,5
5562,burdan,5
5563,busitan,5
5564,buğda,5
5565,bü,5
5566,büküb,5
5567,bülbüləm,5
5568,bədgüman,5
5569,bədzat,5
5570,bədənin,5
5571,bəhr,5
5572,bəhrü,5
5573,bəhrə,5
5574,bəhsi,5
5575,bəlasın,5
5576,bəng,5
5577,bəni,5
5578,bəqa,5
5579,bərabərdir,5
5580,bərin,5
5581,bəsər,5
5582,bətər,5
5583,bəxil,5
5584,bəyistan,5
5585,bəzmin,5
5586,bəşiri,5
5587,bеl,5
5588,cahü,5
5589,camaatın,5
5590,camdan,5
5591,canandan,5
5592,cavanları,5
5593,cavanşir,5
5594,ci,5
5595,cismini,5
5596,cizginir,5
5597,cuşa,5
5598,cöngə,5
5599,cövhər,5
5600,cüzi,5
5601,cədəl,5
5602,cəfayi,5
5603,cəhanə,5
5604,cəmal,5
5605,cəng,5
5606,cənnətdə,5
5607,dadə,5
5608,daireyi,5
5609,dairə,5
5610,dalda,5
5611,daldala,5
5612,dalı,5
5613,dalın,5
5614,dalından,5
5615,damın,5
5616,darül,5
5617,dayanmaz,5
5618,dayaq,5
5619,dağda,5
5620,dağları,5
5621,dağıdır,5
5622,dağılan,5
5623,dağılandan,5
5624,dağılır,5
5625,daşdan,5
5626,daşnaxlar,5
5627,demişlər,5
5628,demən,5
5629,deməz,5
5630,desələr,5
5631,deyəm,5
5632,deyərlər,5
5633,dibində,5
5634,didarinə,5
5635,didarın,5
5636,didarə,5
5637,dilbǝr,5
5638,dilbǝrin,5
5639,dilcavabı,5
5640,dildarım,5
5641,dilgir,5
5642,dilimdən,5
5643,dilinin,5
5644,dillənib,5
5645,dillənmədi,5
5646,dilsiz,5
5647,dindən,5
5648,dinin,5
5649,dir,5
5650,diri,5
5651,dizim,5
5652,dizinə,5
5653,dişləri,5
5654,dolanım,5
5655,doldurdu,5
5656,doldurub,5
5657,dostların,5
5658,dostu,5
5659,dostum,5
5660,doğrusu,5
5661,dud,5
5662,dul,5
5663,duruban,5
5664,durun,5
5665,dutmuş,5
5666,duzəx,5
5667,döndəribsən,5
5668,döndərmənəm,5
5669,dönəm,5
5670,dövranım,5
5671,dövrünü,5
5672,döy,5
5673,döydü,5
5674,dözmək,5
5675,döşə,5
5676,dünyayi,5
5677,dürci,5
5678,düyü,5
5679,düş,5
5680,düşmǝn,5
5681,düşmək,5
5682,düşvar,5
5683,dǝr,5
5684,dǝrdü,5
5685,dǝrman,5
5686,dəfn,5
5687,dəhanı,5
5688,dəhrə,5
5689,dəlili,5
5690,dəllək,5
5691,dənə,5
5692,dərdimdən,5
5693,dərgah,5
5694,dərgəhi,5
5695,dərmana,5
5696,dərmanım,5
5697,dərsi,5
5698,dəryalarda,5
5699,dəryanı,5
5700,dərü,5
5701,dəyirman,5
5702,dəyişdi,5
5703,dəyişib,5
5704,dəyişməz,5
5705,dеgil,5
5706,dеmədi,5
5707,dеmək,5
5708,dеməli,5
5709,dеyirdilər,5
5710,dеyirlər,5
5711,dеyirsən,5
5712,dоst,5
5713,edibsən,5
5714,edəcəksən,5
5715,edərkən,5
5716,edərsə,5
5717,eldə,5
5718,elmdə,5
5719,etdiyi,5
5720,etdiyim,5
5721,etmişdir,5
5722,etmən,5
5723,evinin,5
5724,evlərinə,5
5725,eylǝr,5
5726,eylədiyin,5
5727,eyləgil,5
5728,eylərdi,5
5729,eylərlər,5
5730,eyləyəm,5
5731,eynim,5
5732,eynimə,5
5733,eynin,5
5734,eşitmişəm,5
5735,eşqilə,5
5736,eşqinin,5
5737,eşqinǝ,5
5738,eşqü,5
5739,fi,5
5740,fikrü,5
5741,firavan,5
5742,fitneyi,5
5743,fürqan,5
5744,füzuliyə,5
5745,fǝda,5
5746,fəlsəfə,5
5747,fələkə,5
5748,fər,5
5749,fəraqından,5
5750,fərağından,5
5751,fərd,5
5752,fərqi,5
5753,fəryadın,5
5754,fərşi,5
5755,fərəh,5
5756,gecəm,5
5757,gecəni,5
5758,gedibdi,5
5759,gedibdir,5
5760,gedərəm,5
5761,getdim,5
5762,getmişdi,5
5763,getmək,5
5764,getsinmi,5
5765,gil,5
5766,girdabi,5
5767,giriftari,5
5768,girmiş,5
5769,girən,5
5770,gög,5
5771,göndərərəm,5
5772,gördüyün,5
5773,görməsəm,5
5774,görməyəndə,5
5775,görənin,5
5776,görənlər,5
5777,göstərə,5
5778,göstərən,5
5779,gövhərbar,5
5780,gövhərim,5
5781,göydǝ,5
5782,göylərin,5
5783,göyü,5
5784,göyərib,5
5785,gözlǝrim,5
5786,gözləmə,5
5787,gözlərimdən,5
5788,gözlərimə,5
5789,gözümdǝn,5
5790,gözəllik,5
5791,gözəllərə,5
5792,gücün,5
5793,gülüb,5
5794,gülüstanın,5
5795,gülüstanə,5
5796,güləndə,5
5797,günbədi,5
5798,gündüzüm,5
5799,günortadan,5
5800,güzgü,5
5801,gəlibən,5
5802,gələm,5
5803,gələni,5
5804,gələnin,5
5805,gəmi,5
5806,gənc,5
5807,gəncineyi,5
5808,gənclik,5
5809,gəncədə,5
5810,gərdəni,5
5811,gərdənində,5
5812,gərdənli,5
5813,gətirmişdi,5
5814,gətirməz,5
5815,gəzdirir,5
5816,gəzdirəndə,5
5817,gəşt,5
5818,gеdir,5
5819,gеdəcəm,5
5820,gеdəndə,5
5821,gеdərəm,5
5822,gеtməyə,5
5823,hamımız,5
5824,hamısının,5
5825,harama,5
5826,hardadı,5
5827,hay,5
5828,heyhat,5
5829,heyrandır,5
5830,heyvanım,5
5831,heyət,5
5832,hicrandır,5
5833,hicrə,5
5834,hilalın,5
5835,hirman,5
5836,hirs,5
5837,hökumət,5
5838,hörməti,5
5839,hümməti,5
5840,hüseynə,5
5841,hüsnündən,5
5842,hüşyar,5
5843,hǝyat,5
5844,hədisini,5
5845,həlak,5
5846,həmd,5
5847,həna,5
5848,hərami,5
5849,hərf,5
5850,həris,5
5851,hərlənər,5
5852,hərzə,5
5853,həsar,5
5854,həsrətəm,5
5855,həvəsdə,5
5856,həyyi,5
5857,həzrət,5
5858,həştü,5
5859,hеsaba,5
5860,ibrət,5
5861,icad,5
5862,ilana,5
5863,ildən,5
5864,imdad,5
5865,imran,5
5866,imtahan,5
5867,inna,5
5868,insandı,5
5869,insanın,5
5870,insü,5
5871,inək,5
5872,irağa,5
5873,irfan,5
5874,istiğna,5
5875,istədilər,5
5876,istərsə,5
5877,istəyənlər,5
5878,isǝn,5
5879,ittifaq,5
5880,ixtiyarı,5
5881,ixtiyarım,5
5882,ixtiyarın,5
5883,iyirmi,5
5884,içə,5
5885,işindən,5
5886,işlədi,5
5887,işlərə,5
5888,işvə,5
5889,işığı,5
5890,kamalın,5
5891,kamalına,5
5892,kami,5
5893,kamiran,5
5894,kasıb,5
5895,kazım,5
5896,keçsin,5
5897,keşik,5
5898,kilki,5
5899,kimsən,5
5900,kitabın,5
5901,kitabını,5
5902,kişini,5
5903,kişvər,5
5904,kişvəri,5
5905,konlum,5
5906,koroğlu,5
5907,ku,5
5908,kökü,5
5909,kökünü,5
5910,könülə,5
5911,körpə,5
5912,kötük,5
5913,kövsəri,5
5914,köysündə,5
5915,köçüb,5
5916,küdurət,5
5917,küfrə,5
5918,kün,5
5919,küp,5
5920,kəbir,5
5921,kəl,5
5922,kəlbəcərin,5
5923,kəlisadən,5
5924,kəlməsi,5
5925,kəmənd,5
5926,kənarə,5
5927,kəndini,5
5928,kərim,5
5929,kərəmli,5
5930,kəsbi,5
5931,kəsdən,5
5932,kəsim,5
5933,kəskin,5
5934,kəşf,5
5935,kеçmişəm,5
5936,kеçsə,5
5937,lahi,5
5938,libasın,5
5939,liqa,5
5940,llər,5
5941,lövhündə,5
5942,ləbindir,5
5943,ləblərindən,5
5944,ləblərinin,5
5945,ləfzi,5
5946,ləm,5
5947,mahal,5
5948,mahalında,5
5949,mahü,5
5950,mala,5
5951,malım,5
5952,malını,5
5953,manəndi,5
5954,mayil,5
5955,maşallah,5
5956,mehmandır,5
5957,mehrabə,5
5958,meydani,5
5959,meydanə,5
5960,meyü,5
5961,minbər,5
5962,mindilər,5
5963,miqdar,5
5964,mum,5
5965,munis,5
5966,musanın,5
5967,mustafanın,5
5968,muğan,5
5969,möcüzat,5
5970,möcüzə,5
5971,mötad,5
5972,mötədil,5
5973,mövcə,5
5974,mükərrər,5
5975,mürid,5
5976,mürvət,5
5977,müsəlmanlar,5
5978,müsəxxər,5
5979,müvafiq,5
5980,mǝsti,5
5981,məcbur,5
5982,məclisinin,5
5983,məcnundan,5
5984,məcnunu,5
5985,mədhuş,5
5986,məhzun,5
5987,məhşərdə,5
5988,məkanın,5
5989,məktəb,5
5990,məktəbi,5
5991,məlamətdən,5
5992,mələyi,5
5993,məmur,5
5994,mənzilin,5
5995,məqbuli,5
5996,məqdur,5
5997,məqsudi,5
5998,məqsudə,5
5999,məqsəd,5
6000,mərdin,5
6001,mərdümü,5
6002,mərifətdə,5
6003,mərifəti,5
6004,məryəmin,5
6005,məryəmə,5
6006,məstanə,5
6007,mətləi,5
6008,məva,5
6009,məxzəni,5
6010,məğrurluq,5
6011,məşhuri,5
6012,məəttəl,5
6013,mеydan,5
6014,mеydanı,5
6015,nagahan,5
6016,nainsaf,5
6017,nalələr,5
6018,namusu,5
6019,natəvanın,5
6020,nazil,5
6021,nağıdı,5
6022,naşı,5
6023,netəkim,5
6024,neçǝ,5
6025,neçəsi,5
6026,nigah,5
6027,nihanım,5
6028,nitq,5
6029,nitqi,5
6030,nunü,5
6031,nura,5
6032,nuşirəvan,5
6033,nöh,5
6034,nöqteyi,5
6035,nöqtə,5
6036,nükteyi,5
6037,nüma,5
6038,nəbinin,5
6039,nəcat,5
6040,nədəndi,5
6041,nəhəng,5
6042,nəinki,5
6043,nəmaz,5
6044,nəqdin,5
6045,nəqşin,5
6046,nərgiz,5
6047,nəsimidir,5
6048,nəsimitək,5
6049,nəsimiyi,5
6050,nəsimiyə,5
6051,nəsli,5
6052,nəva,5
6053,nəxli,5
6054,nəzr,5
6055,nəğmə,5
6056,nəğmələr,5
6057,nəşvü,5
6058,oddan,5
6059,oddur,5
6060,odlandı,5
6061,odlarə,5
6062,oduyla,5
6063,olanın,5
6064,olarlar,5
6065,olasınız,5
6066,olaydım,5
6067,olayım,5
6068,olmayasan,5
6069,olmazdı,5
6070,olmuşuq,5
6071,olsalar,5
6072,olublar,5
6073,olunub,5
6074,onlarda,5
6075,onlardan,5
6076,onnar,5
6077,onnarın,5
6078,otağı,5
6079,otur,5
6080,oturdu,5
6081,oxları,5
6082,oxumuşam,5
6083,oxusun,5
6084,oxuyaq,5
6085,oxuyub,5
6086,oynasın,5
6087,oğluna,5
6088,padişah,5
6089,padişahı,5
6090,paltarın,5
6091,pamal,5
6092,parlayar,5
6093,payın,5
6094,payəndaz,5
6095,peyki,5
6096,pişiyi,5
6097,pişiyin,5
6098,plov,5
6099,polad,5
6100,pünhani,5
6101,pədər,5
6102,pəjmürdə,5
6103,pələng,5
6104,pərizad,5
6105,qabağından,5
6106,qadiri,5
6107,qafa,5
6108,qaladı,5
6109,qalasan,5
6110,qaldır,5
6111,qalmaya,5
6112,qalmayıb,5
6113,qalxır,5
6114,qanadı,5
6115,qandı,5
6116,qanır,5
6117,qapını,5
6118,qapısında,5
6119,qarabağın,5
6120,qardaşların,5
6121,qarğı,5
6122,qarışdırma,5
6123,qarşıma,5
6124,qarşında,5
6125,qatdı,5
6126,qaydasıdır,5
6127,qaytarar,5
6128,qayğanaq,5
6129,qayıdıb,5
6130,qaçdım,5
6131,qaşında,5
6132,qeyd,5
6133,qeydi,5
6134,qeyrəti,5
6135,qismətin,5
6136,qocanı,5
6137,qonaqları,5
6138,qonağın,5
6139,qonşudan,5
6140,qopdu,5
6141,qorxmayın,5
6142,qorxmaz,5
6143,qoyanda,5
6144,qoydun,5
6145,qoymadılar,5
6146,qoymuşdu,5
6147,qozqara,5
6148,qula,5
6149,qulağın,5
6150,qulunam,5
6151,qurbandır,5
6152,qurbanıyam,5
6153,qurdu,5
6154,qurrey,5
6155,qurtarmaz,5
6156,quşun,5
6157,qönçənin,5
6158,qövli,5
6159,qüdrətli,5
6160,qürur,5
6161,qüssəyə,5
6162,qüsur,5
6163,qüvvət,5
6164,qırılıb,5
6165,qızlardan,5
6166,qızların,5
6167,qəbuli,5
6168,qəfəsdən,5
6169,qəlbimdə,5
6170,qələmin,5
6171,qərbin,5
6172,qəsri,5
6173,qəssal,5
6174,qətrəsi,5
6175,qəzanın,5
6176,rahəti,5
6177,ram,5
6178,razılaşdı,5
6179,rifət,5
6180,rindü,5
6181,ruhu,5
6182,ruzgar,5
6183,ruzigarın,5
6184,ruzə,5
6185,rəfiqim,5
6186,rəftar,5
6187,rəhbər,5
6188,rəhimdən,5
6189,rənginə,5
6190,rəngü,5
6191,rəqibin,5
6192,rəvamıdır,5
6193,rəvandır,5
6194,rəğbətim,5
6195,rəşk,5
6196,saatda,5
6197,sail,5
6198,salanda,5
6199,salmışdır,5
6200,salıbdı,5
6201,salım,5
6202,samavar,5
6203,sanlı,5
6204,sanın,5
6205,saqiyə,5
6206,sarayından,5
6207,sata,5
6208,savabı,5
6209,sazlar,5
6210,sağdı,5
6211,sehri,5
6212,sevgili,5
6213,sevəndən,5
6214,seyl,5
6215,seylabi,5
6216,seçdi,5
6217,sidqin,5
6218,sidrəvü,5
6219,sifəti,5
6220,sihhət,5
6221,sim,5
6222,sini,5
6223,sinədə,5
6224,sipehri,5
6225,sirişki,5
6226,siyasət,5
6227,skəndəri,5
6228,smayılı,5
6229,soruşur,5
6230,soydu,5
6231,stəyirsən,5
6232,sultanə,5
6233,sureyi,5
6234,surətinə,5
6235,syd,5
6236,söyüdlü,5
6237,sözdəri,5
6238,sübut,5
6239,sükut,5
6240,sürüb,5
6241,süxən,5
6242,sındı,5
6243,səbəbinə,5
6244,sədası,5
6245,səddi,5
6246,səddə,5
6247,sədparə,5
6248,səfalı,5
6249,səfərdə,5
6250,səhrayi,5
6251,səksən,5
6252,səmən,5
6253,sənginə,5
6254,səninçün,5
6255,sənubər,5
6256,sənəma,5
6257,sənəmi,5
6258,sənəti,5
6259,səpən,5
6260,səpər,5
6261,sərimdən,5
6262,sərin,5
6263,səriri,5
6264,sərkərdəsi,5
6265,sərvim,5
6266,sərü,5
6267,səslə,5
6268,səxavətdə,5
6269,səyyarə,5
6270,sеvda,5
6271,tabü,5
6272,tamamladı,5
6273,taqi,5
6274,tat,5
6275,taxtın,5
6276,tayı,5
6277,tel,5
6278,tifl,5
6279,toprağə,5
6280,tor,5
6281,torpağın,5
6282,torpağında,5
6283,toyuna,5
6284,tulla,5
6285,turunc,5
6286,tutalım,5
6287,tutiya,5
6288,tutizəban,5
6289,tutmuşam,5
6290,tutmuşdu,5
6291,tutsun,5
6292,tutubdu,5
6293,tutubdur,5
6294,töhmət,5
6295,tökməyə,5
6296,tükənməz,5
6297,türkü,5
6298,tǝrk,5
6299,təaləllah,5
6300,təcəlla,5
6301,tədarük,5
6302,təhqiqi,5
6303,təhrində,5
6304,təhrir,5
6305,təklif,5
6306,tələf,5
6307,təmaşayi,5
6308,təngə,5
6309,təqlid,5
6310,tərdən,5
6311,təriq,5
6312,təriqət,5
6313,tərrar,5
6314,tərəfini,5
6315,tərəhhüm,5
6316,təsdiq,5
6317,təzim,5
6318,ucadan,5
6319,ucdan,5
6320,ulaqları,5
6321,ur,5
6322,utandı,5
6323,utanmaq,5
6324,uçdu,5
6325,uçub,5
6326,uşağa,5
6327,vaiz,5
6328,vaqifa,5
6329,varlı,5
6330,vaxtadək,5
6331,vaxtda,5
6332,vayə,5
6333,ve,5
6334,verməlisiniz,5
6335,verməsin,5
6336,vilayətdə,5
6337,visali,5
6338,vur,5
6339,vuruldu,5
6340,vəchində,5
6341,vədeyi,5
6342,vəhy,5
6343,vəl,5
6344,vəsfin,5
6345,vəsiyyət,5
6346,vət,5
6347,vеrdim,5
6348,vеrdin,5
6349,vеrsin,5
6350,xanımla,5
6351,xaqanı,5
6352,xara,5
6353,xarab,5
6354,xata,5
6355,xeyrin,5
6356,xidmətinə,5
6357,xirəd,5
6358,xosrov,5
6359,xosrovi,5
6360,xublər,5
6361,xudam,5
6362,xunxarə,5
6363,xuramanım,5
6364,xəbərim,5
6365,xəlqdən,5
6366,xətrini,5
6367,xətrinə,5
6368,xətt,5
6369,xətü,5
6370,xəyalilə,5
6371,xəyanət,5
6372,xəyatı,5
6373,yadigar,5
6374,yalandan,5
6375,yalvar,5
6376,yamandır,5
6377,yanma,5
6378,yanıb,5
6379,yanıma,5
6380,yanıq,5
6381,yanıram,5
6382,yaramaz,5
6383,yaran,5
6384,yarpağı,5
6385,yatıram,5
6386,yaxar,5
6387,yaxası,5
6388,yaxud,5
6389,yaxşıca,5
6390,yaylaqdan,5
6391,yazmaq,5
6392,yazını,5
6393,yemə,5
6394,yeməyə,5
6395,yenicə,5
6396,yenidən,5
6397,yerbəyer,5
6398,yerlərə,5
6399,yetdim,5
6400,yetim,5
6401,yetə,5
6402,yey,5
6403,yeyir,5
6404,yid,5
6405,yoldaşları,5
6406,yoldaşlarına,5
6407,yoldaşı,5
6408,yoldur,5
6409,yollar,5
6410,yuvasından,5
6411,yuxudan,5
6412,yönü,5
6413,yükü,5
6414,yükün,5
6415,yüngül,5
6416,yürəgim,5
6417,yüzlü,5
6418,yüzündǝ,5
6419,yüzündǝn,5
6420,yığılıb,5
6421,yığıncaq,5
6422,yǝqin,5
6423,yəğma,5
6424,yеrində,5
6425,yеtirən,5
6426,yеtişib,5
6427,yоla,5
6428,zail,5
6429,zamandan,5
6430,zaru,5
6431,zarı,5
6432,zatü,5
6433,zatı,5
6434,zatında,5
6435,zeynalabdından,5
6436,ziri,5
6437,zöhdü,5
6438,zülalın,5
6439,zülmətdə,5
6440,zəbanım,5
6441,zəfi,5
6442,zəfəran,5
6443,zəhərli,5
6444,zəlil,5
6445,zəmiyə,5
6446,zəncirinə,5
6447,zəncirə,5
6448,zərbindən,5
6449,zərd,5
6450,zərin,5
6451,zərqü,5
6452,çakər,5
6453,çaldılar,5
6454,çalmağa,5
6455,çalındı,5
6456,çapdı,5
6457,çareyi,5
6458,çağırtdırdı,5
6459,çaşqın,5
6460,çeşmə,5
6461,çöhreyi,5
6462,çıxarıb,5
6463,çıxdılar,5
6464,çıxmağa,5
6465,çıxmırdı,5
6466,çıxmışdı,5
6467,çəkdilər,5
6468,çəkibdir,5
6469,çəkilən,5
6470,çəkilər,5
6471,çəkirlər,5
6472,çəngü,5
6473,çərxin,5
6474,çərхi,5
6475,öl,5
6476,öldürüb,5
6477,ölmüş,5
6478,ölmək,5
6479,ölməsə,5
6480,ölsün,5
6481,ölsəm,5
6482,ölərəm,5
6483,ötən,5
6484,öylərinə,5
6485,öyə,5
6486,ülfəti,5
6487,ümmül,5
6488,ünü,5
6489,ürəkli,5
6490,üzər,5
6491,üçüncü,5
6492,üşşaqə,5
6493,şadiman,5
6494,şagird,5
6495,şahin,5
6496,şairəm,5
6497,şanına,5
6498,şerimin,5
6499,şeytani,5
6500,şim,5
6501,şindi,5
6502,şirvani,5
6503,şirəsi,5
6504,şur,5
6505,şuri,5
6506,şövkət,5
6507,şövkətü,5
6508,şükufə,5
6509,şəh,5
6510,şəhdü,5
6511,şəhid,5
6512,şəhrin,5
6513,şəhrində,5
6514,şəkk,5
6515,şəklini,5
6516,şələ,5
6517,şəmkir,5
6518,şəms,5
6519,şən,5
6520,şəni,5
6521,şərin,5
6522,şəriətdən,5
6523,şərəfi,5
6524,şеytana,5
6525,ǝbǝd,5
6526,ǝzǝldǝn,5
6527,əba,5
6528,əbdüləzim,5
6529,ədu,5
6530,ədə,5
6531,əhdə,5
6532,əhvalımı,5
6533,əkib,5
6534,əkin,5
6535,əladan,5
6536,əllərini,5
6537,ələmi,5
6538,ələsgərgilə,5
6539,ələst,5
6540,əmim,5
6541,əmrinə,5
6542,əməli,5
6543,əncam,5
6544,ənisim,5
6545,ənqa,5
6546,əri,5
6547,ərzim,5
6548,ərəb,5
6549,əsbabı,5
6550,əsirgəmə,5
6551,əsrarını,5
6552,əsədullaha,5
6553,əsədullahla,5
6554,ətir,5
6555,ətlaz,5
6556,əyağ,5
6557,əyib,5
6558,əyyam,5
6559,əzizi,5
6560,əzər,5
6561,еdir,5
6562,еləmişdi,5
6563,еləmə,5
6564,еləməyə,5
6565,еləyirəm,5
6566,еləyəndən,5
6567,еrkək,5
6568,еt,5
6569,еvində,5
6570,еylədim,5
6571,еyləyən,5
6572,еşidib,5
6573,оla,5
6574,хoş,5
